{"type":"FeatureCollection","features":[{"type":"Feature","properties":{"Shape_Leng":12.538796574,"Shape_Area":0.4415854832,"ADM2_EN":"Camarines Sur","ADM1_EN":"Region V","ADM0_EN":"Philippines (the)"},"geometry":{"coordinates":[[[123.298805,14.1288],[123.297654,14.127629],[123.29597,14.127585],[123.293297,14.127028],[123.290958,14.124529],[123.290413,14.122327],[123.291667,14.121221],[123.292336,14.119556],[123.293417,14.118101],[123.29507,14.116802],[123.296279,14.11662],[123.297445,14.114878],[123.299348,14.114762],[123.299982,14.113667],[123.303501,14.113056],[123.305279,14.111043],[123.30642,14.111382],[123.30727,14.109971],[123.308531,14.108932],[123.310389,14.105468],[123.310902,14.102593],[123.311917,14.102253],[123.312703,14.099948],[123.312422,14.09882],[123.313986,14.098533],[123.315164,14.095336],[123.315689,14.090819],[123.316421,14.089101],[123.317888,14.088697],[123.318886,14.089631],[123.320008,14.093425],[123.320357,14.097183],[123.323116,14.098156],[123.325869,14.098748],[123.32643,14.099698],[123.326568,14.101454],[123.325725,14.10323],[123.325419,14.105947],[123.327683,14.107041],[123.327981,14.108872],[123.327753,14.110497],[123.325726,14.111161],[123.325265,14.109687],[123.323485,14.108778],[123.321378,14.110051],[123.3204,14.112727],[123.321899,14.114324],[123.321498,14.115932],[123.319079,14.117591],[123.318838,14.119223],[123.317276,14.121498],[123.3141,14.123958],[123.311915,14.124669],[123.311232,14.124378],[123.309887,14.125566],[123.307964,14.12591],[123.307412,14.126739],[123.306139,14.126468],[123.304003,14.127204],[123.302265,14.12654],[123.299615,14.12712],[123.298805,14.1288]]],"type":"Polygon"},"id":"00616149c2affdeeccd0652e9ca3e57f"},{"type":"Feature","properties":{"Shape_Leng":12.538796574,"Shape_Area":0.4415854832,"ADM2_EN":"Camarines Sur","ADM1_EN":"Region V","ADM0_EN":"Philippines (the)"},"geometry":{"coordinates":[[[123.521061,13.988621],[123.520314,13.988565],[123.518336,13.987268],[123.517432,13.985711],[123.517006,13.981609],[123.516183,13.979568],[123.513362,13.978117],[123.513709,13.976829],[123.513258,13.975037],[123.5133,13.972567],[123.513851,13.97171],[123.516254,13.97268],[123.518312,13.974903],[123.520095,13.974591],[123.521477,13.976705],[123.523163,13.976621],[123.524702,13.978865],[123.526282,13.979875],[123.527673,13.984073],[123.526266,13.983089],[123.524799,13.982892],[123.522286,13.98458],[123.520824,13.986388],[123.52164,13.987629],[123.521061,13.988621]]],"type":"Polygon"},"id":"017bd97815d3add6bb193d3c2ea3cf50"},{"type":"Feature","properties":{"Shape_Leng":6.1439204171,"Shape_Area":0.17758777007,"ADM2_EN":"Camarines Norte","ADM1_EN":"Region V","ADM0_EN":"Philippines (the)"},"geometry":{"coordinates":[[[123.078449,14.070565],[123.078419,14.072027],[123.077781,14.073201],[123.075415,14.073396],[123.071143,14.072109],[123.069124,14.070803],[123.06784,14.069542],[123.06651,14.067546],[123.069484,14.065963],[123.072834,14.06491],[123.074716,14.064583],[123.076613,14.065124],[123.077398,14.065933],[123.078449,14.070565]]],"type":"Polygon"},"id":"0523d8bbf962e380cf9e936c7026ea7f"},{"type":"Feature","properties":{"Shape_Leng":12.6075227891,"Shape_Area":0.33149978607,"ADM2_EN":"Masbate","ADM1_EN":"Region V","ADM0_EN":"Philippines (the)"},"geometry":{"coordinates":[[[123.621868,12.693273],[123.620851,12.693527],[123.618506,12.692559],[123.615893,12.69091],[123.614798,12.69056],[123.613828,12.688453],[123.612116,12.688173],[123.611665,12.686531],[123.609886,12.684803],[123.610609,12.683771],[123.608922,12.681804],[123.60655,12.681571],[123.605343,12.682585],[123.604183,12.681905],[123.603555,12.68341],[123.6007,12.684318],[123.599563,12.682113],[123.599732,12.678637],[123.598812,12.67728],[123.600526,12.677099],[123.60186,12.675717],[123.601476,12.67371],[123.599595,12.671707],[123.600713,12.669938],[123.601625,12.669273],[123.603164,12.667088],[123.604419,12.6667],[123.604354,12.665175],[123.606165,12.661314],[123.607195,12.660296],[123.606696,12.659508],[123.607568,12.658338],[123.608615,12.658693],[123.609238,12.657485],[123.609072,12.654821],[123.609578,12.65432],[123.609163,12.65174],[123.609898,12.650128],[123.610763,12.647016],[123.611661,12.645019],[123.613429,12.642281],[123.612486,12.640563],[123.610708,12.641846],[123.609648,12.641614],[123.609034,12.640039],[123.609332,12.638541],[123.611318,12.636823],[123.612539,12.637165],[123.613237,12.638188],[123.614284,12.638297],[123.614659,12.636189],[123.615612,12.634811],[123.613538,12.633934],[123.610787,12.63476],[123.6087,12.634957],[123.60726,12.636259],[123.606991,12.637984],[123.607628,12.639184],[123.604963,12.642169],[123.603961,12.644123],[123.601645,12.644646],[123.59718,12.641729],[123.59517,12.640706],[123.594217,12.6385],[123.59473,12.63628],[123.595708,12.634378],[123.59464,12.633776],[123.593899,12.632002],[123.590829,12.632734],[123.590488,12.634842],[123.588971,12.636996],[123.588188,12.640336],[123.587259,12.642239],[123.585449,12.643933],[123.584196,12.646609],[123.583045,12.651174],[123.581667,12.650912],[123.580915,12.648645],[123.581623,12.647288],[123.581319,12.645648],[123.581597,12.643729],[123.582454,12.641714],[123.582335,12.637237],[123.582811,12.635829],[123.58211,12.633092],[123.580275,12.63142],[123.582071,12.630707],[123.58493,12.6278],[123.585537,12.625545],[123.586254,12.625053],[123.588245,12.619898],[123.589863,12.617823],[123.590165,12.615977],[123.592122,12.613008],[123.59266,12.609228],[123.593234,12.607893],[123.595292,12.605218],[123.597391,12.603393],[123.599406,12.60089],[123.599961,12.602525],[123.599709,12.603572],[123.598292,12.603907],[123.597627,12.604837],[123.598111,12.606577],[123.599808,12.607252],[123.600648,12.606939],[123.602485,12.607296],[123.607907,12.606765],[123.609112,12.608009],[123.61135,12.607054],[123.61092,12.605275],[123.611122,12.603413],[123.609966,12.600587],[123.610541,12.598785],[123.612556,12.596293],[123.613127,12.594925],[123.614008,12.591168],[123.614563,12.590061],[123.613977,12.588446],[123.612115,12.588384],[123.612723,12.586958],[123.614071,12.586311],[123.613706,12.584864],[123.614129,12.583385],[123.61611,12.582346],[123.617202,12.580796],[123.617698,12.579225],[123.61768,12.57696],[123.618715,12.575668],[123.620526,12.574764],[123.621991,12.573316],[123.622584,12.570968],[123.622522,12.569282],[123.621421,12.568008],[123.622255,12.565575],[123.62289,12.565608],[123.624097,12.56339],[123.623792,12.562311],[123.625112,12.559387],[123.627249,12.557794],[123.627795,12.556266],[123.630252,12.554665],[123.629804,12.553825],[123.63023,12.550929],[123.63239,12.550244],[123.634284,12.547488],[123.634567,12.546179],[123.63397,12.544432],[123.634784,12.542179],[123.636327,12.540999],[123.638566,12.54017],[123.641488,12.537958],[123.642263,12.537753],[123.644548,12.535751],[123.646023,12.535115],[123.648009,12.533425],[123.649497,12.532593],[123.650609,12.530357],[123.650328,12.527694],[123.651513,12.525035],[123.651756,12.523623],[123.652668,12.522066],[123.653815,12.521146],[123.656925,12.51968],[123.658107,12.518531],[123.658523,12.517219],[123.659645,12.516663],[123.661015,12.514277],[123.662595,12.513187],[123.663472,12.511543],[123.663264,12.509473],[123.663809,12.507982],[123.665186,12.506221],[123.66473,12.504926],[123.664947,12.499832],[123.665182,12.498698],[123.667297,12.495513],[123.667739,12.494182],[123.669524,12.493357],[123.670633,12.491137],[123.672174,12.490263],[123.674852,12.489323],[123.676342,12.488392],[123.677514,12.486471],[123.678498,12.486016],[123.682094,12.485459],[123.684896,12.484145],[123.685993,12.48287],[123.687019,12.480049],[123.686889,12.477736],[123.685899,12.472815],[123.684476,12.469941],[123.683533,12.466704],[123.683791,12.464685],[123.684699,12.463257],[123.686484,12.461709],[123.687878,12.459413],[123.692919,12.455016],[123.694826,12.453899],[123.69625,12.45205],[123.69996,12.448583],[123.702806,12.444702],[123.704417,12.439908],[123.706356,12.437533],[123.708569,12.435457],[123.709992,12.435187],[123.712692,12.435334],[123.714879,12.434499],[123.716042,12.432704],[123.716144,12.430828],[123.715807,12.42727],[123.721249,12.423631],[123.72308,12.422877],[123.723617,12.421631],[123.723555,12.419097],[123.723127,12.417404],[123.724087,12.414316],[123.723571,12.411451],[123.72423,12.409537],[123.724164,12.408197],[123.724782,12.406942],[123.727551,12.404133],[123.728027,12.402287],[123.729136,12.400863],[123.730824,12.399423],[123.733705,12.399478],[123.738394,12.397683],[123.739955,12.396668],[123.741993,12.394823],[123.746273,12.390337],[123.748233,12.387855],[123.750709,12.383458],[123.751818,12.382952],[123.753282,12.381186],[123.756406,12.378739],[123.758151,12.377087],[123.761819,12.37196],[123.764514,12.369721],[123.766821,12.367186],[123.768374,12.363773],[123.771146,12.360536],[123.77248,12.358521],[123.776504,12.354447],[123.779515,12.351001],[123.784145,12.343349],[123.788193,12.339109],[123.789777,12.338514],[123.790585,12.343092],[123.791446,12.344712],[123.794408,12.347685],[123.796788,12.347831],[123.795888,12.350168],[123.795452,12.353196],[123.795417,12.356078],[123.795862,12.358083],[123.796839,12.359358],[123.799562,12.36425],[123.799951,12.368844],[123.800561,12.37049],[123.800198,12.371638],[123.798467,12.372569],[123.798633,12.374501],[123.797072,12.374812],[123.79524,12.376465],[123.794038,12.376595],[123.792184,12.376097],[123.790591,12.373835],[123.789709,12.371483],[123.788094,12.370384],[123.784964,12.372323],[123.784953,12.372979],[123.786215,12.377319],[123.784565,12.37997],[123.785959,12.382786],[123.789517,12.38677],[123.790762,12.386606],[123.793201,12.389253],[123.792943,12.393946],[123.79245,12.395567],[123.792764,12.399269],[123.792199,12.402382],[123.791896,12.408151],[123.791318,12.409881],[123.789892,12.411108],[123.786157,12.413232],[123.782107,12.413679],[123.780008,12.413541],[123.779058,12.41408],[123.778036,12.41298],[123.776378,12.412429],[123.775473,12.412725],[123.774349,12.41431],[123.774027,12.416409],[123.77519,12.417453],[123.776635,12.417971],[123.778528,12.417611],[123.779867,12.418799],[123.781133,12.418981],[123.782754,12.420684],[123.782498,12.424824],[123.781084,12.428359],[123.778901,12.432194],[123.777111,12.437067],[123.775766,12.442409],[123.774885,12.447102],[123.774913,12.448547],[123.774108,12.451749],[123.773302,12.452514],[123.772086,12.454998],[123.772302,12.456712],[123.773225,12.458879],[123.773094,12.462031],[123.772484,12.4632],[123.769565,12.465411],[123.769288,12.46749],[123.769699,12.468597],[123.772139,12.470915],[123.773095,12.472804],[123.773168,12.473933],[123.772376,12.476287],[123.769603,12.47875],[123.767033,12.479455],[123.7658,12.480345],[123.76497,12.481637],[123.764291,12.484991],[123.764448,12.486846],[123.765453,12.488833],[123.766945,12.490792],[123.770021,12.492428],[123.769411,12.494287],[123.767107,12.49895],[123.764084,12.504249],[123.763611,12.50414],[123.761772,12.506508],[123.760526,12.509616],[123.758377,12.513894],[123.756241,12.517281],[123.755185,12.517938],[123.752312,12.516705],[123.750297,12.51652],[123.749376,12.518444],[123.751975,12.51942],[123.752701,12.521226],[123.754381,12.522963],[123.752997,12.527501],[123.751162,12.530445],[123.749768,12.530689],[123.748071,12.529587],[123.745441,12.530471],[123.741508,12.530135],[123.739557,12.531],[123.740051,12.532281],[123.744089,12.533063],[123.745678,12.534019],[123.746996,12.535475],[123.748517,12.537869],[123.747493,12.540033],[123.746781,12.540432],[123.744504,12.544889],[123.744202,12.546747],[123.743253,12.549123],[123.742283,12.55241],[123.741372,12.552663],[123.740465,12.554273],[123.739026,12.559422],[123.738216,12.5631],[123.738162,12.5649],[123.737313,12.568331],[123.736259,12.570395],[123.733784,12.570811],[123.730281,12.569416],[123.727561,12.570273],[123.725956,12.569399],[123.724368,12.569288],[123.723604,12.571337],[123.723241,12.573784],[123.721787,12.574888],[123.721715,12.576395],[123.720275,12.576747],[123.72062,12.578666],[123.722641,12.579909],[123.724873,12.579972],[123.726678,12.579412],[123.728275,12.579598],[123.730661,12.577687],[123.731142,12.576548],[123.732486,12.577866],[123.734545,12.579185],[123.735324,12.580206],[123.735632,12.583876],[123.734686,12.587401],[123.73248,12.593448],[123.730449,12.600386],[123.72781,12.607027],[123.727531,12.608368],[123.725326,12.614558],[123.723178,12.615867],[123.720477,12.614631],[123.716185,12.61421],[123.713549,12.611277],[123.712297,12.610928],[123.71151,12.609704],[123.708816,12.610741],[123.708233,12.61238],[123.708636,12.616975],[123.709344,12.618343],[123.711592,12.620701],[123.711482,12.621779],[123.708898,12.624727],[123.702684,12.628611],[123.694233,12.635164],[123.692046,12.638379],[123.687325,12.640103],[123.685958,12.640389],[123.684399,12.639151],[123.684832,12.637838],[123.683709,12.63697],[123.681628,12.637686],[123.680791,12.640102],[123.681693,12.641663],[123.680378,12.643381],[123.678918,12.643621],[123.675202,12.64296],[123.670974,12.644035],[123.666873,12.644224],[123.664325,12.64485],[123.661659,12.644816],[123.659735,12.646869],[123.657511,12.648242],[123.655395,12.648939],[123.653759,12.651194],[123.653165,12.653076],[123.652234,12.654648],[123.650053,12.656617],[123.64838,12.657702],[123.644015,12.663063],[123.643263,12.664846],[123.641328,12.667295],[123.640499,12.669343],[123.638995,12.670367],[123.638601,12.671792],[123.637052,12.672736],[123.636255,12.674435],[123.636731,12.675854],[123.634841,12.678585],[123.634346,12.681598],[123.633193,12.682543],[123.631206,12.685789],[123.631047,12.687026],[123.629229,12.688687],[123.62724,12.691543],[123.624915,12.693712],[123.621868,12.693273]]],"type":"Polygon"},"id":"091afc071516b1844c7a8510b9a4ab1c"},{"type":"Feature","properties":{"Shape_Leng":6.1439204171,"Shape_Area":0.17758777007,"ADM2_EN":"Camarines Norte","ADM1_EN":"Region V","ADM0_EN":"Philippines (the)"},"geometry":{"coordinates":[[[122.990101,14.435296],[122.989458,14.434432],[122.987007,14.433686],[122.98664,14.433126],[122.984755,14.432964],[122.985191,14.430888],[122.984861,14.429593],[122.985768,14.428172],[122.98716,14.429868],[122.990807,14.43139],[122.994793,14.431715],[122.99561,14.429825],[122.998252,14.429875],[122.99982,14.429582],[123.000456,14.428312],[123.003366,14.428298],[123.003177,14.429037],[123.005667,14.429628],[123.00847,14.429197],[123.009799,14.429798],[123.012826,14.429346],[123.013044,14.429997],[123.015017,14.430333],[123.015711,14.429604],[123.016742,14.430784],[123.013721,14.432287],[123.012741,14.430544],[123.010635,14.43028],[123.009848,14.431934],[123.007211,14.431549],[123.006584,14.43266],[123.005538,14.431765],[123.004314,14.432175],[123.002945,14.433344],[123.003391,14.434101],[123.002024,14.435318],[123.000825,14.434904],[122.999233,14.435189],[122.998583,14.434304],[122.999247,14.433143],[122.997776,14.432399],[122.995702,14.432157],[122.993835,14.432728],[122.991435,14.434711],[122.990101,14.435296]]],"type":"Polygon"},"id":"0ab8820c6fe325b8efb6ab421a00e730"},{"type":"Feature","properties":{"Shape_Leng":4.38779781402,"Shape_Area":0.12208236107,"ADM2_EN":"Catanduanes","ADM1_EN":"Region V","ADM0_EN":"Philippines (the)"},"geometry":{"coordinates":[[[124.26777,14.023181],[124.266661,14.022543],[124.26694,14.019579],[124.268418,14.0213],[124.26777,14.023181]]],"type":"Polygon"},"id":"0b4035c6b65fdb57055fdd331367fef5"},{"type":"Feature","properties":{"Shape_Leng":12.6075227891,"Shape_Area":0.33149978607,"ADM2_EN":"Masbate","ADM1_EN":"Region V","ADM0_EN":"Philippines (the)"},"geometry":{"coordinates":[[[123.21855,12.285073],[123.215102,12.284237],[123.213227,12.283106],[123.21397,12.282291],[123.216355,12.281646],[123.218451,12.283015],[123.22199,12.283912],[123.221368,12.284715],[123.21855,12.285073]]],"type":"Polygon"},"id":"0c4c95de8dc15c458907e61e80251e73"},{"type":"Feature","properties":{"Shape_Leng":12.538796574,"Shape_Area":0.4415854832,"ADM2_EN":"Camarines Sur","ADM1_EN":"Region V","ADM0_EN":"Philippines (the)"},"geometry":{"coordinates":[[[123.577753,13.969881],[123.575495,13.968507],[123.574456,13.965888],[123.572234,13.964433],[123.570532,13.964136],[123.570183,13.962327],[123.56923,13.962252],[123.568499,13.963708],[123.563816,13.963594],[123.563293,13.962936],[123.56477,13.960842],[123.5644,13.957754],[123.561868,13.959908],[123.560881,13.958203],[123.561034,13.95716],[123.559619,13.956053],[123.557946,13.956869],[123.556278,13.955316],[123.557234,13.954772],[123.559007,13.955881],[123.560524,13.954825],[123.561467,13.953333],[123.56395,13.95265],[123.564475,13.950972],[123.565901,13.950068],[123.566234,13.948667],[123.567085,13.948539],[123.568763,13.950989],[123.566977,13.951287],[123.565873,13.953601],[123.566903,13.953483],[123.569077,13.951803],[123.570017,13.950499],[123.567881,13.947988],[123.56654,13.945943],[123.568847,13.944054],[123.568526,13.942494],[123.567145,13.941793],[123.567541,13.93907],[123.568532,13.939156],[123.569906,13.938136],[123.570576,13.93646],[123.571869,13.93549],[123.571938,13.932738],[123.573838,13.932159],[123.574924,13.931274],[123.576405,13.933999],[123.576214,13.9354],[123.575141,13.937484],[123.575659,13.938774],[123.574222,13.940234],[123.571359,13.940964],[123.570413,13.9428],[123.570582,13.945233],[123.571923,13.945436],[123.572173,13.947709],[123.571563,13.948598],[123.573279,13.949733],[123.574709,13.947747],[123.575535,13.948688],[123.575607,13.950876],[123.577045,13.951607],[123.578163,13.953091],[123.577229,13.954081],[123.576734,13.957265],[123.575935,13.958384],[123.575758,13.961755],[123.576462,13.963771],[123.576476,13.965951],[123.577634,13.96784],[123.577753,13.969881]]],"type":"Polygon"},"id":"0d43b22ee1a2d9cfc55ca8d42322d283"},{"type":"Feature","properties":{"Shape_Leng":6.1439204171,"Shape_Area":0.17758777007,"ADM2_EN":"Camarines Norte","ADM1_EN":"Region V","ADM0_EN":"Philippines (the)"},"geometry":{"coordinates":[[[123.090407,14.091046],[123.08744,14.090081],[123.086664,14.087188],[123.085606,14.084449],[123.089201,14.084463],[123.091219,14.083563],[123.092418,14.081559],[123.093941,14.079883],[123.096273,14.08094],[123.095296,14.081817],[123.094944,14.085999],[123.091814,14.088742],[123.090407,14.091046]]],"type":"Polygon"},"id":"0d4dc6690e8d9fb426beeacbc9ad1c0c"},{"type":"Feature","properties":{"Shape_Leng":12.538796574,"Shape_Area":0.4415854832,"ADM2_EN":"Camarines Sur","ADM1_EN":"Region V","ADM0_EN":"Philippines (the)"},"geometry":{"coordinates":[[[123.83151,13.88122],[123.829074,13.881259],[123.828955,13.879306],[123.828414,13.877291],[123.826178,13.875933],[123.8259,13.874647],[123.824161,13.87342],[123.826603,13.872704],[123.827447,13.87209],[123.830931,13.872077],[123.832204,13.871679],[123.833236,13.869508],[123.834257,13.872111],[123.835877,13.874168],[123.835266,13.875898],[123.833733,13.878185],[123.832177,13.878508],[123.83151,13.88122]]],"type":"Polygon"},"id":"1031ad0b87656eb8973a378b7f129f3c"},{"type":"Feature","properties":{"Shape_Leng":12.538796574,"Shape_Area":0.4415854832,"ADM2_EN":"Camarines Sur","ADM1_EN":"Region V","ADM0_EN":"Philippines (the)"},"geometry":{"coordinates":[[[123.557958,13.993874],[123.557624,13.992602],[123.55657,13.991073],[123.553301,13.989921],[123.555103,13.987216],[123.555664,13.987799],[123.559277,13.986863],[123.560359,13.986019],[123.561686,13.986306],[123.564956,13.98292],[123.567131,13.980377],[123.567775,13.978502],[123.567982,13.975536],[123.571305,13.974264],[123.571608,13.972646],[123.573042,13.971154],[123.573986,13.971015],[123.574971,13.969192],[123.57723,13.971427],[123.57625,13.973949],[123.576627,13.975268],[123.57785,13.975984],[123.577226,13.977196],[123.5775,13.978998],[123.578759,13.979816],[123.580491,13.986111],[123.578269,13.985245],[123.576428,13.987397],[123.575363,13.986336],[123.577396,13.984212],[123.576803,13.983284],[123.575107,13.982425],[123.57328,13.982916],[123.570584,13.985511],[123.568376,13.986287],[123.567465,13.987569],[123.565337,13.987152],[123.562445,13.988021],[123.561354,13.99005],[123.560807,13.989709],[123.55894,13.990842],[123.5591,13.992323],[123.557958,13.993874]]],"type":"Polygon"},"id":"110106e240f90b3b40034714e3716219"},{"type":"Feature","properties":{"Shape_Leng":12.538796574,"Shape_Area":0.4415854832,"ADM2_EN":"Camarines Sur","ADM1_EN":"Region V","ADM0_EN":"Philippines (the)"},"geometry":{"coordinates":[[[123.838653,13.885522],[123.837327,13.886252],[123.835764,13.885236],[123.837067,13.883154],[123.836323,13.881267],[123.836479,13.87975],[123.835986,13.878566],[123.836465,13.877178],[123.839047,13.878685],[123.839719,13.883073],[123.841107,13.884511],[123.838653,13.885522]]],"type":"Polygon"},"id":"133b5db2a127368e3a0a0775739f034b"},{"type":"Feature","properties":{"Shape_Leng":12.538796574,"Shape_Area":0.4415854832,"ADM2_EN":"Camarines Sur","ADM1_EN":"Region V","ADM0_EN":"Philippines (the)"},"geometry":{"coordinates":[[[123.223699,13.970327],[123.224369,13.968775],[123.227611,13.966649],[123.229656,13.964056],[123.232612,13.962628],[123.233644,13.964146],[123.231482,13.965434],[123.230626,13.966561],[123.228313,13.967898],[123.226991,13.967968],[123.223699,13.970327]]],"type":"Polygon"},"id":"13d93f4097a0b3d87a846132ff5c1a33"},{"type":"Feature","properties":{"Shape_Leng":6.46106998989,"Shape_Area":0.16541690876,"ADM2_EN":"Sorsogon","ADM1_EN":"Region V","ADM0_EN":"Philippines (the)"},"geometry":{"coordinates":[[[123.835344,12.875076],[123.836114,12.874136],[123.838184,12.873233],[123.839078,12.873892],[123.837074,12.875066],[123.835344,12.875076]]],"type":"Polygon"},"id":"1b6870cb54311beacc527010fc11970c"},{"type":"Feature","properties":{"Shape_Leng":12.538796574,"Shape_Area":0.4415854832,"ADM2_EN":"Camarines Sur","ADM1_EN":"Region V","ADM0_EN":"Philippines (the)"},"geometry":{"coordinates":[[[123.907955,13.808362],[123.906577,13.806549],[123.90762,13.805521],[123.907955,13.808362]]],"type":"Polygon"},"id":"1da9a0e352f8cc902d15f6164953bf12"},{"type":"Feature","properties":{"Shape_Leng":12.538796574,"Shape_Area":0.4415854832,"ADM2_EN":"Camarines Sur","ADM1_EN":"Region V","ADM0_EN":"Philippines (the)"},"geometry":{"coordinates":[[[123.84095,13.847884],[123.839483,13.847865],[123.838255,13.847209],[123.837415,13.844399],[123.837867,13.843275],[123.839888,13.842061],[123.840834,13.84266],[123.841083,13.845271],[123.842709,13.84666],[123.84095,13.847884]]],"type":"Polygon"},"id":"1f1c01f75dc1ee4ae9e92a8fc1a84e3b"},{"type":"Feature","properties":{"Shape_Leng":12.538796574,"Shape_Area":0.4415854832,"ADM2_EN":"Camarines Sur","ADM1_EN":"Region V","ADM0_EN":"Philippines (the)"},"geometry":{"coordinates":[[[123.859155,13.967098],[123.858748,13.96651],[123.855295,13.965801],[123.85434,13.963786],[123.855215,13.96186],[123.854275,13.959773],[123.854187,13.958048],[123.856081,13.957944],[123.858003,13.958827],[123.858842,13.957713],[123.860955,13.957293],[123.860437,13.956395],[123.860384,13.953168],[123.859334,13.951216],[123.857962,13.95016],[123.858807,13.949154],[123.86061,13.95031],[123.86343,13.951379],[123.8656,13.951565],[123.866813,13.951099],[123.866911,13.949707],[123.868172,13.949382],[123.871311,13.950398],[123.869649,13.951906],[123.870501,13.953101],[123.869655,13.954198],[123.868413,13.953893],[123.867583,13.955718],[123.866622,13.955468],[123.864629,13.957367],[123.864214,13.958601],[123.864928,13.959338],[123.862718,13.961147],[123.862635,13.96193],[123.860939,13.962935],[123.859636,13.964954],[123.860605,13.96566],[123.859155,13.967098]]],"type":"Polygon"},"id":"1f79590c87fc0f5c5339cfa92fa89708"},{"type":"Feature","properties":{"Shape_Leng":4.38779781402,"Shape_Area":0.12208236107,"ADM2_EN":"Catanduanes","ADM1_EN":"Region V","ADM0_EN":"Philippines (the)"},"geometry":{"coordinates":[[[124.039132,14.032197],[124.03765,14.032093],[124.035923,14.031252],[124.036234,14.030161],[124.035187,14.028687],[124.034739,14.026745],[124.036752,14.024411],[124.037268,14.021114],[124.037393,14.018571],[124.036125,14.017946],[124.03882,14.016462],[124.038776,14.015266],[124.040442,14.014018],[124.041563,14.015338],[124.039764,14.01813],[124.041705,14.019326],[124.04391,14.01885],[124.045678,14.017],[124.045008,14.016031],[124.045375,14.014433],[124.047288,14.013651],[124.047555,14.015833],[124.049346,14.016673],[124.049884,14.018137],[124.049545,14.019461],[124.047547,14.019952],[124.046579,14.022131],[124.046895,14.025407],[124.048653,14.027878],[124.050782,14.028356],[124.051155,14.029058],[124.050833,14.031118],[124.049942,14.031973],[124.047952,14.031311],[124.04504,14.031695],[124.043792,14.029429],[124.03969,14.031204],[124.039132,14.032197]]],"type":"Polygon"},"id":"219c6b8cc7baedd08a6184172fb3e214"},{"type":"Feature","properties":{"Shape_Leng":12.538796574,"Shape_Area":0.4415854832,"ADM2_EN":"Camarines Sur","ADM1_EN":"Region V","ADM0_EN":"Philippines (the)"},"geometry":{"coordinates":[[[123.855816,13.882684],[123.855269,13.883592],[123.852812,13.882447],[123.852601,13.880726],[123.851201,13.880724],[123.850629,13.877695],[123.851324,13.875906],[123.85098,13.874958],[123.849783,13.874346],[123.848865,13.87275],[123.847312,13.871947],[123.845577,13.872562],[123.843212,13.871196],[123.842323,13.87014],[123.841571,13.866231],[123.840579,13.864875],[123.842638,13.862479],[123.842758,13.860607],[123.84348,13.859911],[123.844665,13.860932],[123.845068,13.862152],[123.84656,13.862289],[123.847272,13.861507],[123.846974,13.859112],[123.849431,13.856714],[123.85145,13.857001],[123.850807,13.858285],[123.849791,13.858729],[123.849766,13.861598],[123.848941,13.863363],[123.848891,13.864934],[123.850606,13.865569],[123.851492,13.869658],[123.850165,13.871259],[123.852132,13.872529],[123.852777,13.876271],[123.853872,13.877201],[123.853882,13.878302],[123.855042,13.879799],[123.857711,13.880097],[123.859018,13.881864],[123.858046,13.882895],[123.856896,13.881873],[123.855816,13.882684]]],"type":"Polygon"},"id":"2266835955768b0b90cc7e4d0ff5ecde"},{"type":"Feature","properties":{"Shape_Leng":12.6075227891,"Shape_Area":0.33149978607,"ADM2_EN":"Masbate","ADM1_EN":"Region V","ADM0_EN":"Philippines (the)"},"geometry":{"coordinates":[[[123.237051,12.601248],[123.235267,12.600604],[123.236351,12.599684],[123.238221,12.599238],[123.238662,12.596333],[123.238659,12.594173],[123.23755,12.591637],[123.234477,12.589958],[123.234058,12.589418],[123.23578,12.587839],[123.237123,12.587118],[123.236262,12.586035],[123.23724,12.584164],[123.236354,12.582144],[123.234766,12.581929],[123.234219,12.580861],[123.232223,12.579904],[123.234968,12.578345],[123.23635,12.577977],[123.237785,12.578275],[123.238655,12.576526],[123.241769,12.576569],[123.242537,12.575146],[123.243517,12.570993],[123.243024,12.569446],[123.243302,12.568289],[123.242949,12.565971],[123.245584,12.565554],[123.246706,12.566007],[123.247602,12.56463],[123.248514,12.564263],[123.249718,12.561486],[123.245599,12.561127],[123.243106,12.562026],[123.241402,12.561164],[123.240207,12.561436],[123.239946,12.560112],[123.240629,12.559565],[123.239943,12.558117],[123.241881,12.55732],[123.241916,12.553311],[123.240686,12.551706],[123.242394,12.549734],[123.242435,12.547772],[123.243399,12.545438],[123.24493,12.542768],[123.245201,12.540042],[123.246584,12.535386],[123.247208,12.534081],[123.24715,12.531435],[123.249757,12.52338],[123.249885,12.521087],[123.248818,12.519025],[123.248764,12.517339],[123.247927,12.516254],[123.247289,12.51437],[123.247952,12.510925],[123.249512,12.507318],[123.250823,12.502664],[123.250467,12.500788],[123.251421,12.494902],[123.251496,12.491317],[123.250846,12.490058],[123.250862,12.487956],[123.250102,12.486258],[123.250622,12.480384],[123.251552,12.475886],[123.252216,12.471496],[123.251685,12.466536],[123.251902,12.462969],[123.250838,12.461254],[123.251865,12.459648],[123.251032,12.456963],[123.253944,12.454968],[123.254337,12.453053],[123.255401,12.452885],[123.25731,12.454449],[123.260167,12.454896],[123.263441,12.454511],[123.265184,12.456265],[123.26563,12.457764],[123.267392,12.457645],[123.268416,12.456926],[123.270208,12.457599],[123.271798,12.455013],[123.273318,12.454268],[123.274383,12.451461],[123.275104,12.450472],[123.27586,12.447534],[123.273409,12.445729],[123.273655,12.444486],[123.278355,12.431292],[123.278579,12.431254],[123.285015,12.436885],[123.286193,12.438576],[123.287678,12.437286],[123.287377,12.435817],[123.286136,12.434781],[123.284867,12.431454],[123.28386,12.431519],[123.282427,12.429546],[123.280688,12.429322],[123.279034,12.427603],[123.276319,12.428231],[123.276271,12.42749],[123.277081,12.422781],[123.276185,12.421459],[123.276039,12.419605],[123.277712,12.419727],[123.279075,12.420514],[123.281234,12.420247],[123.282034,12.421629],[123.284064,12.422877],[123.28692,12.422792],[123.287632,12.421307],[123.287247,12.419368],[123.286182,12.418387],[123.286297,12.416595],[123.283571,12.415329],[123.283157,12.414044],[123.28623,12.413212],[123.286348,12.41175],[123.285149,12.410509],[123.283264,12.41018],[123.281716,12.409158],[123.281121,12.4063],[123.280359,12.405011],[123.279146,12.404833],[123.2785,12.402822],[123.279101,12.400782],[123.278788,12.39974],[123.277542,12.398672],[123.277099,12.396699],[123.27739,12.394008],[123.27705,12.392673],[123.274853,12.391827],[123.275239,12.38814],[123.27426,12.38601],[123.272594,12.385311],[123.271734,12.381541],[123.269028,12.380688],[123.268177,12.381446],[123.266781,12.381609],[123.265898,12.379298],[123.263621,12.379546],[123.263418,12.378781],[123.259296,12.376954],[123.263504,12.37336],[123.264093,12.372315],[123.263012,12.370518],[123.264829,12.369772],[123.265555,12.368037],[123.265124,12.366088],[123.263432,12.364457],[123.262651,12.361022],[123.26506,12.357315],[123.266304,12.354145],[123.264473,12.351719],[123.26548,12.350824],[123.265818,12.349337],[123.265508,12.348088],[123.264038,12.347275],[123.26206,12.34523],[123.263512,12.344712],[123.265075,12.345274],[123.267238,12.345492],[123.265428,12.343144],[123.266314,12.33979],[123.2644,12.335133],[123.266489,12.335326],[123.266885,12.333857],[123.264315,12.331526],[123.264088,12.330159],[123.262274,12.328767],[123.260228,12.328602],[123.258854,12.326492],[123.2557,12.323941],[123.256908,12.323281],[123.257595,12.321521],[123.257357,12.317879],[123.258438,12.316753],[123.256922,12.315633],[123.254385,12.316359],[123.252999,12.312759],[123.254855,12.31088],[123.252717,12.310439],[123.251002,12.309276],[123.250506,12.306563],[123.249177,12.304434],[123.246298,12.30144],[123.245863,12.298064],[123.246295,12.297104],[123.244982,12.295719],[123.243407,12.295962],[123.242733,12.294769],[123.243604,12.293513],[123.243531,12.291265],[123.24406,12.290198],[123.243298,12.289471],[123.241139,12.286202],[123.239564,12.285529],[123.239548,12.283626],[123.237344,12.282858],[123.236404,12.281348],[123.235349,12.280727],[123.231912,12.279988],[123.227715,12.279396],[123.228168,12.276546],[123.228136,12.274348],[123.227705,12.273069],[123.225932,12.272653],[123.222767,12.266754],[123.222716,12.263726],[123.222208,12.261039],[123.222751,12.259293],[123.222877,12.256254],[123.221544,12.25449],[123.221586,12.253323],[123.223161,12.253016],[123.224397,12.249995],[123.225472,12.248465],[123.225805,12.247114],[123.228035,12.24624],[123.230737,12.244591],[123.231678,12.243717],[123.23377,12.243153],[123.235359,12.240413],[123.232898,12.237011],[123.231117,12.236758],[123.227888,12.238356],[123.22531,12.238957],[123.223815,12.238431],[123.221962,12.239313],[123.220763,12.240529],[123.218758,12.240509],[123.216995,12.238999],[123.216995,12.237768],[123.218069,12.235688],[123.218291,12.232592],[123.218022,12.231889],[123.222533,12.22825],[123.225065,12.224817],[123.226399,12.222102],[123.226847,12.22052],[123.225675,12.220369],[123.225533,12.218574],[123.227777,12.217013],[123.230087,12.217724],[123.231284,12.218918],[123.232697,12.219503],[123.234319,12.220928],[123.240115,12.221772],[123.241206,12.222673],[123.242346,12.225048],[123.244244,12.226547],[123.245874,12.230786],[123.247952,12.232382],[123.250401,12.236079],[123.251089,12.238677],[123.251153,12.241829],[123.252256,12.24269],[123.25403,12.243008],[123.256216,12.242931],[123.258362,12.243948],[123.259867,12.245232],[123.261697,12.246068],[123.266835,12.244582],[123.271081,12.241728],[123.274991,12.237701],[123.276728,12.234546],[123.278802,12.232101],[123.28256,12.22549],[123.284505,12.220893],[123.285467,12.219182],[123.283933,12.217468],[123.285584,12.216752],[123.286526,12.215277],[123.290607,12.218063],[123.29153,12.219225],[123.291817,12.220559],[123.291577,12.223493],[123.291772,12.22624],[123.291399,12.22868],[123.291971,12.231766],[123.294496,12.235373],[123.29395,12.237108],[123.294235,12.23889],[123.297741,12.238297],[123.297853,12.236504],[123.299159,12.235606],[123.298986,12.234196],[123.297912,12.231348],[123.298617,12.228449],[123.29631,12.228033],[123.294939,12.226754],[123.295123,12.225072],[123.298531,12.223939],[123.300071,12.220866],[123.298282,12.22057],[123.301044,12.215883],[123.301582,12.214417],[123.299806,12.211533],[123.299299,12.209172],[123.297786,12.207142],[123.297887,12.206039],[123.300906,12.205841],[123.300337,12.204045],[123.29817,12.205727],[123.297862,12.203803],[123.297142,12.203859],[123.295304,12.205935],[123.294012,12.206274],[123.293828,12.204645],[123.292901,12.203077],[123.29132,12.201466],[123.289779,12.200915],[123.288379,12.198837],[123.28666,12.199116],[123.286591,12.200936],[123.285366,12.202861],[123.286078,12.204247],[123.286438,12.206435],[123.285869,12.206803],[123.285797,12.208585],[123.28435,12.211223],[123.285514,12.213838],[123.284698,12.213941],[123.282592,12.212837],[123.281122,12.211241],[123.280528,12.2094],[123.279548,12.209044],[123.27916,12.207308],[123.277984,12.204488],[123.276915,12.203638],[123.276069,12.204448],[123.275111,12.202777],[123.273226,12.20224],[123.272175,12.200022],[123.270866,12.19945],[123.269594,12.198173],[123.269133,12.195965],[123.268005,12.194722],[123.267878,12.192369],[123.267336,12.191561],[123.269023,12.190077],[123.267769,12.185458],[123.268286,12.184791],[123.271738,12.181911],[123.273344,12.180185],[123.276521,12.182032],[123.278396,12.180048],[123.280521,12.176045],[123.280502,12.175254],[123.282203,12.170487],[123.281255,12.17054],[123.282048,12.168087],[123.282415,12.165431],[123.281784,12.162622],[123.280854,12.160621],[123.279515,12.158789],[123.277491,12.157644],[123.277229,12.158428],[123.275125,12.159195],[123.273308,12.160288],[123.27253,12.161566],[123.270595,12.158185],[123.269108,12.156893],[123.267521,12.156473],[123.26628,12.157736],[123.265229,12.156536],[123.263526,12.153544],[123.262078,12.153066],[123.261159,12.153724],[123.260082,12.152829],[123.258981,12.153486],[123.257756,12.153035],[123.257347,12.151823],[123.255216,12.149629],[123.253142,12.148894],[123.251884,12.149535],[123.248184,12.146326],[123.247124,12.145084],[123.245198,12.141303],[123.242658,12.140459],[123.241592,12.137599],[123.240027,12.137981],[123.240992,12.135396],[123.243804,12.135509],[123.244449,12.132723],[123.24449,12.130957],[123.245786,12.130197],[123.248062,12.130499],[123.249431,12.12939],[123.248274,12.127638],[123.248535,12.127126],[123.250983,12.12686],[123.251044,12.125862],[123.247662,12.125495],[123.247045,12.124216],[123.246788,12.121699],[123.246047,12.120999],[123.244672,12.121452],[123.243168,12.120897],[123.24242,12.121961],[123.240629,12.121882],[123.23924,12.122283],[123.238835,12.123507],[123.236726,12.124481],[123.237188,12.122339],[123.236113,12.12089],[123.234022,12.120231],[123.230998,12.120005],[123.231,12.121858],[123.22795,12.123569],[123.226567,12.12643],[123.226352,12.130576],[123.226015,12.131935],[123.222881,12.131514],[123.219542,12.132561],[123.21764,12.131931],[123.218429,12.130992],[123.216634,12.12526],[123.216299,12.122815],[123.215765,12.121569],[123.213997,12.119206],[123.212273,12.115758],[123.211923,12.112327],[123.211127,12.108457],[123.210966,12.104541],[123.210563,12.100746],[123.210657,12.096572],[123.210254,12.094165],[123.207925,12.090845],[123.205603,12.085745],[123.205417,12.084762],[123.205711,12.078105],[123.205275,12.074012],[123.204726,12.070832],[123.205304,12.068669],[123.205894,12.064364],[123.205545,12.063724],[123.206247,12.061762],[123.205987,12.059159],[123.204852,12.056008],[123.201011,12.050291],[123.198326,12.047647],[123.195714,12.046157],[123.193439,12.044114],[123.192014,12.044152],[123.191934,12.04217],[123.1909,12.038541],[123.192013,12.037152],[123.192502,12.03569],[123.193995,12.034234],[123.194238,12.032028],[123.195858,12.026605],[123.196037,12.024564],[123.195525,12.018812],[123.195081,12.018374],[123.19346,12.013899],[123.192076,12.011461],[123.190222,12.009396],[123.187309,12.006823],[123.184366,12.005104],[123.18227,12.003374],[123.181171,12.001713],[123.180496,11.999128],[123.179211,11.996098],[123.177858,11.993541],[123.175367,11.990085],[123.172855,11.987133],[123.17161,11.986296],[123.169161,11.982389],[123.16874,11.981188],[123.165487,11.974697],[123.161761,11.968428],[123.16058,11.966809],[123.157931,11.965063],[123.157574,11.963391],[123.156302,11.961742],[123.157781,11.959155],[123.158193,11.956501],[123.157536,11.954135],[123.154342,11.94806],[123.15272,11.945286],[123.146753,11.940301],[123.145375,11.938749],[123.143773,11.9361],[123.142899,11.933836],[123.142534,11.930362],[123.143234,11.928427],[123.145009,11.92684],[123.146351,11.92458],[123.15102,11.92175],[123.154282,11.916587],[123.155965,11.912395],[123.158625,11.908187],[123.159775,11.905933],[123.161986,11.90469],[123.164921,11.903997],[123.166422,11.904045],[123.170281,11.906617],[123.172076,11.909211],[123.173895,11.911038],[123.176179,11.911969],[123.179292,11.912399],[123.181755,11.916545],[123.182086,11.918113],[123.183064,11.91994],[123.185178,11.925468],[123.1884,11.927976],[123.190043,11.927874],[123.190876,11.928804],[123.190014,11.930168],[123.191746,11.932793],[123.195079,11.936146],[123.198177,11.937921],[123.199358,11.93987],[123.203431,11.943693],[123.204564,11.94573],[123.203518,11.950339],[123.203014,11.953949],[123.206502,11.95412],[123.207892,11.95345],[123.208118,11.951246],[123.210551,11.950305],[123.216552,11.95258],[123.217985,11.951791],[123.220485,11.954201],[123.224587,11.956515],[123.230741,11.958021],[123.23144,11.957854],[123.233792,11.96007],[123.233797,11.961133],[123.234824,11.963362],[123.237618,11.965017],[123.239171,11.965403],[123.241924,11.967857],[123.24182,11.970494],[123.242389,11.971975],[123.244418,11.972918],[123.244292,11.974012],[123.245991,11.975132],[123.246923,11.974514],[123.247906,11.974934],[123.248109,11.976751],[123.248762,11.977207],[123.248879,11.978961],[123.249897,11.981395],[123.251739,11.981462],[123.251928,11.983327],[123.253208,11.985174],[123.2522,11.987875],[123.253002,11.990112],[123.255062,11.992374],[123.256422,11.994307],[123.259039,11.996875],[123.259547,11.998134],[123.262295,12.001566],[123.263369,12.003803],[123.267006,12.008331],[123.271412,12.01179],[123.273886,12.014013],[123.274588,12.014981],[123.276424,12.015376],[123.277754,12.016399],[123.279032,12.016037],[123.282826,12.016954],[123.2882,12.017538],[123.289638,12.017345],[123.291377,12.018554],[123.29274,12.020262],[123.293981,12.02076],[123.295747,12.022336],[123.29682,12.022442],[123.298736,12.025879],[123.300286,12.02681],[123.302049,12.0285],[123.302772,12.03023],[123.302838,12.031767],[123.301778,12.033403],[123.300669,12.033883],[123.300296,12.035834],[123.301674,12.036037],[123.303617,12.035576],[123.305359,12.035967],[123.307161,12.037277],[123.307758,12.038701],[123.307198,12.040089],[123.30846,12.044007],[123.307998,12.045852],[123.311003,12.047076],[123.310528,12.047944],[123.314174,12.054961],[123.313297,12.058238],[123.314009,12.059671],[123.315326,12.059229],[123.317161,12.060699],[123.319116,12.063819],[123.320874,12.065902],[123.32115,12.067261],[123.320168,12.068041],[123.319131,12.070037],[123.317941,12.071454],[123.31647,12.072334],[123.316419,12.073465],[123.315403,12.074715],[123.318423,12.074198],[123.318513,12.073248],[123.321118,12.071834],[123.321987,12.070517],[123.32428,12.070331],[123.324698,12.071934],[123.326088,12.072964],[123.326968,12.075604],[123.327849,12.07648],[123.327134,12.07757],[123.32751,12.079403],[123.330527,12.082552],[123.331124,12.083998],[123.332397,12.084871],[123.332992,12.086235],[123.331428,12.087701],[123.331598,12.089032],[123.332766,12.089118],[123.332729,12.090894],[123.334244,12.0915],[123.335499,12.094012],[123.337794,12.093256],[123.339815,12.094271],[123.341165,12.094307],[123.342952,12.091403],[123.343685,12.092303],[123.347559,12.095522],[123.349392,12.09627],[123.349068,12.097553],[123.351241,12.097463],[123.35407,12.0987],[123.356763,12.099134],[123.359123,12.101156],[123.360258,12.102897],[123.363009,12.103587],[123.363861,12.105227],[123.366451,12.106704],[123.367984,12.108554],[123.368164,12.110384],[123.369937,12.111621],[123.371461,12.111893],[123.372208,12.114676],[123.373742,12.117005],[123.373894,12.119407],[123.374776,12.121829],[123.376042,12.122486],[123.37649,12.123614],[123.379359,12.125814],[123.381636,12.128772],[123.3814,12.13078],[123.385966,12.136209],[123.386037,12.137357],[123.388464,12.139779],[123.388789,12.141107],[123.38844,12.142511],[123.389514,12.144364],[123.390983,12.145188],[123.393743,12.14735],[123.394366,12.149149],[123.397531,12.152558],[123.399146,12.155388],[123.400192,12.157798],[123.401313,12.159178],[123.400276,12.160139],[123.402941,12.162263],[123.405541,12.165776],[123.40831,12.16811],[123.410617,12.17166],[123.413885,12.173786],[123.415006,12.175327],[123.415832,12.178398],[123.418746,12.180384],[123.420352,12.183512],[123.421342,12.187698],[123.421792,12.188568],[123.423555,12.189573],[123.423657,12.19267],[123.424665,12.194944],[123.42593,12.196941],[123.42724,12.199691],[123.430416,12.202521],[123.435279,12.204488],[123.436445,12.204102],[123.438632,12.205506],[123.440351,12.205869],[123.443435,12.205928],[123.445769,12.207177],[123.446623,12.208487],[123.448716,12.209482],[123.451561,12.210152],[123.456062,12.210033],[123.46004,12.210924],[123.463892,12.211409],[123.469279,12.211655],[123.47405,12.211712],[123.480333,12.211363],[123.485443,12.210787],[123.48663,12.212803],[123.486774,12.215324],[123.488304,12.216556],[123.492211,12.21726],[123.498652,12.217595],[123.498167,12.218673],[123.503196,12.217327],[123.508232,12.21665],[123.510998,12.216769],[123.521334,12.214971],[123.532293,12.21283],[123.534586,12.211733],[123.537663,12.210628],[123.538372,12.21239],[123.539771,12.21332],[123.540439,12.21181],[123.540117,12.208393],[123.540914,12.205817],[123.541733,12.204339],[123.547145,12.199468],[123.552208,12.196529],[123.552284,12.194927],[123.555014,12.19252],[123.558414,12.187714],[123.562325,12.184097],[123.563354,12.182531],[123.564645,12.181642],[123.563598,12.179508],[123.563641,12.177646],[123.564898,12.17537],[123.565543,12.172429],[123.566792,12.170531],[123.56689,12.167467],[123.570433,12.16437],[123.574685,12.160986],[123.578462,12.157664],[123.579323,12.15734],[123.580452,12.158173],[123.580544,12.15608],[123.583402,12.153258],[123.586998,12.149406],[123.590818,12.144613],[123.591802,12.14299],[123.591737,12.142212],[123.59489,12.136318],[123.594301,12.131166],[123.595776,12.128199],[123.597949,12.12491],[123.598282,12.123903],[123.600615,12.119699],[123.600698,12.11846],[123.6019,12.116368],[123.601637,12.115932],[123.604674,12.109772],[123.606657,12.106722],[123.607262,12.105357],[123.606686,12.103826],[123.607944,12.103703],[123.610002,12.100307],[123.612036,12.095516],[123.614046,12.095732],[123.61325,12.093579],[123.611441,12.091743],[123.609942,12.089466],[123.607044,12.087607],[123.606872,12.086641],[123.605338,12.085113],[123.604037,12.08452],[123.602352,12.083099],[123.60124,12.081221],[123.601496,12.080285],[123.600154,12.079608],[123.600725,12.078047],[123.600758,12.076372],[123.60197,12.075056],[123.603504,12.074084],[123.605192,12.073852],[123.607848,12.072667],[123.608207,12.072992],[123.611737,12.071623],[123.612968,12.073015],[123.614076,12.073071],[123.622772,12.070704],[123.625091,12.070379],[123.627655,12.070394],[123.634045,12.072193],[123.637406,12.071281],[123.64189,12.068776],[123.641279,12.070616],[123.643728,12.073455],[123.646233,12.07829],[123.646996,12.079051],[123.647375,12.080879],[123.647081,12.082221],[123.648214,12.082331],[123.648442,12.080078],[123.649043,12.078999],[123.65015,12.079359],[123.654465,12.077233],[123.655642,12.076995],[123.657515,12.07755],[123.661922,12.080005],[123.661673,12.078931],[123.657329,12.075076],[123.654784,12.074417],[123.653882,12.073361],[123.651549,12.073947],[123.648921,12.072779],[123.647096,12.069984],[123.647078,12.068121],[123.643894,12.065132],[123.643024,12.065133],[123.641708,12.066779],[123.641109,12.065448],[123.64189,12.06294],[123.643551,12.059481],[123.646886,12.05337],[123.649744,12.047683],[123.652251,12.04522],[123.654099,12.043952],[123.655085,12.042834],[123.661933,12.039422],[123.664212,12.037302],[123.670399,12.034584],[123.670941,12.03356],[123.672622,12.032436],[123.6736,12.032547],[123.674637,12.031326],[123.677933,12.03031],[123.680403,12.028783],[123.681936,12.027345],[123.688544,12.023824],[123.690545,12.023542],[123.692861,12.024824],[123.693586,12.023305],[123.699185,12.020071],[123.700797,12.018523],[123.703367,12.016986],[123.70393,12.015116],[123.703533,12.013997],[123.705042,12.013738],[123.710234,12.009774],[123.713047,12.007229],[123.715945,12.004116],[123.715857,12.003384],[123.718749,12.000322],[123.72097,11.996855],[123.724209,11.992316],[123.728256,11.987239],[123.730245,11.985598],[123.731673,11.985104],[123.734015,11.985016],[123.735372,11.985549],[123.736616,11.98853],[123.738663,11.98806],[123.737863,11.985809],[123.741727,11.983737],[123.742213,11.982905],[123.74192,11.981283],[123.739529,11.981795],[123.737627,11.98181],[123.735397,11.981216],[123.732973,11.981167],[123.731375,11.980795],[123.730258,11.979386],[123.729602,11.977394],[123.728376,11.977275],[123.7279,11.97627],[123.7279,11.97429],[123.726151,11.973816],[123.725623,11.97233],[123.724786,11.971569],[123.723967,11.969341],[123.722533,11.968979],[123.719099,11.966052],[123.718116,11.964957],[123.717124,11.965082],[123.715317,11.96293],[123.715071,11.961583],[123.713926,11.959971],[123.713722,11.95758],[123.712254,11.957082],[123.711497,11.956134],[123.713906,11.954249],[123.71793,11.952576],[123.721023,11.950537],[123.723919,11.950302],[123.72481,11.949726],[123.726932,11.94736],[123.72847,11.945029],[123.727703,11.943307],[123.728621,11.94163],[123.727318,11.94089],[123.726325,11.938825],[123.724265,11.936577],[123.723716,11.934413],[123.721715,11.933443],[123.721802,11.931963],[123.724029,11.931052],[123.730613,11.930548],[123.738802,11.927075],[123.741119,11.925621],[123.742536,11.924358],[123.745006,11.92326],[123.746697,11.922167],[123.749052,11.922063],[123.749677,11.922521],[123.75202,11.922357],[123.756717,11.922593],[123.759472,11.923797],[123.760857,11.925156],[123.763391,11.925087],[123.764848,11.926708],[123.767548,11.926772],[123.768235,11.927181],[123.772076,11.924988],[123.775856,11.922507],[123.77905,11.921128],[123.781532,11.921612],[123.784874,11.921436],[123.787952,11.921795],[123.788724,11.922284],[123.791555,11.922524],[123.795954,11.922305],[123.798859,11.92178],[123.802628,11.920656],[123.809406,11.917882],[123.814685,11.916343],[123.817278,11.916364],[123.818194,11.914746],[123.82093,11.912991],[123.823117,11.912025],[123.825414,11.911497],[123.827172,11.91179],[123.830866,11.91166],[123.834443,11.911166],[123.838709,11.909778],[123.843028,11.908],[123.846369,11.906397],[123.854941,11.901737],[123.856189,11.900724],[123.859838,11.900807],[123.86114,11.900486],[123.860905,11.899256],[123.862261,11.898029],[123.872701,11.891225],[123.877138,11.887955],[123.881919,11.884106],[123.889841,11.876555],[123.893516,11.872022],[123.894458,11.869407],[123.895237,11.86812],[123.897125,11.866389],[123.904374,11.862531],[123.905195,11.86253],[123.906595,11.865263],[123.908526,11.865261],[123.911772,11.86586],[123.915556,11.865615],[123.918743,11.866794],[123.918809,11.865662],[123.920607,11.86553],[123.922211,11.86394],[123.925373,11.862283],[123.927001,11.861962],[123.928433,11.861069],[123.933428,11.857124],[123.936502,11.854418],[123.937075,11.853538],[123.940184,11.85101],[123.94628,11.843934],[123.947452,11.842165],[123.948862,11.84094],[123.953875,11.838056],[123.954031,11.837725],[123.961202,11.834325],[123.963894,11.832458],[123.966235,11.831475],[123.970192,11.829285],[123.975695,11.825317],[123.977948,11.823292],[123.980814,11.818879],[123.980799,11.817426],[123.982653,11.813819],[123.985344,11.812048],[123.987384,11.810211],[123.992018,11.807161],[123.996054,11.803506],[123.996606,11.802593],[124.000668,11.798456],[124.001747,11.797718],[124.007885,11.790937],[124.009895,11.788278],[124.012563,11.786021],[124.013814,11.78565],[124.013723,11.782972],[124.014117,11.781405],[124.016574,11.777431],[124.017204,11.775824],[124.018063,11.775008],[124.018114,11.773545],[124.019075,11.772562],[124.02054,11.768352],[124.023088,11.763792],[124.023526,11.762236],[124.02489,11.760718],[124.025957,11.75754],[124.026133,11.75541],[124.027291,11.753295],[124.027228,11.752615],[124.029878,11.748123],[124.0321,11.746443],[124.036424,11.741216],[124.040619,11.736403],[124.04257,11.734868],[124.045944,11.731673],[124.051228,11.726345],[124.053872,11.724139],[124.056084,11.723768],[124.059525,11.721076],[124.06177,11.721185],[124.063373,11.720484],[124.065977,11.721064],[124.067968,11.720701],[124.071218,11.723487],[124.072225,11.724873],[124.07356,11.730101],[124.073014,11.732859],[124.073314,11.736385],[124.07328,11.738818],[124.07455,11.740955],[124.073849,11.743438],[124.073274,11.747279],[124.071291,11.751056],[124.069045,11.75586],[124.06717,11.759243],[124.063432,11.766445],[124.061447,11.770567],[124.059329,11.775614],[124.05787,11.779878],[124.055807,11.787634],[124.055521,11.793164],[124.055264,11.795287],[124.055517,11.799458],[124.055275,11.802251],[124.055885,11.804851],[124.057603,11.808794],[124.05871,11.81038],[124.060227,11.814043],[124.061634,11.815083],[124.062922,11.81802],[124.063374,11.820099],[124.0643,11.821173],[124.06669,11.825238],[124.067453,11.828355],[124.066542,11.83248],[124.065732,11.833784],[124.065482,11.835399],[124.065835,11.837881],[124.065703,11.839536],[124.066484,11.842313],[124.068786,11.846804],[124.069654,11.847399],[124.069638,11.851908],[124.07009,11.852563],[124.068986,11.856262],[124.068086,11.857572],[124.06593,11.857079],[124.064786,11.857788],[124.064019,11.85941],[124.063839,11.86218],[124.062973,11.862568],[124.060952,11.865078],[124.058547,11.868593],[124.055865,11.873086],[124.055032,11.875285],[124.054787,11.877879],[124.053631,11.880695],[124.052523,11.880917],[124.051154,11.881976],[124.050834,11.88511],[124.048735,11.888494],[124.045944,11.89247],[124.045851,11.893459],[124.043841,11.89794],[124.041362,11.900273],[124.038388,11.904249],[124.037181,11.906195],[124.03534,11.912535],[124.033116,11.918347],[124.032152,11.918693],[124.031093,11.92033],[124.029568,11.923507],[124.028773,11.926526],[124.029044,11.928674],[124.029626,11.929868],[124.028283,11.933635],[124.028055,11.936221],[124.027987,11.940666],[124.026327,11.944972],[124.025137,11.949541],[124.02407,11.952105],[124.022285,11.954943],[124.020923,11.954981],[124.018494,11.951416],[124.017491,11.950963],[124.011857,11.951149],[124.011926,11.953455],[124.012906,11.955649],[124.010048,11.959808],[124.010164,11.961229],[124.01097,11.962465],[124.012106,11.962827],[124.012614,11.964259],[124.01131,11.966306],[124.012011,11.966849],[124.010545,11.968999],[124.010316,11.971199],[124.00783,11.971033],[124.006844,11.971919],[124.004022,11.973075],[124.00411,11.974449],[124.003346,11.976156],[124.000527,11.97744],[123.999377,11.977588],[123.997786,11.979493],[123.998546,11.981645],[123.997281,11.983156],[123.998396,11.983809],[123.997954,11.985699],[123.994059,11.986063],[123.991826,11.987692],[123.992443,11.989245],[123.993306,11.990026],[123.99275,11.991832],[123.993687,11.992496],[123.994546,11.994327],[123.996559,11.995603],[124.000906,11.999474],[124.000552,12.004128],[123.999029,12.005033],[123.998809,12.007133],[123.997654,12.008476],[123.997494,12.010508],[123.998378,12.012008],[123.999898,12.011394],[124.002409,12.01163],[124.004765,12.013472],[124.009103,12.01201],[124.010713,12.010906],[124.013121,12.008213],[124.0132,12.006937],[124.014849,12.005388],[124.015423,12.001187],[124.015168,11.999211],[124.01643,11.997934],[124.016741,11.996459],[124.016122,11.995022],[124.014298,11.994008],[124.014301,11.992781],[124.017061,11.988333],[124.01773,11.985183],[124.018388,11.984437],[124.022296,11.982061],[124.024865,11.978445],[124.027272,11.976813],[124.029264,11.975884],[124.030543,11.973995],[124.032455,11.97231],[124.035136,11.968303],[124.038261,11.965434],[124.04073,11.962305],[124.041124,11.960719],[124.043113,11.958425],[124.045224,11.953968],[124.044587,11.952086],[124.046206,11.949396],[124.048318,11.9477],[124.050626,11.9485],[124.05118,11.949328],[124.052198,11.953806],[124.052084,11.958678],[124.052481,11.96138],[124.051979,11.962504],[124.051836,11.965374],[124.052197,11.96766],[124.051723,11.968941],[124.050073,11.970385],[124.048882,11.971921],[124.045353,11.97485],[124.044925,11.976054],[124.041997,11.97953],[124.039534,11.98408],[124.038149,11.985927],[124.03728,11.988256],[124.035046,11.992133],[124.030899,11.99786],[124.030342,11.999738],[124.027291,12.004004],[124.022623,12.008189],[124.020241,12.010809],[124.017463,12.012635],[124.01532,12.015311],[124.013218,12.016287],[124.009929,12.019421],[124.006276,12.02399],[124.00228,12.03079],[124.002805,12.031649],[123.99731,12.039948],[123.997052,12.042277],[123.995394,12.046256],[123.993152,12.049132],[123.991739,12.049733],[123.990271,12.051445],[123.99088,12.05341],[123.987726,12.058123],[123.986448,12.061931],[123.984267,12.064813],[123.983478,12.067348],[123.981001,12.070676],[123.980168,12.073244],[123.97807,12.075333],[123.977551,12.076344],[123.976965,12.079204],[123.976332,12.080627],[123.976722,12.081673],[123.975978,12.082995],[123.975635,12.084938],[123.974301,12.085785],[123.973998,12.087406],[123.97209,12.08847],[123.971911,12.089891],[123.970826,12.09049],[123.969325,12.093504],[123.967728,12.095117],[123.965487,12.096511],[123.962356,12.099583],[123.962047,12.100388],[123.960474,12.100684],[123.958876,12.101906],[123.958187,12.102983],[123.955016,12.104812],[123.952479,12.107087],[123.949853,12.110325],[123.949235,12.114369],[123.948099,12.11727],[123.946942,12.119501],[123.946365,12.12229],[123.945114,12.123658],[123.943794,12.124358],[123.943176,12.125683],[123.94251,12.128937],[123.941488,12.129746],[123.939276,12.130132],[123.937937,12.131158],[123.936851,12.132738],[123.935975,12.135385],[123.935294,12.136209],[123.934666,12.139607],[123.93363,12.140999],[123.92877,12.142662],[123.92778,12.143376],[123.927142,12.145157],[123.925079,12.14706],[123.920895,12.150191],[123.918964,12.152221],[123.917262,12.155304],[123.917002,12.156839],[123.915882,12.159871],[123.914683,12.161477],[123.91235,12.163073],[123.909774,12.166354],[123.909332,12.167584],[123.910185,12.171246],[123.911776,12.174247],[123.912192,12.178617],[123.912095,12.179788],[123.910431,12.181485],[123.906661,12.182],[123.903729,12.1845],[123.902916,12.186039],[123.902134,12.188721],[123.902015,12.190592],[123.900213,12.191176],[123.898226,12.19338],[123.89891,12.194899],[123.897033,12.196605],[123.895789,12.197113],[123.896367,12.19834],[123.896031,12.20063],[123.896671,12.201929],[123.896112,12.204074],[123.896797,12.205343],[123.89594,12.207088],[123.892655,12.210642],[123.891131,12.211433],[123.887311,12.212095],[123.885651,12.21334],[123.886029,12.216149],[123.881523,12.219732],[123.875489,12.220722],[123.874142,12.221418],[123.872146,12.221591],[123.871777,12.220301],[123.869126,12.21837],[123.868441,12.216376],[123.86539,12.213555],[123.864933,12.212509],[123.865311,12.209456],[123.868126,12.206691],[123.868994,12.205507],[123.869617,12.201731],[123.868699,12.199879],[123.863762,12.195417],[123.859344,12.193643],[123.856705,12.193882],[123.85323,12.195024],[123.851205,12.197087],[123.850349,12.198577],[123.846774,12.203562],[123.844803,12.205468],[123.842267,12.210188],[123.842416,12.211503],[123.838948,12.217435],[123.837856,12.218611],[123.835177,12.222554],[123.832015,12.22617],[123.831326,12.227456],[123.828982,12.229487],[123.823174,12.235991],[123.820538,12.2372],[123.818512,12.237498],[123.814992,12.240274],[123.81426,12.241354],[123.810785,12.243184],[123.808634,12.243858],[123.806087,12.243635],[123.802471,12.244021],[123.79909,12.243862],[123.796573,12.24129],[123.795892,12.238297],[123.794856,12.23694],[123.791869,12.236048],[123.790112,12.236598],[123.787165,12.23639],[123.785487,12.232549],[123.784798,12.232644],[123.783443,12.230639],[123.782916,12.228965],[123.783307,12.227843],[123.781046,12.226152],[123.783043,12.223264],[123.782514,12.220937],[123.784585,12.218801],[123.785765,12.21501],[123.785451,12.214039],[123.786789,12.213355],[123.787202,12.211919],[123.788771,12.210275],[123.789525,12.207089],[123.791336,12.203001],[123.794327,12.20154],[123.793472,12.200668],[123.790591,12.201096],[123.788312,12.199756],[123.78828,12.198747],[123.789511,12.197297],[123.785115,12.196299],[123.783156,12.195272],[123.781252,12.197668],[123.779765,12.201296],[123.777968,12.202235],[123.776104,12.203975],[123.776761,12.206139],[123.77276,12.211955],[123.770271,12.212827],[123.769576,12.214586],[123.768478,12.215243],[123.767296,12.214954],[123.76517,12.216503],[123.764658,12.218646],[123.765578,12.220433],[123.766044,12.222415],[123.765206,12.223405],[123.764085,12.22681],[123.762135,12.228437],[123.761235,12.229859],[123.758901,12.232177],[123.757517,12.234548],[123.757976,12.235989],[123.757028,12.237927],[123.756928,12.240894],[123.755948,12.243335],[123.755529,12.246077],[123.753734,12.247427],[123.751442,12.246756],[123.751464,12.245422],[123.749816,12.244833],[123.749421,12.245861],[123.747482,12.247395],[123.747021,12.249581],[123.748051,12.251489],[123.74599,12.25141],[123.74442,12.252371],[123.744437,12.25437],[123.743345,12.25685],[123.741248,12.259405],[123.740474,12.260805],[123.739181,12.267017],[123.736573,12.270351],[123.735097,12.270586],[123.733112,12.271476],[123.730835,12.273347],[123.730097,12.274533],[123.729137,12.277486],[123.728464,12.28046],[123.727537,12.281259],[123.724954,12.282539],[123.723695,12.284029],[123.722711,12.287134],[123.721824,12.288578],[123.719687,12.290237],[123.718785,12.292738],[123.717532,12.294142],[123.7168,12.295849],[123.713839,12.297116],[123.712921,12.297985],[123.710351,12.299055],[123.709617,12.299924],[123.709089,12.3033],[123.710158,12.30582],[123.709752,12.307329],[123.705748,12.312864],[123.703107,12.315899],[123.703419,12.318717],[123.701374,12.322337],[123.698912,12.325351],[123.69747,12.327617],[123.69675,12.330615],[123.695529,12.331942],[123.693301,12.333531],[123.688951,12.335013],[123.687837,12.338156],[123.686579,12.340069],[123.684731,12.340801],[123.68133,12.340467],[123.67782,12.343198],[123.676145,12.344807],[123.673205,12.346679],[123.672052,12.347813],[123.669785,12.348805],[123.667765,12.348758],[123.666481,12.347964],[123.667661,12.346271],[123.668407,12.346042],[123.668636,12.344138],[123.667075,12.343529],[123.666065,12.342455],[123.66507,12.3424],[123.662717,12.343663],[123.661669,12.342338],[123.660197,12.341897],[123.655962,12.340031],[123.653333,12.341478],[123.651561,12.341347],[123.649541,12.342336],[123.649759,12.343963],[123.646592,12.346103],[123.645292,12.347926],[123.644163,12.348598],[123.643247,12.347906],[123.641722,12.349597],[123.640454,12.349951],[123.638833,12.35258],[123.639223,12.354123],[123.640581,12.355461],[123.641069,12.357031],[123.640081,12.358873],[123.638875,12.360159],[123.637568,12.360554],[123.637406,12.358943],[123.636605,12.357768],[123.634593,12.358756],[123.632645,12.360788],[123.633714,12.363494],[123.633604,12.365388],[123.633901,12.368905],[123.635927,12.369571],[123.636016,12.370454],[123.637361,12.371515],[123.637498,12.373304],[123.636485,12.374495],[123.634618,12.37576],[123.633377,12.375467],[123.63079,12.375851],[123.628386,12.376938],[123.627798,12.378259],[123.625774,12.37844],[123.624961,12.379024],[123.623259,12.378235],[123.622617,12.379119],[123.62138,12.379354],[123.620402,12.378113],[123.615842,12.375483],[123.615138,12.374364],[123.615466,12.372484],[123.615386,12.370264],[123.616543,12.367548],[123.618299,12.366559],[123.618535,12.365569],[123.619933,12.364732],[123.621469,12.36512],[123.620808,12.36302],[123.621046,12.361666],[123.61747,12.360259],[123.61577,12.360145],[123.615156,12.36178],[123.612933,12.362271],[123.611218,12.363391],[123.608482,12.363632],[123.606411,12.362037],[123.603818,12.361269],[123.603704,12.359848],[123.602945,12.358911],[123.600167,12.357881],[123.598904,12.355323],[123.597713,12.355487],[123.596224,12.354746],[123.595651,12.355365],[123.593994,12.355014],[123.592775,12.352777],[123.58995,12.353667],[123.588816,12.352193],[123.58549,12.354097],[123.582512,12.353233],[123.582412,12.354677],[123.580213,12.355091],[123.580861,12.356626],[123.581818,12.35749],[123.584416,12.357556],[123.58563,12.358579],[123.586586,12.358623],[123.587665,12.361117],[123.586962,12.363634],[123.586672,12.365855],[123.587246,12.368136],[123.585569,12.369652],[123.585683,12.37056],[123.587458,12.372225],[123.589937,12.376507],[123.59313,12.377726],[123.597566,12.378155],[123.600519,12.378924],[123.601958,12.379697],[123.603782,12.379392],[123.604972,12.377941],[123.608623,12.377128],[123.609911,12.378565],[123.609293,12.380297],[123.609989,12.382425],[123.608816,12.384048],[123.606073,12.385663],[123.601982,12.387471],[123.598302,12.38541],[123.595631,12.385565],[123.594446,12.386253],[123.593226,12.388111],[123.592632,12.389867],[123.594268,12.392319],[123.593376,12.39407],[123.593652,12.3949],[123.592738,12.396279],[123.591651,12.396731],[123.590601,12.398028],[123.589282,12.398779],[123.585874,12.401625],[123.584192,12.403399],[123.582082,12.404221],[123.581869,12.405395],[123.580698,12.406962],[123.578293,12.407235],[123.577215,12.406155],[123.575521,12.407074],[123.575698,12.409099],[123.574204,12.41057],[123.57125,12.410351],[123.569561,12.411924],[123.569787,12.41357],[123.571759,12.414685],[123.572395,12.415959],[123.571354,12.417553],[123.569182,12.417763],[123.56895,12.419349],[123.567318,12.421405],[123.567087,12.423432],[123.56457,12.425595],[123.564036,12.42761],[123.56551,12.428293],[123.566959,12.427668],[123.567756,12.428603],[123.567494,12.430914],[123.566204,12.432967],[123.565955,12.43415],[123.566056,12.436951],[123.56552,12.440066],[123.564406,12.444713],[123.563132,12.44792],[123.562029,12.452699],[123.560764,12.45468],[123.558621,12.456938],[123.556533,12.459969],[123.555948,12.46127],[123.554663,12.462505],[123.551987,12.462007],[123.548724,12.460174],[123.547357,12.459678],[123.54452,12.457373],[123.543491,12.454264],[123.543976,12.453066],[123.540942,12.450567],[123.538982,12.44978],[123.537691,12.448137],[123.536228,12.449184],[123.536596,12.450375],[123.537809,12.451165],[123.537852,12.45347],[123.538261,12.454333],[123.535942,12.455524],[123.534826,12.455657],[123.533062,12.454998],[123.526983,12.454994],[123.52317,12.455556],[123.521046,12.459021],[123.519364,12.46006],[123.516989,12.463529],[123.514532,12.46447],[123.510234,12.467854],[123.508314,12.46994],[123.508575,12.471355],[123.505618,12.472831],[123.502312,12.475625],[123.501581,12.473322],[123.500278,12.47316],[123.500181,12.471985],[123.499014,12.471999],[123.499416,12.474603],[123.496345,12.476065],[123.494888,12.478598],[123.491475,12.479654],[123.488861,12.48165],[123.487385,12.481759],[123.485114,12.483751],[123.484126,12.483722],[123.482052,12.484557],[123.478942,12.486618],[123.47896,12.487081],[123.474262,12.48907],[123.47268,12.491009],[123.470838,12.494617],[123.469199,12.496379],[123.466714,12.498215],[123.465506,12.500217],[123.465777,12.501694],[123.460041,12.505814],[123.45839,12.507632],[123.455605,12.508435],[123.453835,12.509749],[123.453506,12.510837],[123.451147,12.512424],[123.450022,12.513956],[123.443614,12.516936],[123.440607,12.51778],[123.440516,12.516922],[123.438162,12.516232],[123.435936,12.516754],[123.433819,12.517649],[123.433471,12.518461],[123.431224,12.51933],[123.429665,12.518888],[123.427643,12.518945],[123.426416,12.518446],[123.424149,12.518495],[123.424215,12.517633],[123.423014,12.516579],[123.421921,12.516772],[123.422289,12.519725],[123.420813,12.520452],[123.418486,12.520725],[123.415676,12.520486],[123.414796,12.518843],[123.414297,12.516039],[123.412638,12.515804],[123.410798,12.517131],[123.41082,12.519491],[123.410101,12.52152],[123.407916,12.522359],[123.407375,12.522996],[123.404281,12.522996],[123.403359,12.522411],[123.401174,12.519883],[123.400978,12.518944],[123.399778,12.517891],[123.399304,12.515666],[123.397748,12.513164],[123.396739,12.513955],[123.395713,12.512373],[123.394263,12.51221],[123.390137,12.512346],[123.387464,12.511562],[123.386111,12.509988],[123.385371,12.507424],[123.383328,12.506787],[123.382446,12.507359],[123.381385,12.50968],[123.380088,12.51032],[123.379768,12.508981],[123.377786,12.508273],[123.375095,12.508191],[123.374104,12.506984],[123.370948,12.505728],[123.370399,12.504643],[123.372306,12.503202],[123.371493,12.499291],[123.372799,12.498751],[123.371941,12.497279],[123.371774,12.495558],[123.368223,12.494313],[123.368841,12.492562],[123.370476,12.491087],[123.373799,12.491269],[123.375581,12.490872],[123.375503,12.48779],[123.376101,12.486412],[123.374508,12.484661],[123.374083,12.483223],[123.374535,12.48186],[123.37579,12.481404],[123.377611,12.48156],[123.378244,12.478802],[123.376128,12.477811],[123.376886,12.476045],[123.374838,12.475113],[123.37475,12.473793],[123.377137,12.472831],[123.378084,12.47311],[123.379548,12.472168],[123.379963,12.469937],[123.381432,12.467353],[123.382879,12.465838],[123.380559,12.465879],[123.379513,12.46454],[123.378164,12.464221],[123.37558,12.466672],[123.373193,12.466954],[123.372236,12.46912],[123.371174,12.466579],[123.369257,12.46585],[123.36669,12.466973],[123.36607,12.468293],[123.364499,12.46984],[123.362549,12.471216],[123.361789,12.469572],[123.362557,12.468324],[123.362006,12.466634],[123.358885,12.464966],[123.357291,12.462792],[123.35522,12.461543],[123.352859,12.459594],[123.35045,12.458674],[123.349781,12.457176],[123.347523,12.456067],[123.347035,12.454783],[123.348188,12.453114],[123.350306,12.453358],[123.351748,12.454241],[123.352645,12.453625],[123.352639,12.452426],[123.34968,12.450637],[123.348999,12.448569],[123.348757,12.446332],[123.347938,12.444312],[123.349563,12.442225],[123.349305,12.440278],[123.348212,12.439165],[123.348258,12.437578],[123.34562,12.437285],[123.345085,12.43821],[123.34553,12.441537],[123.343397,12.442641],[123.342516,12.440927],[123.339407,12.441034],[123.336021,12.443146],[123.336491,12.445364],[123.335626,12.446397],[123.334644,12.446521],[123.334049,12.447585],[123.332876,12.447149],[123.333589,12.44599],[123.332644,12.445162],[123.332811,12.443801],[123.334739,12.443327],[123.333922,12.442364],[123.334695,12.441103],[123.333377,12.439809],[123.333875,12.438227],[123.331814,12.436266],[123.33184,12.435208],[123.330498,12.432231],[123.329318,12.432445],[123.326755,12.43383],[123.327638,12.434839],[123.32731,12.437669],[123.327469,12.438945],[123.325107,12.440311],[123.325025,12.442132],[123.325946,12.44379],[123.326727,12.444069],[123.327149,12.445818],[123.326251,12.447526],[123.329621,12.448724],[123.331659,12.449884],[123.3307,12.451428],[123.331834,12.453587],[123.3295,12.453531],[123.327121,12.454321],[123.325462,12.456201],[123.323092,12.459691],[123.322662,12.460837],[123.322413,12.464559],[123.32529,12.47005],[123.326863,12.470904],[123.32899,12.471292],[123.331748,12.471374],[123.334144,12.469357],[123.335647,12.468902],[123.336167,12.469474],[123.335496,12.470852],[123.335924,12.473038],[123.338048,12.474459],[123.340136,12.475371],[123.342093,12.47557],[123.345456,12.47688],[123.347533,12.476048],[123.348413,12.476696],[123.347443,12.478965],[123.346555,12.479415],[123.344515,12.479173],[123.343733,12.480604],[123.344694,12.48258],[123.347582,12.483253],[123.349644,12.481987],[123.3511,12.480175],[123.35324,12.482165],[123.35447,12.482604],[123.355999,12.482203],[123.357408,12.480133],[123.359089,12.480401],[123.358765,12.482496],[123.359968,12.483188],[123.357927,12.484573],[123.357076,12.487688],[123.358106,12.489585],[123.358463,12.491471],[123.359198,12.492441],[123.359601,12.494221],[123.355914,12.499224],[123.355152,12.500794],[123.355866,12.502066],[123.354135,12.504536],[123.353706,12.506519],[123.354404,12.50734],[123.354041,12.510199],[123.354322,12.510846],[123.352531,12.51565],[123.352989,12.517932],[123.35196,12.519597],[123.350076,12.520451],[123.346498,12.519811],[123.345648,12.52015],[123.344183,12.519444],[123.341632,12.522968],[123.34079,12.526226],[123.342917,12.530097],[123.342031,12.530994],[123.341484,12.533312],[123.340635,12.534179],[123.339557,12.536444],[123.339177,12.53946],[123.340755,12.540927],[123.344266,12.541132],[123.345269,12.541773],[123.346214,12.540881],[123.347284,12.54122],[123.349289,12.540618],[123.353361,12.541067],[123.357165,12.540626],[123.359911,12.540837],[123.361115,12.540263],[123.364487,12.540951],[123.367726,12.540818],[123.374431,12.539429],[123.375691,12.54029],[123.379447,12.541416],[123.37734,12.5428],[123.373328,12.544251],[123.371278,12.545208],[123.369454,12.545569],[123.36476,12.545554],[123.362947,12.545956],[123.35868,12.547445],[123.358486,12.546813],[123.355612,12.547618],[123.354328,12.548259],[123.3523,12.54862],[123.348764,12.550253],[123.345998,12.551286],[123.339848,12.555348],[123.337224,12.557354],[123.336308,12.559594],[123.334419,12.559302],[123.333178,12.561174],[123.330414,12.562622],[123.327511,12.562372],[123.325637,12.563889],[123.324585,12.565805],[123.322958,12.567432],[123.320533,12.568758],[123.319763,12.571364],[123.314075,12.574986],[123.312723,12.575443],[123.311402,12.574222],[123.311236,12.573124],[123.309092,12.572628],[123.307539,12.574422],[123.307296,12.577194],[123.304531,12.578552],[123.30379,12.577309],[123.302664,12.576861],[123.299578,12.577026],[123.290583,12.574463],[123.289883,12.574044],[123.284748,12.573387],[123.282954,12.57505],[123.279502,12.575948],[123.276534,12.578713],[123.270843,12.584807],[123.268198,12.587394],[123.266939,12.588001],[123.265574,12.589935],[123.26227,12.591626],[123.259444,12.594163],[123.2585,12.594108],[123.256637,12.595562],[123.253524,12.596691],[123.250341,12.598125],[123.248183,12.600234],[123.246436,12.601029],[123.245214,12.600165],[123.24284,12.600263],[123.240357,12.600981],[123.237051,12.601248]]],"type":"Polygon"},"id":"2440582344d41217d098b991cf76e128"},{"type":"Feature","properties":{"Shape_Leng":12.538796574,"Shape_Area":0.4415854832,"ADM2_EN":"Camarines Sur","ADM1_EN":"Region V","ADM0_EN":"Philippines (the)"},"geometry":{"coordinates":[[[123.851993,13.950391],[123.850088,13.95048],[123.84749,13.949749],[123.844414,13.948108],[123.845088,13.946769],[123.848069,13.94648],[123.848316,13.946935],[123.85205,13.949462],[123.851993,13.950391]]],"type":"Polygon"},"id":"27620d7b4cc454888ae4a86045ad5b2a"},{"type":"Feature","properties":{"Shape_Leng":12.538796574,"Shape_Area":0.4415854832,"ADM2_EN":"Camarines Sur","ADM1_EN":"Region V","ADM0_EN":"Philippines (the)"},"geometry":{"coordinates":[[[123.576817,13.915892],[123.575863,13.915291],[123.576007,13.914121],[123.577336,13.91406],[123.576817,13.915892]]],"type":"Polygon"},"id":"282c315fca646068dff1513b0ae1065c"},{"type":"Feature","properties":{"Shape_Leng":6.46106998989,"Shape_Area":0.16541690876,"ADM2_EN":"Sorsogon","ADM1_EN":"Region V","ADM0_EN":"Philippines (the)"},"geometry":{"coordinates":[[[123.765228,12.836896],[123.767138,12.838748],[123.767542,12.839967],[123.769302,12.841229],[123.769707,12.843323],[123.769205,12.845716],[123.765452,12.842505],[123.763777,12.840173],[123.763978,12.838543],[123.765228,12.836896]]],"type":"Polygon"},"id":"28efd5d710fe324edca841acc3485e52"},{"type":"Feature","properties":{"Shape_Leng":6.50784082915,"Shape_Area":0.20593851959,"ADM2_EN":"Albay","ADM1_EN":"Region V","ADM0_EN":"Philippines (the)"},"geometry":{"coordinates":[[[124.129964,13.236063],[124.128605,13.235868],[124.125317,13.234415],[124.124893,13.231231],[124.12635,13.228942],[124.125237,13.227446],[124.122154,13.226368],[124.121221,13.225727],[124.116203,13.2241],[124.113976,13.222561],[124.11229,13.22255],[124.107755,13.22085],[124.105272,13.220735],[124.102392,13.218779],[124.100636,13.217951],[124.098173,13.217772],[124.096654,13.217022],[124.094446,13.217485],[124.092423,13.217166],[124.087029,13.213798],[124.083033,13.212205],[124.081937,13.212044],[124.076118,13.212108],[124.074441,13.211358],[124.072649,13.211613],[124.068126,13.21056],[124.065554,13.208613],[124.062634,13.209052],[124.05793,13.207256],[124.060954,13.206235],[124.063082,13.207069],[124.065824,13.206888],[124.067608,13.206069],[124.069442,13.205703],[124.072474,13.203853],[124.077119,13.203195],[124.079622,13.201606],[124.081568,13.199278],[124.083543,13.198499],[124.087839,13.197413],[124.089195,13.196829],[124.091524,13.194962],[124.092388,13.193573],[124.095359,13.192146],[124.097236,13.190505],[124.099001,13.189683],[124.105426,13.187579],[124.107476,13.187141],[124.110326,13.186956],[124.113003,13.187277],[124.113905,13.18827],[124.116824,13.187745],[124.117856,13.188091],[124.118465,13.187106],[124.120269,13.187517],[124.121507,13.188285],[124.123546,13.187035],[124.12491,13.185468],[124.125942,13.184993],[124.128495,13.185388],[124.130296,13.185243],[124.135882,13.185727],[124.135959,13.186948],[124.137913,13.189503],[124.139096,13.189383],[124.141437,13.188203],[124.146141,13.187129],[124.148069,13.185685],[124.149857,13.185007],[124.15315,13.182776],[124.154468,13.182769],[124.157051,13.180565],[124.158594,13.180776],[124.160381,13.179862],[124.162043,13.180171],[124.162658,13.181017],[124.164694,13.181409],[124.166344,13.180859],[124.167191,13.178715],[124.170098,13.177968],[124.170423,13.177239],[124.173854,13.177013],[124.175069,13.175621],[124.176396,13.175298],[124.180497,13.173106],[124.1827,13.17304],[124.183452,13.173578],[124.185406,13.172185],[124.186524,13.17293],[124.188021,13.171801],[124.189691,13.171724],[124.191412,13.172325],[124.192764,13.172045],[124.193715,13.172964],[124.195076,13.172513],[124.196746,13.173678],[124.198261,13.173966],[124.201385,13.173431],[124.201545,13.171935],[124.202456,13.171334],[124.205407,13.171108],[124.205939,13.17036],[124.209629,13.169525],[124.210787,13.170203],[124.213363,13.172976],[124.216333,13.174626],[124.217198,13.176475],[124.216929,13.178868],[124.217833,13.17963],[124.219494,13.179584],[124.219824,13.181514],[124.218055,13.182821],[124.217588,13.185755],[124.216135,13.186623],[124.215553,13.18877],[124.213966,13.189872],[124.213551,13.192405],[124.215809,13.19374],[124.215641,13.196568],[124.214751,13.196758],[124.214486,13.199012],[124.211125,13.202312],[124.208716,13.20594],[124.208097,13.207543],[124.206166,13.208809],[124.203188,13.211244],[124.201847,13.21138],[124.199167,13.210906],[124.198205,13.211299],[124.197586,13.213625],[124.195974,13.215352],[124.194203,13.216271],[124.190368,13.215823],[124.18589,13.216956],[124.18389,13.218433],[124.181682,13.220578],[124.18028,13.221414],[124.177166,13.221181],[124.174355,13.22381],[124.172586,13.222896],[124.170303,13.223311],[124.168908,13.22446],[124.168027,13.224174],[124.164995,13.225117],[124.163631,13.227222],[124.162503,13.227273],[124.161106,13.228278],[124.159813,13.227763],[124.158237,13.229028],[124.156468,13.229363],[124.154588,13.231168],[124.152926,13.230604],[124.151866,13.231006],[124.150061,13.23027],[124.148169,13.230183],[124.144816,13.228807],[124.143561,13.229533],[124.142156,13.232605],[124.140906,13.232764],[124.139124,13.234611],[124.137133,13.235222],[124.133141,13.235849],[124.129964,13.236063]]],"type":"Polygon"},"id":"2afb2f0152a2f9bfdc081d54e977a934"},{"type":"Feature","properties":{"Shape_Leng":12.6075227891,"Shape_Area":0.33149978607,"ADM2_EN":"Masbate","ADM1_EN":"Region V","ADM0_EN":"Philippines (the)"},"geometry":{"coordinates":[[[123.575762,11.989477],[123.57528,11.98876],[123.5763,11.986971],[123.57786,11.986033],[123.579491,11.986287],[123.578967,11.98741],[123.576497,11.989293],[123.575762,11.989477]]],"type":"Polygon"},"id":"2b2ae312236a530ba43a94955a267684"},{"type":"Feature","properties":{"Shape_Leng":6.50784082915,"Shape_Area":0.20593851959,"ADM2_EN":"Albay","ADM1_EN":"Region V","ADM0_EN":"Philippines (the)"},"geometry":{"coordinates":[[[123.91044,13.298303],[123.909325,13.298345],[123.908388,13.297297],[123.907971,13.294303],[123.909849,13.292115],[123.909934,13.294858],[123.91139,13.29627],[123.910585,13.29698],[123.91044,13.298303]]],"type":"Polygon"},"id":"2bf6b9aa4659c49bb389e7d8623f7f46"},{"type":"Feature","properties":{"Shape_Leng":6.1439204171,"Shape_Area":0.17758777007,"ADM2_EN":"Camarines Norte","ADM1_EN":"Region V","ADM0_EN":"Philippines (the)"},"geometry":{"coordinates":[[[122.949447,14.49479],[122.948279,14.493477],[122.948662,14.491986],[122.946548,14.490926],[122.946675,14.489882],[122.943257,14.488836],[122.942907,14.489744],[122.941106,14.488586],[122.940404,14.485335],[122.938372,14.483368],[122.937877,14.481738],[122.93897,14.479869],[122.938814,14.477809],[122.937836,14.474097],[122.936912,14.472367],[122.935907,14.471582],[122.934351,14.471802],[122.932378,14.471523],[122.931201,14.470214],[122.931405,14.46808],[122.930694,14.467615],[122.92757,14.467312],[122.926311,14.468832],[122.923298,14.470332],[122.922815,14.467735],[122.923576,14.465675],[122.920342,14.46336],[122.916714,14.462493],[122.915948,14.463457],[122.914111,14.463172],[122.911563,14.462274],[122.90999,14.462113],[122.90946,14.461012],[122.908134,14.460791],[122.90684,14.459725],[122.906913,14.458038],[122.90567,14.456153],[122.904092,14.455761],[122.902986,14.454593],[122.901371,14.454171],[122.90071,14.45251],[122.899305,14.45217],[122.899841,14.447961],[122.900987,14.447484],[122.901249,14.445729],[122.902897,14.445293],[122.904227,14.446956],[122.905716,14.446754],[122.907133,14.445999],[122.907446,14.44429],[122.908907,14.443325],[122.909246,14.445598],[122.910699,14.445029],[122.914102,14.447478],[122.913975,14.448605],[122.917665,14.44885],[122.91783,14.450342],[122.919489,14.451945],[122.919638,14.453213],[122.922659,14.454771],[122.925411,14.453907],[122.927287,14.454511],[122.9287,14.453412],[122.929718,14.454298],[122.931032,14.453765],[122.932167,14.45403],[122.933211,14.455331],[122.935673,14.454745],[122.937519,14.455375],[122.938394,14.454515],[122.937975,14.452879],[122.935452,14.45242],[122.934217,14.450279],[122.932274,14.448271],[122.935654,14.446503],[122.93845,14.447586],[122.940503,14.449292],[122.941442,14.448953],[122.942506,14.4496],[122.943604,14.449378],[122.94464,14.450117],[122.943555,14.454042],[122.942763,14.454788],[122.942783,14.456319],[122.942164,14.456892],[122.941969,14.459558],[122.940512,14.461714],[122.94048,14.463213],[122.939701,14.464753],[122.941673,14.46565],[122.94268,14.465214],[122.943831,14.4659],[122.945508,14.46584],[122.945929,14.46512],[122.949029,14.465063],[122.949966,14.465972],[122.951792,14.466416],[122.954105,14.465618],[122.955066,14.465837],[122.957324,14.465312],[122.958116,14.466135],[122.957076,14.468065],[122.958435,14.468631],[122.957402,14.470932],[122.953893,14.470993],[122.952261,14.470503],[122.951038,14.471654],[122.951021,14.47263],[122.949828,14.473175],[122.948687,14.474419],[122.948396,14.476465],[122.948779,14.478768],[122.950384,14.479527],[122.951482,14.478856],[122.951948,14.480139],[122.953894,14.481972],[122.955603,14.481166],[122.955415,14.486508],[122.9557,14.487739],[122.957431,14.487559],[122.958351,14.488505],[122.958738,14.490192],[122.961245,14.490698],[122.961764,14.492336],[122.96039,14.492761],[122.959236,14.491962],[122.957768,14.492114],[122.956452,14.491669],[122.953795,14.493119],[122.951855,14.492577],[122.950347,14.49353],[122.949447,14.49479]]],"type":"Polygon"},"id":"2cd7c915879b02ef647f229189be517f"},{"type":"Feature","properties":{"Shape_Leng":6.1439204171,"Shape_Area":0.17758777007,"ADM2_EN":"Camarines Norte","ADM1_EN":"Region V","ADM0_EN":"Philippines (the)"},"geometry":{"coordinates":[[[122.929069,14.418558],[122.927976,14.419539],[122.926317,14.41926],[122.924556,14.418311],[122.924325,14.417501],[122.925495,14.416334],[122.92815,14.41466],[122.928699,14.415815],[122.930312,14.416741],[122.929069,14.418558]]],"type":"Polygon"},"id":"2d4662fd0c41ca0e45594b74b769cfb7"},{"type":"Feature","properties":{"Shape_Leng":12.538796574,"Shape_Area":0.4415854832,"ADM2_EN":"Camarines Sur","ADM1_EN":"Region V","ADM0_EN":"Philippines (the)"},"geometry":{"coordinates":[[[123.629099,13.90076],[123.627673,13.900584],[123.628193,13.899066],[123.630118,13.898322],[123.631184,13.898959],[123.632923,13.899029],[123.632596,13.900397],[123.630767,13.900005],[123.629099,13.90076]]],"type":"Polygon"},"id":"2e332fd571d42a45653da8f038b4fffb"},{"type":"Feature","properties":{"Shape_Leng":12.6075227891,"Shape_Area":0.33149978607,"ADM2_EN":"Masbate","ADM1_EN":"Region V","ADM0_EN":"Philippines (the)"},"geometry":{"coordinates":[[[123.839711,12.257672],[123.838419,12.256451],[123.84021,12.254029],[123.840422,12.256027],[123.839711,12.257672]]],"type":"Polygon"},"id":"2ee33646e33285ebc6a292a459499b6b"},{"type":"Feature","properties":{"Shape_Leng":12.538796574,"Shape_Area":0.4415854832,"ADM2_EN":"Camarines Sur","ADM1_EN":"Region V","ADM0_EN":"Philippines (the)"},"geometry":{"coordinates":[[[123.5232,13.967517],[123.520674,13.966584],[123.518662,13.966724],[123.517229,13.965645],[123.517161,13.963696],[123.518325,13.962385],[123.520865,13.962708],[123.522781,13.96409],[123.524468,13.966965],[123.5232,13.967517]]],"type":"Polygon"},"id":"2f964c1c819dd49745eb7cb21eef8a2c"},{"type":"Feature","properties":{"Shape_Leng":12.538796574,"Shape_Area":0.4415854832,"ADM2_EN":"Camarines Sur","ADM1_EN":"Region V","ADM0_EN":"Philippines (the)"},"geometry":{"coordinates":[[[122.743354,13.783096],[122.741183,13.782488],[122.73968,13.782727],[122.739013,13.780699],[122.737537,13.780651],[122.735039,13.78255],[122.733965,13.782873],[122.732292,13.78148],[122.730969,13.781809],[122.729976,13.78135],[122.728291,13.781438],[122.727706,13.779819],[122.730351,13.777331],[122.73248,13.777657],[122.733574,13.776366],[122.73433,13.777172],[122.736256,13.776676],[122.736369,13.777504],[122.738387,13.776649],[122.741022,13.777071],[122.741676,13.77792],[122.740873,13.778867],[122.742637,13.779453],[122.743765,13.781924],[122.743354,13.783096]]],"type":"Polygon"},"id":"2fb3f4802d285b708884a1b59a5511df"},{"type":"Feature","properties":{"Shape_Leng":12.538796574,"Shape_Area":0.4415854832,"ADM2_EN":"Camarines Sur","ADM1_EN":"Region V","ADM0_EN":"Philippines (the)"},"geometry":{"coordinates":[[[123.546139,13.977664],[123.54297,13.97702],[123.542678,13.975269],[123.543392,13.973731],[123.54446,13.973821],[123.547277,13.975018],[123.546922,13.977052],[123.546139,13.977664]]],"type":"Polygon"},"id":"30f2d7a2e84b576e93ac956926ceac9c"},{"type":"Feature","properties":{"Shape_Leng":6.1439204171,"Shape_Area":0.17758777007,"ADM2_EN":"Camarines Norte","ADM1_EN":"Region V","ADM0_EN":"Philippines (the)"},"geometry":{"coordinates":[[[122.813757,14.407571],[122.811915,14.408743],[122.809755,14.411847],[122.807721,14.417359],[122.805787,14.418888],[122.803799,14.416893],[122.803284,14.415095],[122.803837,14.411333],[122.804502,14.40845],[122.806181,14.40561],[122.807102,14.403164],[122.807329,14.399637],[122.808372,14.398261],[122.809325,14.395872],[122.810155,14.394902],[122.811398,14.390748],[122.81342,14.388384],[122.81476,14.387976],[122.817398,14.386158],[122.819286,14.385347],[122.820317,14.386167],[122.819272,14.388274],[122.81918,14.393409],[122.819854,14.394472],[122.819395,14.396973],[122.818173,14.399745],[122.817715,14.403862],[122.816463,14.406814],[122.815009,14.406726],[122.813757,14.407571]]],"type":"Polygon"},"id":"34ae4287a278965c5b74a95084982429"},{"type":"Feature","properties":{"Shape_Leng":6.1439204171,"Shape_Area":0.17758777007,"ADM2_EN":"Camarines Norte","ADM1_EN":"Region V","ADM0_EN":"Philippines (the)"},"geometry":{"coordinates":[[[122.606581,14.349209],[122.604135,14.347959],[122.605126,14.346567],[122.60586,14.344638],[122.605825,14.342648],[122.606971,14.343025],[122.606268,14.346048],[122.606581,14.349209]]],"type":"Polygon"},"id":"364cbf6947ee1bf5baace653ea2f98aa"},{"type":"Feature","properties":{"Shape_Leng":6.1439204171,"Shape_Area":0.17758777007,"ADM2_EN":"Camarines Norte","ADM1_EN":"Region V","ADM0_EN":"Philippines (the)"},"geometry":{"coordinates":[[[123.105099,14.046707],[123.10257,14.046312],[123.09872,14.04531],[123.09413,14.041936],[123.09431,14.03974],[123.095477,14.038101],[123.098485,14.037652],[123.09966,14.036545],[123.100793,14.036261],[123.103701,14.033146],[123.110869,14.031883],[123.110909,14.030778],[123.112443,14.030389],[123.113145,14.031771],[123.113599,14.034704],[123.112331,14.037444],[123.11129,14.04201],[123.109453,14.044747],[123.1079,14.046017],[123.105099,14.046707]]],"type":"Polygon"},"id":"369d5bd910542ca572cab07495517624"},{"type":"Feature","properties":{"Shape_Leng":6.1439204171,"Shape_Area":0.17758777007,"ADM2_EN":"Camarines Norte","ADM1_EN":"Region V","ADM0_EN":"Philippines (the)"},"geometry":{"coordinates":[[[122.924726,14.222311],[122.920877,14.221993],[122.918925,14.221423],[122.917681,14.218461],[122.918006,14.216092],[122.917318,14.210812],[122.915889,14.206538],[122.915912,14.205138],[122.91664,14.203443],[122.917133,14.200801],[122.917045,14.199128],[122.918901,14.197918],[122.91952,14.196401],[122.917509,14.195549],[122.918865,14.194528],[122.919611,14.193268],[122.922428,14.194869],[122.925153,14.19432],[122.928117,14.195015],[122.930824,14.196171],[122.931051,14.195417],[122.927793,14.194516],[122.928185,14.193993],[122.931025,14.193645],[122.933851,14.194239],[122.936116,14.193098],[122.93813,14.191117],[122.938963,14.189574],[122.939826,14.190096],[122.938406,14.192799],[122.937274,14.19389],[122.929971,14.197846],[122.926405,14.200887],[122.924026,14.203633],[122.92267,14.205799],[122.921903,14.207779],[122.921102,14.213347],[122.921303,14.215961],[122.922974,14.21929],[122.925603,14.22163],[122.924726,14.222311]]],"type":"Polygon"},"id":"3956c0464a1525ce011d6090d2a1fa7e"},{"type":"Feature","properties":{"Shape_Leng":12.538796574,"Shape_Area":0.4415854832,"ADM2_EN":"Camarines Sur","ADM1_EN":"Region V","ADM0_EN":"Philippines (the)"},"geometry":{"coordinates":[[[123.990776,13.776403],[123.990194,13.773012],[123.991893,13.771533],[123.992824,13.773261],[123.992563,13.775258],[123.990776,13.776403]]],"type":"Polygon"},"id":"3abd01a693ef0a9d719b14c8a170cdcc"},{"type":"Feature","properties":{"Shape_Leng":12.6075227891,"Shape_Area":0.33149978607,"ADM2_EN":"Masbate","ADM1_EN":"Region V","ADM0_EN":"Philippines (the)"},"geometry":{"coordinates":[[[122.994754,13.159153],[122.993995,13.15843],[122.991976,13.158019],[122.99022,13.156166],[122.990575,13.154763],[122.99048,13.149654],[122.992817,13.147601],[122.992142,13.146242],[122.990584,13.145411],[122.986477,13.145556],[122.985565,13.146256],[122.98462,13.14365],[122.985287,13.141836],[122.986844,13.140176],[122.986096,13.137793],[122.985305,13.13733],[122.982208,13.137499],[122.981487,13.138842],[122.979021,13.138294],[122.978387,13.136842],[122.97689,13.136245],[122.97692,13.133039],[122.975272,13.132291],[122.976045,13.127697],[122.976825,13.127925],[122.977859,13.126416],[122.979085,13.126291],[122.97967,13.125235],[122.979329,13.123272],[122.980293,13.122968],[122.981083,13.120792],[122.980432,13.120215],[122.981102,13.117882],[122.980555,13.11631],[122.974368,13.117649],[122.97439,13.118785],[122.975248,13.12014],[122.974427,13.120937],[122.973973,13.123201],[122.973263,13.12362],[122.973306,13.125185],[122.971148,13.125396],[122.970966,13.127572],[122.970503,13.128167],[122.968637,13.128658],[122.967619,13.125073],[122.966862,13.12376],[122.966755,13.121258],[122.967625,13.119658],[122.965388,13.119131],[122.964895,13.120357],[122.963315,13.121867],[122.962124,13.124383],[122.960226,13.125218],[122.957284,13.124829],[122.953752,13.122476],[122.951395,13.12206],[122.948394,13.122226],[122.945627,13.122734],[122.944086,13.121543],[122.943509,13.121819],[122.94086,13.121344],[122.938332,13.119808],[122.93697,13.119533],[122.936438,13.118041],[122.934252,13.115378],[122.932073,13.11438],[122.931271,13.113311],[122.928515,13.112618],[122.929437,13.109732],[122.92956,13.108467],[122.930671,13.106551],[122.932613,13.104619],[122.934665,13.10441],[122.93658,13.101782],[122.938582,13.09963],[122.939419,13.099764],[122.942058,13.096588],[122.945417,13.09474],[122.947075,13.096331],[122.949759,13.096127],[122.950861,13.095165],[122.952358,13.096374],[122.955707,13.094725],[122.956656,13.091514],[122.957384,13.090179],[122.957703,13.085882],[122.96029,13.080098],[122.959788,13.079544],[122.958088,13.080629],[122.955943,13.083056],[122.954901,13.085422],[122.953009,13.085358],[122.952305,13.084248],[122.950425,13.084009],[122.950123,13.081892],[122.950795,13.078185],[122.949119,13.074975],[122.949152,13.073691],[122.948569,13.07141],[122.947602,13.071283],[122.947322,13.068498],[122.945129,13.069062],[122.944227,13.068726],[122.943062,13.066927],[122.944629,13.065861],[122.944818,13.064897],[122.946151,13.064508],[122.94633,13.062597],[122.945896,13.060826],[122.94713,13.059433],[122.946854,13.057052],[122.945786,13.055638],[122.944102,13.055725],[122.943211,13.054503],[122.943208,13.053041],[122.943961,13.051599],[122.944178,13.049535],[122.944908,13.048999],[122.948477,13.048733],[122.948753,13.046332],[122.949307,13.045269],[122.949036,13.043461],[122.949399,13.041725],[122.94885,13.040073],[122.949548,13.038581],[122.948011,13.038726],[122.94634,13.037736],[122.945398,13.035942],[122.943626,13.034056],[122.944658,13.032753],[122.946099,13.029486],[122.945965,13.02823],[122.944946,13.027433],[122.945699,13.025652],[122.948384,13.025289],[122.948352,13.027862],[122.949897,13.029385],[122.951437,13.031613],[122.952939,13.032408],[122.955659,13.032252],[122.96138,13.033921],[122.96191,13.034974],[122.961243,13.037172],[122.963224,13.036684],[122.964657,13.039066],[122.965795,13.037783],[122.965291,13.036387],[122.965831,13.035197],[122.96578,13.032807],[122.963714,13.029235],[122.963839,13.027648],[122.963386,13.026249],[122.965659,13.026054],[122.967043,13.026896],[122.968213,13.026726],[122.9682,13.025356],[122.966563,13.023791],[122.966982,13.022574],[122.966875,13.020342],[122.968284,13.018858],[122.970489,13.018967],[122.97172,13.016223],[122.97332,13.015751],[122.975001,13.014155],[122.977612,13.012358],[122.978197,13.01011],[122.980498,13.009247],[122.981254,13.009556],[122.982794,13.008079],[122.985873,13.006291],[122.987086,13.00664],[122.990217,13.005963],[122.992659,13.006025],[122.994213,13.006955],[122.99571,13.006438],[122.997369,13.006734],[122.997585,13.007934],[122.999251,13.006241],[123.000908,13.006547],[123.00386,13.006198],[123.005576,13.006735],[123.005835,13.007596],[123.008614,13.008387],[123.008381,13.011298],[123.009174,13.011568],[123.010011,13.01005],[123.009742,13.008734],[123.011687,13.007354],[123.01271,13.006165],[123.013818,13.006794],[123.015573,13.006083],[123.016489,13.004898],[123.019332,13.006845],[123.020248,13.006117],[123.019633,13.004618],[123.020315,13.002221],[123.022113,13.001909],[123.024516,12.99991],[123.024965,13.000002],[123.027444,12.99824],[123.029039,12.997759],[123.03012,12.998116],[123.032152,12.997684],[123.034839,12.997853],[123.036905,12.998917],[123.03932,12.998754],[123.04012,12.998175],[123.041781,12.998958],[123.043177,12.998892],[123.044546,12.999729],[123.045733,12.999716],[123.047065,12.998897],[123.048239,12.996174],[123.049275,12.995787],[123.049031,12.991947],[123.050974,12.991275],[123.051361,12.992196],[123.050759,12.994186],[123.051467,12.996169],[123.051492,12.997721],[123.05252,12.998544],[123.055948,12.999318],[123.058642,12.999293],[123.060886,12.99888],[123.062696,12.998129],[123.063921,12.998414],[123.065211,12.996307],[123.065357,12.995045],[123.066852,12.993159],[123.068606,12.992061],[123.068168,12.988669],[123.067461,12.98689],[123.066567,12.985863],[123.066987,12.983513],[123.065635,12.977884],[123.06704,12.975485],[123.069203,12.972437],[123.072592,12.968335],[123.075845,12.962208],[123.075385,12.960769],[123.076036,12.959227],[123.07806,12.957175],[123.080712,12.959695],[123.082688,12.959499],[123.085052,12.960786],[123.086405,12.963445],[123.088179,12.962342],[123.089141,12.963324],[123.091247,12.964161],[123.091817,12.961856],[123.091214,12.960958],[123.091786,12.959236],[123.093018,12.957278],[123.094088,12.957809],[123.093795,12.955522],[123.092314,12.954512],[123.090047,12.954958],[123.086932,12.953463],[123.086232,12.952244],[123.088671,12.94916],[123.096472,12.94351],[123.097816,12.9406],[123.09926,12.940478],[123.099824,12.941989],[123.101412,12.942289],[123.10203,12.944186],[123.10439,12.945372],[123.106515,12.944961],[123.106636,12.943912],[123.108375,12.944392],[123.108875,12.942691],[123.106749,12.940456],[123.106942,12.939135],[123.109543,12.935718],[123.109414,12.930139],[123.109136,12.928696],[123.108283,12.927697],[123.10785,12.924316],[123.108247,12.923612],[123.111387,12.924268],[123.112733,12.923067],[123.1172,12.922036],[123.117906,12.921164],[123.117298,12.919777],[123.120312,12.91652],[123.121102,12.914608],[123.121199,12.912878],[123.122128,12.912147],[123.123227,12.912975],[123.124672,12.912463],[123.127522,12.910798],[123.128815,12.911013],[123.130547,12.909541],[123.131729,12.907775],[123.13313,12.907486],[123.137234,12.909477],[123.138855,12.908739],[123.14074,12.908782],[123.14319,12.906702],[123.145205,12.907185],[123.146647,12.906386],[123.147795,12.904899],[123.147165,12.901688],[123.146255,12.900143],[123.145044,12.900319],[123.143399,12.899492],[123.140314,12.899045],[123.137822,12.896329],[123.137561,12.894072],[123.138629,12.892392],[123.141047,12.89216],[123.142749,12.891621],[123.144923,12.892263],[123.146961,12.893693],[123.147795,12.893823],[123.150458,12.892987],[123.150481,12.891524],[123.149336,12.891405],[123.148847,12.890109],[123.147309,12.888864],[123.14804,12.888201],[123.149591,12.888671],[123.152424,12.888693],[123.154537,12.889772],[123.156957,12.889504],[123.161053,12.889835],[123.164505,12.888458],[123.167752,12.885891],[123.171014,12.884095],[123.172506,12.882105],[123.174115,12.881207],[123.17634,12.877543],[123.178257,12.87526],[123.182593,12.865956],[123.184759,12.861526],[123.185526,12.860488],[123.187517,12.858919],[123.190247,12.855998],[123.191672,12.853871],[123.193876,12.849476],[123.196478,12.84668],[123.198192,12.84443],[123.199181,12.841728],[123.201152,12.842559],[123.204089,12.841853],[123.206797,12.843777],[123.208497,12.845634],[123.208184,12.846887],[123.209812,12.847862],[123.211837,12.847812],[123.212612,12.847136],[123.21352,12.845264],[123.214921,12.843688],[123.215371,12.84177],[123.216291,12.840903],[123.217524,12.838315],[123.217542,12.837106],[123.218886,12.836217],[123.221625,12.837093],[123.222614,12.838481],[123.225244,12.838635],[123.226325,12.839322],[123.229305,12.838652],[123.230345,12.837705],[123.232843,12.838414],[123.233496,12.837917],[123.235783,12.838681],[123.237049,12.837642],[123.240009,12.838155],[123.24114,12.83902],[123.242194,12.838861],[123.245858,12.83709],[123.246839,12.837024],[123.251345,12.835771],[123.252374,12.834617],[123.253907,12.833994],[123.25655,12.834616],[123.258185,12.833763],[123.261838,12.832407],[123.263529,12.830761],[123.264059,12.828854],[123.265548,12.82541],[123.266456,12.821128],[123.266093,12.819573],[123.267119,12.815904],[123.267942,12.814291],[123.270519,12.813249],[123.271485,12.813768],[123.273368,12.813915],[123.276583,12.813162],[123.277716,12.812501],[123.283828,12.805892],[123.286065,12.803853],[123.28825,12.802813],[123.290843,12.800633],[123.291957,12.796943],[123.29183,12.794298],[123.291247,12.792907],[123.292148,12.790193],[123.296273,12.788007],[123.298593,12.78583],[123.300631,12.784843],[123.302725,12.782768],[123.303838,12.779513],[123.304601,12.775485],[123.306504,12.772821],[123.309896,12.770158],[123.309809,12.769333],[123.310546,12.763518],[123.311276,12.760814],[123.311623,12.7556],[123.312175,12.751887],[123.313458,12.750451],[123.314913,12.747977],[123.316129,12.748524],[123.317776,12.745447],[123.320618,12.743175],[123.322465,12.742285],[123.325189,12.737617],[123.326391,12.737349],[123.328799,12.733265],[123.331887,12.729338],[123.332915,12.726519],[123.33214,12.725933],[123.333221,12.724497],[123.334561,12.723737],[123.334499,12.722106],[123.33577,12.720861],[123.338041,12.720499],[123.338624,12.719299],[123.34052,12.719399],[123.341491,12.717519],[123.342483,12.717594],[123.343503,12.716364],[123.343137,12.714895],[123.345432,12.714159],[123.346736,12.713387],[123.348349,12.711452],[123.349246,12.709314],[123.349765,12.705291],[123.351948,12.703977],[123.352264,12.70222],[123.353071,12.702184],[123.353782,12.700645],[123.354971,12.70063],[123.355543,12.699314],[123.357645,12.697592],[123.359805,12.696805],[123.361325,12.695563],[123.363565,12.694754],[123.366054,12.695063],[123.369037,12.693903],[123.370547,12.693764],[123.371768,12.695115],[123.37593,12.695796],[123.376906,12.695757],[123.38093,12.694207],[123.384432,12.693533],[123.385669,12.694546],[123.386076,12.698584],[123.383055,12.700284],[123.381188,12.703274],[123.379823,12.707857],[123.376722,12.714171],[123.37541,12.717705],[123.37286,12.720757],[123.372458,12.721802],[123.370328,12.723164],[123.367447,12.724369],[123.364082,12.726613],[123.362176,12.728598],[123.360324,12.731102],[123.357724,12.733143],[123.353393,12.73807],[123.349056,12.742227],[123.345365,12.746659],[123.342717,12.746421],[123.340926,12.746791],[123.338111,12.748262],[123.33666,12.750399],[123.335984,12.752618],[123.336224,12.75572],[123.335766,12.757663],[123.333255,12.759591],[123.331727,12.762275],[123.331039,12.764727],[123.331458,12.766231],[123.329741,12.767546],[123.32756,12.771797],[123.325647,12.773766],[123.324641,12.775493],[123.320292,12.779244],[123.318933,12.7812],[123.315036,12.789748],[123.313849,12.789761],[123.313759,12.787841],[123.314193,12.78671],[123.312841,12.785914],[123.31274,12.783633],[123.314482,12.781797],[123.316841,12.78375],[123.317231,12.780188],[123.314877,12.778093],[123.312291,12.777116],[123.311247,12.778422],[123.309922,12.779258],[123.308587,12.781257],[123.308547,12.783422],[123.307366,12.788102],[123.306228,12.789961],[123.305328,12.793216],[123.302268,12.796065],[123.298644,12.800836],[123.29806,12.802459],[123.295865,12.804474],[123.296477,12.808008],[123.295152,12.808669],[123.292452,12.812015],[123.290994,12.814563],[123.289959,12.815431],[123.286954,12.819855],[123.285487,12.823746],[123.285047,12.82777],[123.285766,12.831197],[123.285567,12.835141],[123.281661,12.836559],[123.280825,12.838275],[123.280602,12.840649],[123.280148,12.841605],[123.279843,12.844273],[123.279957,12.84598],[123.280706,12.848434],[123.281699,12.849347],[123.28215,12.853131],[123.28302,12.855023],[123.282432,12.857764],[123.281757,12.85817],[123.281063,12.86061],[123.27905,12.862263],[123.276131,12.867321],[123.276018,12.869555],[123.277518,12.87252],[123.279181,12.873083],[123.280626,12.874941],[123.280749,12.877371],[123.281683,12.881238],[123.278572,12.881062],[123.277535,12.883553],[123.277476,12.888033],[123.276312,12.8882],[123.274555,12.891439],[123.272238,12.893388],[123.268578,12.895622],[123.266935,12.895269],[123.263891,12.896947],[123.261384,12.896848],[123.25806,12.899527],[123.256137,12.900395],[123.254985,12.901789],[123.253944,12.901612],[123.251188,12.902975],[123.246375,12.904406],[123.242877,12.906421],[123.241661,12.909031],[123.23868,12.910125],[123.235872,12.910174],[123.231069,12.910972],[123.229428,12.910631],[123.2267,12.908765],[123.225299,12.905995],[123.224281,12.905625],[123.221975,12.905999],[123.220921,12.905779],[123.218564,12.906509],[123.216037,12.907665],[123.214261,12.909021],[123.211459,12.909417],[123.209822,12.908994],[123.20776,12.907826],[123.206937,12.908441],[123.204594,12.908194],[123.203964,12.907669],[123.201584,12.908233],[123.199358,12.908114],[123.198038,12.90881],[123.196961,12.908163],[123.196092,12.909507],[123.191531,12.910856],[123.1891,12.913715],[123.186058,12.914469],[123.183906,12.913731],[123.181932,12.914356],[123.182953,12.916121],[123.181464,12.917168],[123.179657,12.917223],[123.17896,12.918454],[123.179373,12.920651],[123.176662,12.919685],[123.177331,12.921169],[123.176473,12.921788],[123.176528,12.924123],[123.172978,12.927467],[123.171888,12.928888],[123.171548,12.931235],[123.169834,12.933146],[123.169425,12.935478],[123.167666,12.937837],[123.16744,12.938771],[123.165967,12.939657],[123.164679,12.939769],[123.16212,12.94112],[123.1609,12.942928],[123.159985,12.945861],[123.161786,12.947212],[123.161616,12.949734],[123.160154,12.949131],[123.158834,12.952481],[123.158858,12.955152],[123.159252,12.956803],[123.157839,12.962234],[123.155931,12.964293],[123.153214,12.965051],[123.149331,12.967299],[123.148798,12.968265],[123.146531,12.969041],[123.145989,12.969775],[123.143145,12.970764],[123.142996,12.973694],[123.142378,12.975641],[123.144599,12.979278],[123.145904,12.980772],[123.1462,12.982463],[123.144624,12.985644],[123.140565,12.989672],[123.139894,12.991079],[123.138497,12.995832],[123.137371,12.998225],[123.137524,12.998917],[123.13585,13.001884],[123.136178,13.003632],[123.135449,13.005504],[123.134047,13.006718],[123.13343,13.008243],[123.129935,13.012213],[123.128455,13.014262],[123.128057,13.016033],[123.126838,13.017271],[123.126677,13.018534],[123.124849,13.019913],[123.124542,13.021964],[123.123655,13.022529],[123.12249,13.024924],[123.120895,13.025761],[123.120214,13.026895],[123.118514,13.028373],[123.117809,13.029644],[123.115999,13.030717],[123.114062,13.032681],[123.110101,13.033186],[123.110292,13.029865],[123.107097,13.028452],[123.105353,13.029898],[123.103509,13.030458],[123.101923,13.032365],[123.101844,13.03436],[123.103239,13.034655],[123.10445,13.036719],[123.105923,13.036401],[123.106396,13.038188],[123.107544,13.040007],[123.105113,13.039815],[123.10409,13.040757],[123.102548,13.039881],[123.101379,13.040758],[123.099473,13.043579],[123.099248,13.044434],[123.096907,13.047956],[123.096772,13.051145],[123.095321,13.051923],[123.096426,13.054667],[123.095558,13.057031],[123.096252,13.060192],[123.096028,13.061543],[123.09415,13.061944],[123.092293,13.062824],[123.091239,13.063781],[123.090968,13.065638],[123.089545,13.066279],[123.088325,13.067651],[123.088936,13.069218],[123.084989,13.073269],[123.083759,13.075887],[123.084055,13.077684],[123.083122,13.079503],[123.081573,13.080679],[123.078818,13.080546],[123.075311,13.081389],[123.074267,13.082412],[123.074197,13.087244],[123.073878,13.088686],[123.072626,13.090305],[123.070303,13.092457],[123.070166,13.093921],[123.068836,13.095513],[123.066877,13.095558],[123.065464,13.094937],[123.064189,13.095647],[123.065647,13.097288],[123.064918,13.099862],[123.063278,13.10188],[123.063415,13.103627],[123.062732,13.105269],[123.062641,13.1068],[123.061639,13.107332],[123.060318,13.109174],[123.0605,13.111037],[123.05927,13.112767],[123.058063,13.115163],[123.055016,13.118644],[123.054424,13.121129],[123.053513,13.119997],[123.053946,13.119243],[123.053126,13.118089],[123.052078,13.119043],[123.049868,13.120042],[123.049959,13.118733],[123.04857,13.118733],[123.048092,13.121594],[123.046565,13.12135],[123.046406,13.119886],[123.044925,13.118267],[123.045654,13.116825],[123.044743,13.114873],[123.042784,13.115117],[123.042784,13.11383],[123.040302,13.114141],[123.039856,13.115748],[123.038657,13.116224],[123.038603,13.117566],[123.03756,13.118844],[123.03803,13.121024],[123.038893,13.12173],[123.040868,13.121172],[123.04236,13.120338],[123.043155,13.121434],[123.044757,13.122156],[123.044909,13.123118],[123.04647,13.124611],[123.046014,13.126776],[123.045128,13.126959],[123.046188,13.130392],[123.045475,13.131999],[123.04553,13.134102],[123.044817,13.135474],[123.04276,13.137015],[123.041327,13.137176],[123.039928,13.138068],[123.038637,13.139533],[123.034295,13.139034],[123.031051,13.139634],[123.028633,13.138696],[123.026748,13.137243],[123.024667,13.13651],[123.022109,13.136659],[123.019543,13.136424],[123.017622,13.135898],[123.01589,13.13586],[123.011895,13.137513],[123.007929,13.140323],[123.00605,13.143873],[123.004452,13.144694],[123.004668,13.147718],[123.001767,13.149523],[123.001211,13.150301],[122.998845,13.151379],[122.997494,13.153726],[122.997162,13.155043],[122.997765,13.156516],[122.997192,13.158127],[122.994754,13.159153]]],"type":"Polygon"},"id":"3aec1dda70d654401c8b0698fd62dc2c"},{"type":"Feature","properties":{"Shape_Leng":12.538796574,"Shape_Area":0.4415854832,"ADM2_EN":"Camarines Sur","ADM1_EN":"Region V","ADM0_EN":"Philippines (the)"},"geometry":{"coordinates":[[[123.787108,13.890756],[123.785723,13.890414],[123.784757,13.889277],[123.783872,13.886047],[123.779214,13.884765],[123.77966,13.883368],[123.781714,13.881635],[123.783629,13.880764],[123.783947,13.879394],[123.786094,13.878951],[123.786804,13.877557],[123.788145,13.878274],[123.789159,13.877482],[123.789275,13.875847],[123.788558,13.874061],[123.787674,13.873493],[123.788411,13.87146],[123.786701,13.871151],[123.785429,13.871762],[123.785975,13.868259],[123.788203,13.867765],[123.790286,13.867972],[123.790385,13.869143],[123.791274,13.869749],[123.791955,13.872159],[123.793011,13.871544],[123.794984,13.871969],[123.796154,13.872809],[123.796273,13.873726],[123.794136,13.876105],[123.79409,13.877705],[123.793408,13.879265],[123.790846,13.881001],[123.788927,13.882712],[123.789197,13.884663],[123.787413,13.885996],[123.786322,13.887364],[123.786078,13.888683],[123.786973,13.889149],[123.787108,13.890756]]],"type":"Polygon"},"id":"3b92add473aa196fe52e0d85948164e0"},{"type":"Feature","properties":{"Shape_Leng":12.538796574,"Shape_Area":0.4415854832,"ADM2_EN":"Camarines Sur","ADM1_EN":"Region V","ADM0_EN":"Philippines (the)"},"geometry":{"coordinates":[[[123.540533,13.959135],[123.537919,13.958189],[123.536743,13.958163],[123.536055,13.955487],[123.537195,13.954807],[123.538555,13.956624],[123.539487,13.956822],[123.539765,13.958529],[123.540533,13.959135]]],"type":"Polygon"},"id":"3bd39000a1acc620b62329c0c9f73882"},{"type":"Feature","properties":{"Shape_Leng":12.538796574,"Shape_Area":0.4415854832,"ADM2_EN":"Camarines Sur","ADM1_EN":"Region V","ADM0_EN":"Philippines (the)"},"geometry":{"coordinates":[[[123.981655,13.72727],[123.979859,13.727107],[123.980192,13.725788],[123.98159,13.725107],[123.982728,13.726326],[123.981655,13.72727]]],"type":"Polygon"},"id":"46ef8f3aa0f3bdf1d70e880820079861"},{"type":"Feature","properties":{"Shape_Leng":12.538796574,"Shape_Area":0.4415854832,"ADM2_EN":"Camarines Sur","ADM1_EN":"Region V","ADM0_EN":"Philippines (the)"},"geometry":{"coordinates":[[[123.763767,13.87046],[123.762808,13.869373],[123.761131,13.869608],[123.761105,13.867774],[123.762674,13.868635],[123.763501,13.867998],[123.765071,13.868719],[123.763767,13.87046]]],"type":"Polygon"},"id":"46f8d404998d3fdb7e205ff68800b5e6"},{"type":"Feature","properties":{"Shape_Leng":12.538796574,"Shape_Area":0.4415854832,"ADM2_EN":"Camarines Sur","ADM1_EN":"Region V","ADM0_EN":"Philippines (the)"},"geometry":{"coordinates":[[[123.419692,13.949906],[123.418711,13.949046],[123.419459,13.947084],[123.420496,13.947249],[123.420768,13.949071],[123.419692,13.949906]]],"type":"Polygon"},"id":"4be5af5dc0fb59a2be0af8f0a780c53b"},{"type":"Feature","properties":{"Shape_Leng":12.6075227891,"Shape_Area":0.33149978607,"ADM2_EN":"Masbate","ADM1_EN":"Region V","ADM0_EN":"Philippines (the)"},"geometry":{"coordinates":[[[123.24288,12.391023],[123.242393,12.389151],[123.243429,12.38918],[123.243661,12.390357],[123.24288,12.391023]]],"type":"Polygon"},"id":"4c10729434626773cfddbd10e6a198db"},{"type":"Feature","properties":{"Shape_Leng":12.6075227891,"Shape_Area":0.33149978607,"ADM2_EN":"Masbate","ADM1_EN":"Region V","ADM0_EN":"Philippines (the)"},"geometry":{"coordinates":[[[123.798328,12.33126],[123.79409,12.332786],[123.795344,12.330679],[123.798025,12.327919],[123.800807,12.324031],[123.803403,12.318415],[123.804505,12.315557],[123.806727,12.311308],[123.808468,12.308966],[123.809454,12.309024],[123.807648,12.316099],[123.807663,12.317316],[123.808431,12.318186],[123.808457,12.320608],[123.808874,12.321482],[123.807188,12.325122],[123.805916,12.326682],[123.80186,12.328062],[123.799721,12.33044],[123.798328,12.33126]]],"type":"Polygon"},"id":"4d829d5b170352909553b734ca653cc0"},{"type":"Feature","properties":{"Shape_Leng":6.1439204171,"Shape_Area":0.17758777007,"ADM2_EN":"Camarines Norte","ADM1_EN":"Region V","ADM0_EN":"Philippines (the)"},"geometry":{"coordinates":[[[123.060695,13.837581],[123.060708,13.839074],[123.06011,13.84027],[123.060241,13.843393],[123.059706,13.844888],[123.062561,13.846712],[123.06006,13.84759],[123.059337,13.850961],[123.058549,13.852731],[123.05975,13.854277],[123.059883,13.856208],[123.061165,13.856527],[123.061292,13.858676],[123.063603,13.863807],[123.065974,13.864136],[123.065549,13.866606],[123.067373,13.871324],[123.067371,13.872763],[123.06647,13.873779],[123.0697,13.876371],[123.073258,13.877276],[123.076279,13.87928],[123.078878,13.879223],[123.080821,13.878515],[123.082569,13.87901],[123.082362,13.877377],[123.082728,13.875082],[123.083755,13.874729],[123.085473,13.874971],[123.08679,13.875824],[123.087758,13.878702],[123.087069,13.881587],[123.089466,13.884348],[123.091747,13.886445],[123.094328,13.887687],[123.094524,13.889162],[123.095401,13.891374],[123.095093,13.893961],[123.093625,13.897809],[123.089612,13.902657],[123.088863,13.905264],[123.089383,13.908013],[123.090711,13.910642],[123.091156,13.912583],[123.092271,13.913985],[123.092701,13.915382],[123.092331,13.917034],[123.089649,13.919902],[123.087928,13.922626],[123.087195,13.927329],[123.087233,13.929738],[123.085977,13.933338],[123.084718,13.935506],[123.083936,13.940869],[123.084484,13.943803],[123.085339,13.945308],[123.085772,13.947666],[123.084249,13.949815],[123.083515,13.951795],[123.082005,13.954171],[123.081779,13.955634],[123.082019,13.959125],[123.085802,13.965051],[123.087218,13.968863],[123.087526,13.970407],[123.086747,13.97129],[123.08713,13.972287],[123.086092,13.973626],[123.084865,13.973861],[123.084328,13.974934],[123.083878,13.978412],[123.08426,13.978973],[123.083315,13.981996],[123.082083,13.982632],[123.080472,13.984397],[123.079016,13.986595],[123.07751,13.987044],[123.076139,13.986511],[123.072926,13.988098],[123.070707,13.98863],[123.069941,13.989885],[123.067914,13.990884],[123.065721,13.9914],[123.063955,13.990508],[123.062452,13.991132],[123.060539,13.990967],[123.056488,13.99395],[123.054322,13.997061],[123.052959,13.998412],[123.049746,14.003688],[123.047964,14.007308],[123.047627,14.009351],[123.046251,14.012021],[123.04486,14.013247],[123.04216,14.017842],[123.040616,14.023262],[123.039224,14.024148],[123.037427,14.024294],[123.035914,14.026229],[123.035234,14.026508],[123.03169,14.031097],[123.030702,14.033395],[123.02971,14.0369],[123.029311,14.040984],[123.02973,14.043833],[123.030436,14.045824],[123.029526,14.046869],[123.029421,14.049645],[123.02865,14.050604],[123.029464,14.051806],[123.029908,14.056378],[123.030881,14.059232],[123.029838,14.06022],[123.031694,14.064118],[123.032545,14.065201],[123.032845,14.067434],[123.038449,14.069014],[123.042201,14.068732],[123.044138,14.068959],[123.047205,14.067699],[123.048234,14.068418],[123.048263,14.071739],[123.046776,14.075034],[123.046591,14.077923],[123.045793,14.080725],[123.043503,14.086093],[123.043199,14.088377],[123.043647,14.091448],[123.043696,14.097204],[123.043235,14.098527],[123.040758,14.10135],[123.039784,14.100541],[123.037989,14.100648],[123.036196,14.100237],[123.034684,14.099407],[123.031934,14.099974],[123.030441,14.102842],[123.02936,14.104266],[123.029019,14.106766],[123.030127,14.106531],[123.028791,14.109062],[123.026771,14.110992],[123.025477,14.110768],[123.024807,14.112051],[123.023398,14.111869],[123.022585,14.110609],[123.02136,14.110019],[123.01973,14.108075],[123.018629,14.108599],[123.017348,14.105671],[123.015559,14.105063],[123.014915,14.103475],[123.014915,14.101556],[123.015975,14.098983],[123.015681,14.09677],[123.011818,14.096905],[123.013498,14.099187],[123.0128,14.099624],[123.01055,14.098166],[123.008081,14.099989],[123.009266,14.100758],[123.010379,14.102192],[123.011153,14.104837],[123.010248,14.105096],[123.006537,14.103824],[123.009048,14.106985],[123.011865,14.108027],[123.014055,14.110481],[123.014404,14.111682],[123.010602,14.111396],[123.008473,14.111659],[123.006494,14.112299],[123.002129,14.114826],[123.000281,14.117681],[123.000252,14.118742],[122.998342,14.121105],[122.99462,14.123963],[122.991847,14.126392],[122.989851,14.127721],[122.988432,14.129168],[122.9862,14.132432],[122.985782,14.133661],[122.983591,14.137048],[122.982045,14.141304],[122.98182,14.142745],[122.980999,14.14379],[122.979926,14.146615],[122.979651,14.149495],[122.978587,14.148256],[122.975705,14.14672],[122.973945,14.146206],[122.97178,14.146346],[122.968107,14.147719],[122.971398,14.148496],[122.973666,14.147529],[122.976855,14.147839],[122.978144,14.14873],[122.978041,14.149647],[122.975157,14.149108],[122.973143,14.149409],[122.971181,14.150175],[122.969328,14.150429],[122.965511,14.152154],[122.964361,14.153887],[122.9625,14.155445],[122.960222,14.159158],[122.959314,14.160139],[122.957239,14.160854],[122.953159,14.162961],[122.949329,14.168093],[122.94594,14.173021],[122.944302,14.175938],[122.942762,14.179241],[122.941151,14.183862],[122.940069,14.188015],[122.938282,14.189441],[122.937448,14.190606],[122.935004,14.191008],[122.930916,14.19213],[122.924769,14.193233],[122.923655,14.193976],[122.922249,14.194098],[122.921115,14.192237],[122.920217,14.191979],[122.91804,14.192983],[122.918092,14.194106],[122.916502,14.19382],[122.915764,14.191584],[122.914825,14.189932],[122.913127,14.188908],[122.912153,14.188828],[122.909969,14.189595],[122.907313,14.192753],[122.905765,14.194207],[122.908029,14.194439],[122.909423,14.193793],[122.90961,14.195328],[122.908389,14.197487],[122.903682,14.198264],[122.898844,14.197003],[122.896707,14.197026],[122.894378,14.197753],[122.893227,14.19896],[122.892632,14.200335],[122.88936,14.202403],[122.891582,14.202344],[122.892831,14.201549],[122.894757,14.199146],[122.897389,14.197864],[122.899671,14.198399],[122.900418,14.199335],[122.904009,14.199915],[122.906138,14.199701],[122.908678,14.198673],[122.910932,14.195832],[122.911753,14.195792],[122.91377,14.198238],[122.913618,14.200982],[122.913024,14.204146],[122.912154,14.20519],[122.911819,14.207658],[122.911793,14.211425],[122.912439,14.213038],[122.910007,14.21573],[122.906731,14.216696],[122.907998,14.218365],[122.906818,14.218754],[122.905387,14.218469],[122.904478,14.217355],[122.904134,14.214602],[122.902756,14.213976],[122.90053,14.214617],[122.899959,14.216291],[122.900505,14.218309],[122.898941,14.219657],[122.896681,14.219525],[122.895004,14.218851],[122.894533,14.219464],[122.897364,14.220909],[122.900005,14.220327],[122.901123,14.21886],[122.901347,14.215356],[122.903179,14.214917],[122.903132,14.216489],[122.903628,14.218573],[122.902783,14.220745],[122.901936,14.221371],[122.899914,14.221415],[122.899776,14.22238],[122.901667,14.222385],[122.903468,14.221125],[122.90437,14.219494],[122.905829,14.220304],[122.908452,14.220496],[122.909355,14.220218],[122.911458,14.218097],[122.913678,14.217973],[122.914649,14.219482],[122.916559,14.219379],[122.915468,14.221458],[122.911807,14.221733],[122.909906,14.222122],[122.903039,14.224149],[122.897886,14.227073],[122.891849,14.2319],[122.887224,14.236454],[122.882202,14.242484],[122.879958,14.245755],[122.878404,14.247602],[122.875005,14.252872],[122.873717,14.254598],[122.872176,14.257551],[122.867312,14.263889],[122.865221,14.267652],[122.865149,14.26957],[122.864493,14.270669],[122.863413,14.271056],[122.85987,14.269954],[122.85574,14.270186],[122.854192,14.270031],[122.852207,14.27406],[122.852038,14.275696],[122.850623,14.277901],[122.850245,14.279298],[122.848356,14.282123],[122.847466,14.281883],[122.844813,14.283175],[122.842684,14.283776],[122.83879,14.284325],[122.834308,14.284533],[122.831412,14.28547],[122.827868,14.285514],[122.826923,14.28622],[122.825767,14.285117],[122.824645,14.284808],[122.823488,14.283414],[122.821524,14.282457],[122.822488,14.281105],[122.822465,14.279524],[122.821233,14.277417],[122.820798,14.275982],[122.818293,14.274495],[122.816004,14.27399],[122.81437,14.274023],[122.810055,14.275122],[122.806714,14.276806],[122.806099,14.278039],[122.804104,14.278203],[122.803166,14.277364],[122.802258,14.274505],[122.800463,14.274561],[122.80061,14.276693],[122.800104,14.277238],[122.801112,14.278684],[122.802801,14.27904],[122.803695,14.279979],[122.804897,14.279795],[122.806646,14.281317],[122.807492,14.284058],[122.804824,14.284628],[122.803863,14.285639],[122.804178,14.287697],[122.803426,14.288628],[122.800804,14.289115],[122.798692,14.288406],[122.797117,14.286407],[122.795947,14.285797],[122.793724,14.283832],[122.792192,14.283624],[122.791859,14.28209],[122.790853,14.280294],[122.789633,14.28072],[122.791472,14.282062],[122.788348,14.28402],[122.787241,14.28518],[122.786159,14.287681],[122.785249,14.291551],[122.785625,14.293158],[122.786883,14.294349],[122.787632,14.296159],[122.790218,14.296476],[122.793474,14.298724],[122.794607,14.301823],[122.794337,14.302875],[122.794937,14.305316],[122.792233,14.309814],[122.790917,14.311496],[122.789874,14.310784],[122.789077,14.308544],[122.787591,14.305704],[122.786333,14.304927],[122.783982,14.305853],[122.781933,14.307551],[122.78192,14.309235],[122.780877,14.311215],[122.778137,14.31371],[122.778896,14.314345],[122.776401,14.315614],[122.776353,14.316682],[122.77462,14.319968],[122.769745,14.321508],[122.766958,14.321225],[122.764164,14.320258],[122.761825,14.3206],[122.760487,14.321326],[122.759093,14.322949],[122.758608,14.325855],[122.75647,14.327121],[122.755547,14.326461],[122.75095,14.328071],[122.749597,14.32705],[122.747096,14.326647],[122.745248,14.324891],[122.744342,14.322479],[122.744506,14.31821],[122.743942,14.317429],[122.740709,14.315306],[122.740221,14.313762],[122.738463,14.312064],[122.736302,14.311512],[122.73019,14.311621],[122.728212,14.312067],[122.725421,14.311396],[122.723313,14.311935],[122.71949,14.31433],[122.71747,14.314716],[122.717569,14.315853],[122.716345,14.316896],[122.715245,14.319304],[122.713449,14.321473],[122.713232,14.324127],[122.713725,14.324787],[122.713817,14.328408],[122.714814,14.330341],[122.715475,14.330682],[122.715833,14.332628],[122.715283,14.334785],[122.715443,14.336706],[122.714851,14.338848],[122.712649,14.340212],[122.710674,14.34014],[122.707863,14.339072],[122.702646,14.338766],[122.702021,14.338319],[122.699225,14.338332],[122.695471,14.337259],[122.694607,14.33568],[122.695386,14.333392],[122.693983,14.33382],[122.692963,14.335984],[122.693147,14.338422],[122.688323,14.343925],[122.68693,14.344077],[122.686903,14.342963],[122.685798,14.342261],[122.683682,14.341783],[122.682835,14.342694],[122.681633,14.340874],[122.680285,14.34081],[122.679004,14.339584],[122.676615,14.338949],[122.675334,14.339027],[122.674146,14.338182],[122.673707,14.339814],[122.672271,14.339855],[122.670429,14.341361],[122.668447,14.33947],[122.668033,14.336909],[122.668758,14.334871],[122.669056,14.332385],[122.668822,14.329633],[122.669953,14.328817],[122.670442,14.326208],[122.671313,14.325636],[122.672471,14.322312],[122.672471,14.321521],[122.674747,14.316119],[122.674855,14.314468],[122.675603,14.313674],[122.676623,14.311144],[122.678353,14.309038],[122.680721,14.305289],[122.681565,14.302051],[122.682053,14.302034],[122.684981,14.299428],[122.686248,14.297463],[122.68807,14.29548],[122.688332,14.294525],[122.690603,14.291955],[122.690107,14.290865],[122.692108,14.288341],[122.691939,14.287405],[122.693857,14.285379],[122.692367,14.282715],[122.68888,14.280103],[122.686915,14.28055],[122.683977,14.282177],[122.68202,14.283689],[122.680257,14.284106],[122.679107,14.285156],[122.679238,14.286249],[122.676881,14.288918],[122.67543,14.290036],[122.673695,14.289755],[122.672874,14.292055],[122.671806,14.293376],[122.671839,14.296179],[122.672734,14.297357],[122.672047,14.298216],[122.670421,14.298586],[122.669201,14.298288],[122.668268,14.299914],[122.667165,14.298984],[122.663912,14.300403],[122.663147,14.299552],[122.661704,14.299867],[122.66058,14.299198],[122.661808,14.298221],[122.66267,14.296226],[122.663134,14.293914],[122.664933,14.290775],[122.662099,14.29009],[122.658607,14.289542],[122.657831,14.291765],[122.657751,14.293572],[122.656988,14.295325],[122.657087,14.296577],[122.656007,14.298287],[122.654396,14.298232],[122.653601,14.299431],[122.653902,14.300283],[122.653339,14.301897],[122.653876,14.304558],[122.655708,14.304505],[122.656559,14.306184],[122.655337,14.308189],[122.655475,14.309561],[122.654577,14.310363],[122.65469,14.311622],[122.65364,14.314009],[122.652599,14.314537],[122.650158,14.313908],[122.649574,14.312394],[122.649577,14.310133],[122.652548,14.307102],[122.652715,14.305236],[122.653591,14.304923],[122.653216,14.303289],[122.651183,14.302296],[122.650166,14.301018],[122.648867,14.302369],[122.647213,14.302442],[122.645754,14.300373],[122.641669,14.295613],[122.638702,14.291568],[122.637997,14.291208],[122.638009,14.289603],[122.640561,14.289639],[122.642317,14.288776],[122.643407,14.287317],[122.641883,14.286883],[122.639478,14.286971],[122.639058,14.286187],[122.636708,14.284518],[122.634914,14.282869],[122.63394,14.282686],[122.632721,14.284273],[122.631462,14.284328],[122.630954,14.285728],[122.630709,14.289633],[122.630865,14.290884],[122.630258,14.29187],[122.631769,14.295446],[122.634541,14.297459],[122.636365,14.298029],[122.638633,14.297692],[122.638327,14.300235],[122.639642,14.300568],[122.638672,14.302918],[122.638723,14.304128],[122.636772,14.303376],[122.635149,14.304039],[122.6331,14.306347],[122.63359,14.307008],[122.632871,14.309334],[122.63165,14.312152],[122.632711,14.314718],[122.63503,14.315046],[122.632604,14.319366],[122.631238,14.319447],[122.629793,14.317278],[122.627074,14.314575],[122.628446,14.312696],[122.628144,14.310574],[122.628311,14.308185],[122.629962,14.307138],[122.629029,14.305329],[122.629359,14.302698],[122.62875,14.301816],[122.629438,14.299714],[122.628234,14.296869],[122.628903,14.293741],[122.625991,14.291562],[122.624492,14.28954],[122.620679,14.28866],[122.619015,14.289793],[122.618949,14.291148],[122.61821,14.292371],[122.617049,14.290277],[122.614719,14.290681],[122.613335,14.293159],[122.611313,14.292809],[122.610229,14.29391],[122.609305,14.295694],[122.60835,14.295049],[122.606111,14.296275],[122.605481,14.297346],[122.604352,14.297311],[122.6029,14.29843],[122.603258,14.300159],[122.601252,14.300662],[122.600344,14.301564],[122.598515,14.30244],[122.597056,14.302618],[122.596269,14.30469],[122.597595,14.3081],[122.598874,14.309114],[122.602227,14.30965],[122.604592,14.310995],[122.60598,14.310942],[122.607921,14.311845],[122.610243,14.312236],[122.611043,14.313811],[122.609802,14.31463],[122.602891,14.315456],[122.597833,14.317681],[122.597593,14.318786],[122.595473,14.319169],[122.594444,14.318925],[122.592853,14.319778],[122.589419,14.320064],[122.588242,14.319377],[122.586537,14.320204],[122.585299,14.320106],[122.582945,14.321379],[122.574436,14.324457],[122.574151,14.322388],[122.57247,14.322256],[122.570916,14.323076],[122.569472,14.325547],[122.566961,14.326892],[122.565164,14.327344],[122.563737,14.328955],[122.559129,14.330936],[122.559659,14.329227],[122.55953,14.326917],[122.558257,14.327362],[122.557178,14.326891],[122.555696,14.327702],[122.554147,14.330158],[122.552852,14.329654],[122.55081,14.331806],[122.55135,14.333146],[122.550222,14.334492],[122.54745,14.335301],[122.545865,14.336802],[122.544106,14.337017],[122.542633,14.335021],[122.54144,14.336284],[122.539929,14.336407],[122.538992,14.337563],[122.538077,14.340147],[122.535782,14.341282],[122.53232,14.340808],[122.531785,14.339347],[122.5324,14.338757],[122.531434,14.336405],[122.52903,14.335571],[122.527235,14.337637],[122.527117,14.338696],[122.52604,14.339353],[122.525415,14.34191],[122.52304,14.34252],[122.522226,14.344271],[122.523254,14.345763],[122.523019,14.346965],[122.523838,14.348018],[122.52215,14.348951],[122.520478,14.348095],[122.520916,14.346052],[122.519922,14.343993],[122.517803,14.34406],[122.517206,14.344877],[122.515302,14.344214],[122.512088,14.346131],[122.509317,14.34445],[122.509478,14.343015],[122.511992,14.3412],[122.511472,14.339615],[122.513438,14.338919],[122.51525,14.336001],[122.514853,14.333114],[122.515502,14.330017],[122.517255,14.329034],[122.518075,14.32926],[122.520323,14.327749],[122.520602,14.326212],[122.522564,14.325486],[122.523023,14.324647],[122.52619,14.322273],[122.524702,14.320745],[122.52274,14.319851],[122.521123,14.318565],[122.520866,14.317512],[122.519124,14.317235],[122.517576,14.319211],[122.515019,14.318448],[122.512714,14.318313],[122.5116,14.318973],[122.509618,14.321645],[122.508632,14.323906],[122.506358,14.326674],[122.506195,14.328467],[122.504381,14.329734],[122.503244,14.33102],[122.502226,14.333593],[122.503653,14.334529],[122.502693,14.335467],[122.497375,14.338047],[122.494337,14.336679],[122.493187,14.334688],[122.494255,14.333238],[122.490003,14.332825],[122.489854,14.331926],[122.488543,14.33091],[122.486414,14.328632],[122.483502,14.328492],[122.480763,14.329267],[122.477582,14.329425],[122.476535,14.331675],[122.477858,14.334694],[122.476919,14.336023],[122.476216,14.338306],[122.474753,14.33794],[122.472554,14.33885],[122.470969,14.339972],[122.469045,14.339656],[122.468628,14.338413],[122.469065,14.337244],[122.468722,14.334992],[122.467343,14.332216],[122.466447,14.331838],[122.466635,14.330467],[122.465711,14.329352],[122.465512,14.32811],[122.462833,14.329055],[122.461632,14.327454],[122.461111,14.328827],[122.458346,14.329449],[122.457485,14.330409],[122.45537,14.329331],[122.455767,14.328392],[122.453719,14.32424],[122.454468,14.32402],[122.454984,14.322148],[122.457882,14.321182],[122.45699,14.320078],[122.457163,14.318906],[122.4561,14.316924],[122.453734,14.319434],[122.453279,14.318616],[122.450188,14.318546],[122.449794,14.319327],[122.447318,14.318667],[122.44573,14.320388],[122.443673,14.321634],[122.443102,14.31618],[122.442631,14.315097],[122.440765,14.314869],[122.439451,14.315592],[122.437826,14.315332],[122.435115,14.316387],[122.431895,14.314959],[122.433049,14.313883],[122.431785,14.312368],[122.43254,14.311201],[122.433898,14.310401],[122.433895,14.30707],[122.434859,14.305503],[122.43446,14.303174],[122.430698,14.301042],[122.430417,14.299727],[122.428792,14.301281],[122.42989,14.301976],[122.428318,14.303803],[122.424075,14.305971],[122.42281,14.308837],[122.42216,14.311808],[122.422914,14.313179],[122.422822,14.314609],[122.421778,14.315716],[122.420316,14.315714],[122.419967,14.316674],[122.418519,14.316249],[122.417498,14.314704],[122.416084,14.314541],[122.414463,14.312609],[122.417893,14.31102],[122.418956,14.310201],[122.418746,14.307239],[122.416678,14.306693],[122.416864,14.305776],[122.416076,14.304488],[122.414578,14.303192],[122.415338,14.301807],[122.413383,14.298752],[122.413437,14.29644],[122.415747,14.294844],[122.41534,14.2936],[122.414222,14.293545],[122.413317,14.29189],[122.413762,14.290858],[122.413304,14.288954],[122.412334,14.28822],[122.412899,14.287142],[122.411009,14.286012],[122.40866,14.285149],[122.405459,14.284758],[122.402436,14.285134],[122.40059,14.282505],[122.399186,14.281043],[122.397354,14.280115],[122.394651,14.279941],[122.393733,14.27917],[122.391077,14.280993],[122.390903,14.282541],[122.389508,14.285335],[122.387636,14.286046],[122.387388,14.287266],[122.386187,14.28805],[122.384394,14.286956],[122.383096,14.284623],[122.382482,14.281808],[122.382723,14.280235],[122.383609,14.279009],[122.383974,14.275776],[122.382995,14.275201],[122.381129,14.275729],[122.38032,14.27469],[122.380365,14.273512],[122.379414,14.271981],[122.378236,14.268834],[122.378628,14.267663],[122.377833,14.266276],[122.37894,14.26365],[122.378919,14.260209],[122.379138,14.257321],[122.377602,14.258026],[122.375478,14.258165],[122.374457,14.258784],[122.372514,14.258798],[122.371901,14.256483],[122.369757,14.255681],[122.368982,14.254112],[122.36858,14.25223],[122.366028,14.252372],[122.362395,14.253656],[122.360809,14.252809],[122.35997,14.2504],[122.359958,14.248767],[122.360548,14.245757],[122.362106,14.244772],[122.363008,14.242992],[122.364287,14.241727],[122.364253,14.240322],[122.365776,14.239706],[122.366462,14.238601],[122.366535,14.236023],[122.367749,14.234024],[122.368041,14.232138],[122.368703,14.230777],[122.370765,14.229364],[122.373912,14.228499],[122.37415,14.227245],[122.37542,14.225157],[122.375914,14.22352],[122.378113,14.220402],[122.379972,14.219927],[122.380734,14.21812],[122.380957,14.216266],[122.381866,14.215348],[122.379986,14.21366],[122.377944,14.212966],[122.376436,14.213131],[122.374567,14.21208],[122.37085,14.212152],[122.370171,14.212869],[122.368764,14.212637],[122.365807,14.216636],[122.364076,14.217222],[122.362353,14.216938],[122.362233,14.214944],[122.360749,14.213881],[122.358919,14.214793],[122.35805,14.217459],[122.357093,14.218455],[122.356683,14.220905],[122.355947,14.222552],[122.353405,14.223207],[122.352737,14.223884],[122.350812,14.223947],[122.350539,14.225477],[122.349244,14.225378],[122.349569,14.223692],[122.348518,14.222866],[122.349745,14.221123],[122.349296,14.219936],[122.347351,14.219042],[122.346097,14.2179],[122.345791,14.21639],[122.346204,14.214739],[122.347194,14.214137],[122.34718,14.21231],[122.345976,14.211439],[122.34696,14.209103],[122.348307,14.207497],[122.351301,14.207462],[122.354022,14.209221],[122.35492,14.209103],[122.356011,14.207435],[122.355342,14.206079],[122.358912,14.204733],[122.35912,14.203154],[122.35763,14.203086],[122.356809,14.203982],[122.350904,14.204523],[122.350872,14.203185],[122.352187,14.202995],[122.354117,14.201737],[122.354953,14.200129],[122.358995,14.199565],[122.356082,14.198913],[122.355598,14.197709],[122.35564,14.194079],[122.356851,14.192947],[122.356233,14.188743],[122.354961,14.186845],[122.353327,14.186727],[122.353563,14.184984],[122.352126,14.185646],[122.34853,14.185757],[122.348761,14.187366],[122.347846,14.187844],[122.346986,14.186641],[122.345441,14.186721],[122.344632,14.187752],[122.344254,14.190289],[122.345244,14.192913],[122.345992,14.19572],[122.348193,14.197962],[122.34909,14.199892],[122.349132,14.201012],[122.347483,14.203263],[122.344384,14.203739],[122.343552,14.202224],[122.342348,14.203229],[122.341376,14.203263],[122.33725,14.201788],[122.335907,14.201738],[122.334979,14.200984],[122.33504,14.19975],[122.333609,14.199573],[122.33401,14.197402],[122.332368,14.196939],[122.334408,14.193068],[122.335649,14.190174],[122.337125,14.188454],[122.335871,14.188013],[122.335923,14.186255],[122.33772,14.184416],[122.337933,14.182834],[122.336889,14.181881],[122.337046,14.178143],[122.335644,14.175923],[122.335284,14.173482],[122.336065,14.171631],[122.335252,14.167794],[122.33622,14.164905],[122.337236,14.165299],[122.337754,14.163559],[122.337976,14.159799],[122.33707,14.157071],[122.336963,14.155423],[122.338401,14.154438],[122.338895,14.153016],[122.339922,14.151788],[122.341236,14.149012],[122.343133,14.147218],[122.345773,14.144125],[122.346081,14.142792],[122.347602,14.141155],[122.349141,14.14081],[122.350132,14.141254],[122.350731,14.138662],[122.352234,14.136298],[122.352971,14.133221],[122.352227,14.132525],[122.352019,14.128104],[122.35021,14.127358],[122.35003,14.124914],[122.349156,14.124453],[122.349415,14.121754],[122.349346,14.119333],[122.348,14.118543],[122.347551,14.116089],[122.347108,14.115775],[122.346422,14.113234],[122.344878,14.112674],[122.344035,14.113112],[122.341712,14.112293],[122.342731,14.114853],[122.342279,14.116714],[122.340555,14.116789],[122.339206,14.115995],[122.338886,14.114859],[122.33788,14.114623],[122.337189,14.113267],[122.33616,14.113106],[122.335375,14.111669],[122.333784,14.110587],[122.331171,14.10666],[122.327468,14.105777],[122.323394,14.105758],[122.322798,14.104814],[122.319753,14.10597],[122.318655,14.106761],[122.317964,14.105818],[122.315924,14.105969],[122.31255,14.105084],[122.311018,14.104222],[122.310214,14.102011],[122.307866,14.10203],[122.308035,14.100043],[122.306992,14.095307],[122.307188,14.09302],[122.306048,14.091265],[122.302951,14.089557],[122.301871,14.087203],[122.301664,14.084292],[122.302185,14.08155],[122.300609,14.078644],[122.298773,14.072661],[122.298697,14.071617],[122.299859,14.070317],[122.3019,14.071262],[122.3027,14.07069],[122.30352,14.06779],[122.305058,14.067548],[122.306754,14.069278],[122.307436,14.067989],[122.308593,14.068826],[122.309549,14.066785],[122.310968,14.067683],[122.312521,14.06654],[122.314041,14.066387],[122.313583,14.064589],[122.314291,14.063812],[122.318172,14.065008],[122.318349,14.063512],[122.323509,14.062624],[122.326092,14.063694],[122.326269,14.062704],[122.328403,14.06134],[122.329716,14.061815],[122.331067,14.061541],[122.331563,14.062924],[122.334694,14.063852],[122.335563,14.06326],[122.337154,14.063695],[122.3379,14.063179],[122.340784,14.064244],[122.360346,14.063437],[122.362046,14.062866],[122.383768,14.066641],[122.391905,14.078646],[122.396165,14.084713],[122.400547,14.087283],[122.408465,14.09057],[122.408741,14.092232],[122.407731,14.093538],[122.40914,14.093747],[122.410999,14.094646],[122.410121,14.096553],[122.411086,14.096972],[122.411813,14.095894],[122.413147,14.09597],[122.416392,14.097928],[122.417402,14.096971],[122.418678,14.098055],[122.418765,14.09996],[122.420326,14.101708],[122.420389,14.103205],[122.421921,14.105502],[122.422992,14.108095],[122.426335,14.10785],[122.427017,14.110995],[122.428424,14.110822],[122.429815,14.111302],[122.429906,14.112497],[122.432177,14.113516],[122.432709,14.11502],[122.432484,14.116092],[122.43387,14.117475],[122.433535,14.121447],[122.434943,14.124279],[122.438493,14.128101],[122.443477,14.132697],[122.446628,14.135111],[122.447243,14.136495],[122.446865,14.138116],[122.445497,14.139554],[122.445799,14.141958],[122.451993,14.150213],[122.464119,14.145637],[122.475169,14.141713],[122.493127,14.134777],[122.4994,14.13223],[122.530493,14.120067],[122.538911,14.116739],[122.557747,14.108189],[122.578838,14.098454],[122.598238,14.089548],[122.607623,14.085097],[122.613031,14.082416],[122.617708,14.080955],[122.624909,14.077083],[122.635072,14.072751],[122.641617,14.070068],[122.661737,14.0626],[122.666162,14.060908],[122.672533,14.058665],[122.677836,14.056025],[122.681687,14.055478],[122.686443,14.054057],[122.706312,14.046433],[122.718502,14.04274],[122.748072,14.030833],[122.762369,14.024993],[122.7716,14.021161],[122.792517,14.013752],[122.844654,13.985588],[122.846017,13.984732],[122.847174,13.982337],[122.847329,13.980841],[122.849519,13.980353],[122.850483,13.979566],[122.852001,13.977272],[122.852957,13.976679],[122.855051,13.977365],[122.856762,13.976027],[122.858803,13.975632],[122.875098,13.970773],[122.891865,13.96438],[122.90382,13.948699],[122.904041,13.948048],[122.902196,13.947278],[122.902842,13.945813],[122.90083,13.944422],[122.900186,13.943085],[122.901196,13.941985],[122.900371,13.940916],[122.900827,13.940135],[122.90378,13.9398],[122.90843,13.93975],[122.912051,13.939948],[122.915237,13.939071],[122.916434,13.938465],[122.918745,13.939075],[122.921091,13.938515],[122.921876,13.936944],[122.922845,13.936583],[122.924035,13.937919],[122.923831,13.934987],[122.925492,13.933792],[122.925173,13.932491],[122.923949,13.931359],[122.925069,13.929393],[122.924383,13.927019],[122.92565,13.926059],[122.924909,13.923468],[122.923057,13.921879],[122.924244,13.920649],[122.923965,13.919748],[122.926477,13.91892],[122.928363,13.920438],[122.928588,13.922099],[122.93122,13.922216],[122.932285,13.920844],[122.933854,13.921133],[122.935012,13.920559],[122.935925,13.92204],[122.939016,13.921315],[122.941046,13.922882],[122.942658,13.921925],[122.945259,13.921653],[122.946071,13.920881],[122.946346,13.919446],[122.947696,13.919956],[122.948912,13.919315],[122.95086,13.919741],[122.954332,13.917822],[122.956987,13.918252],[122.98449,13.89798],[122.986702,13.896254],[122.993515,13.89134],[122.998328,13.887083],[123.008221,13.879259],[123.022234,13.868653],[123.0428,13.852346],[123.060695,13.837581]]],"type":"Polygon"},"id":"4d8ff8abeabf044e2db381f640986292"},{"type":"Feature","properties":{"Shape_Leng":12.6075227891,"Shape_Area":0.33149978607,"ADM2_EN":"Masbate","ADM1_EN":"Region V","ADM0_EN":"Philippines (the)"},"geometry":{"coordinates":[[[124.086543,11.882562],[124.085991,11.881651],[124.083576,11.879651],[124.081355,11.878348],[124.080599,11.876897],[124.079152,11.876352],[124.080895,11.875277],[124.083712,11.872653],[124.08387,11.871945],[124.085607,11.870469],[124.086951,11.868251],[124.089079,11.867891],[124.090744,11.868326],[124.091444,11.869259],[124.094143,11.871502],[124.095872,11.870798],[124.096521,11.872166],[124.095305,11.876072],[124.093028,11.87847],[124.089707,11.88059],[124.088884,11.881798],[124.086543,11.882562]]],"type":"Polygon"},"id":"4e030a856ad2511ad35ed74dc64324ed"},{"type":"Feature","properties":{"Shape_Leng":6.50784082915,"Shape_Area":0.20593851959,"ADM2_EN":"Albay","ADM1_EN":"Region V","ADM0_EN":"Philippines (the)"},"geometry":{"coordinates":[[[123.828364,13.274077],[123.82687,13.273905],[123.826503,13.2727],[123.827176,13.27092],[123.826873,13.269327],[123.828919,13.267706],[123.830118,13.26741],[123.831361,13.268698],[123.831249,13.270088],[123.833691,13.269842],[123.834927,13.270851],[123.832393,13.273249],[123.829368,13.273351],[123.828364,13.274077]]],"type":"Polygon"},"id":"4f3a628ab4609d4489ac2023e5ba9049"},{"type":"Feature","properties":{"Shape_Leng":6.50784082915,"Shape_Area":0.20593851959,"ADM2_EN":"Albay","ADM1_EN":"Region V","ADM0_EN":"Philippines (the)"},"geometry":{"coordinates":[[[123.765555,13.407375],[123.764103,13.406054],[123.763615,13.404742],[123.765502,13.401734],[123.766232,13.39997],[123.769671,13.396585],[123.774037,13.38932],[123.776583,13.386355],[123.781023,13.383112],[123.783214,13.382392],[123.784567,13.381348],[123.787285,13.380318],[123.790291,13.378579],[123.79304,13.37569],[123.793055,13.374336],[123.793717,13.372893],[123.794971,13.372087],[123.795949,13.370262],[123.797277,13.368672],[123.798309,13.366354],[123.799799,13.365476],[123.802584,13.362908],[123.805695,13.361087],[123.808208,13.358245],[123.809683,13.357627],[123.810934,13.356016],[123.8129,13.354984],[123.814538,13.354805],[123.81708,13.353329],[123.817998,13.35232],[123.819799,13.351327],[123.821985,13.350746],[123.822688,13.351945],[123.823786,13.352135],[123.824766,13.350944],[123.825045,13.349741],[123.827597,13.347973],[123.830515,13.345004],[123.831561,13.344834],[123.834196,13.343398],[123.835577,13.344191],[123.836415,13.346349],[123.8377,13.348492],[123.838643,13.348963],[123.839186,13.350756],[123.838554,13.35305],[123.841596,13.356347],[123.840832,13.357479],[123.839153,13.357259],[123.838988,13.358731],[123.840472,13.359405],[123.841685,13.363234],[123.843783,13.364167],[123.844217,13.364794],[123.846101,13.363593],[123.847934,13.363147],[123.848344,13.363985],[123.846821,13.365038],[123.84603,13.366402],[123.848911,13.366591],[123.84913,13.368087],[123.851681,13.368755],[123.85128,13.36984],[123.849026,13.371643],[123.846429,13.371065],[123.844599,13.371585],[123.843653,13.372315],[123.842477,13.37109],[123.840955,13.370412],[123.839956,13.369416],[123.839417,13.367598],[123.837414,13.366778],[123.837163,13.368309],[123.835571,13.367892],[123.832496,13.369593],[123.830246,13.369862],[123.829802,13.368714],[123.826486,13.368674],[123.827984,13.370914],[123.827292,13.372316],[123.828319,13.373093],[123.827583,13.374327],[123.824672,13.373751],[123.823998,13.375119],[123.824074,13.376897],[123.822963,13.377555],[123.824951,13.379083],[123.822935,13.380924],[123.822844,13.383232],[123.822168,13.384219],[123.820732,13.384202],[123.819877,13.385835],[123.8176,13.387786],[123.815095,13.388372],[123.814084,13.387554],[123.81192,13.388026],[123.812859,13.389423],[123.81216,13.390536],[123.809803,13.390947],[123.808518,13.391909],[123.807526,13.393899],[123.803087,13.394251],[123.801798,13.39514],[123.800251,13.395556],[123.799711,13.394978],[123.797643,13.394793],[123.796821,13.394187],[123.795534,13.391974],[123.793346,13.392441],[123.791839,13.394704],[123.792604,13.397015],[123.794114,13.397993],[123.792303,13.398642],[123.791581,13.397489],[123.79028,13.397489],[123.782646,13.402044],[123.780077,13.401949],[123.779185,13.402481],[123.776647,13.401777],[123.774819,13.400322],[123.774478,13.399582],[123.771317,13.401538],[123.767888,13.404445],[123.767209,13.405326],[123.767704,13.406505],[123.765555,13.407375]]],"type":"Polygon"},"id":"4f540b966ea11dfaabc624afea5b706a"},{"type":"Feature","properties":{"Shape_Leng":6.1439204171,"Shape_Area":0.17758777007,"ADM2_EN":"Camarines Norte","ADM1_EN":"Region V","ADM0_EN":"Philippines (the)"},"geometry":{"coordinates":[[[122.90468,14.500558],[122.903618,14.499597],[122.90472,14.498057],[122.903018,14.496503],[122.902098,14.495015],[122.902124,14.493876],[122.903056,14.49236],[122.904726,14.492809],[122.905159,14.494824],[122.906759,14.494546],[122.907295,14.495406],[122.905977,14.497043],[122.90659,14.497578],[122.906351,14.499277],[122.90468,14.500558]]],"type":"Polygon"},"id":"518007c87da2f76e42db670d12696ccf"},{"type":"Feature","properties":{"Shape_Leng":4.38779781402,"Shape_Area":0.12208236107,"ADM2_EN":"Catanduanes","ADM1_EN":"Region V","ADM0_EN":"Philippines (the)"},"geometry":{"coordinates":[[[124.318972,13.900469],[124.315249,13.899232],[124.315739,13.897967],[124.317572,13.89899],[124.318972,13.900469]]],"type":"Polygon"},"id":"56183b198016f3a3d59249998d0d5f0e"},{"type":"Feature","properties":{"Shape_Leng":12.538796574,"Shape_Area":0.4415854832,"ADM2_EN":"Camarines Sur","ADM1_EN":"Region V","ADM0_EN":"Philippines (the)"},"geometry":{"coordinates":[[[123.856464,13.867024],[123.855134,13.866732],[123.853518,13.865508],[123.85481,13.864134],[123.854858,13.862882],[123.855958,13.860867],[123.855615,13.859934],[123.857441,13.859553],[123.858932,13.861892],[123.861132,13.864053],[123.858634,13.865441],[123.856464,13.867024]]],"type":"Polygon"},"id":"585793f99b777e1636441b6a4c5d8d4b"},{"type":"Feature","properties":{"Shape_Leng":12.538796574,"Shape_Area":0.4415854832,"ADM2_EN":"Camarines Sur","ADM1_EN":"Region V","ADM0_EN":"Philippines (the)"},"geometry":{"coordinates":[[[123.582145,13.932904],[123.581875,13.931217],[123.579931,13.930196],[123.578834,13.93061],[123.577933,13.92816],[123.578735,13.927376],[123.58059,13.927313],[123.581417,13.925548],[123.583739,13.924445],[123.584708,13.923467],[123.585196,13.922029],[123.58713,13.922399],[123.58892,13.921767],[123.590079,13.922158],[123.592986,13.921508],[123.59391,13.919692],[123.593029,13.918751],[123.5948,13.917749],[123.594641,13.916543],[123.595766,13.916141],[123.596528,13.916892],[123.596277,13.918313],[123.597406,13.920436],[123.599074,13.919742],[123.59875,13.922705],[123.599432,13.923785],[123.597001,13.926056],[123.594862,13.926574],[123.592603,13.926158],[123.591373,13.926802],[123.588595,13.92686],[123.58727,13.928329],[123.584973,13.929115],[123.583116,13.930429],[123.583317,13.932272],[123.582145,13.932904]]],"type":"Polygon"},"id":"5a8f09a83f2190d2a20ff764f80742f0"},{"type":"Feature","properties":{"Shape_Leng":6.1439204171,"Shape_Area":0.17758777007,"ADM2_EN":"Camarines Norte","ADM1_EN":"Region V","ADM0_EN":"Philippines (the)"},"geometry":{"coordinates":[[[122.90759,14.493008],[122.90582,14.491965],[122.907874,14.490801],[122.908479,14.491766],[122.90759,14.493008]]],"type":"Polygon"},"id":"5ae12070bddc5b6b17c740d8bd613327"},{"type":"Feature","properties":{"Shape_Leng":12.538796574,"Shape_Area":0.4415854832,"ADM2_EN":"Camarines Sur","ADM1_EN":"Region V","ADM0_EN":"Philippines (the)"},"geometry":{"coordinates":[[[123.849205,13.84284],[123.847886,13.842211],[123.847891,13.839755],[123.845427,13.839168],[123.84378,13.839477],[123.842787,13.838609],[123.839787,13.838839],[123.839409,13.8377],[123.843512,13.836479],[123.843469,13.83536],[123.84204,13.835412],[123.841104,13.83407],[123.842307,13.832525],[123.844494,13.832674],[123.846296,13.833519],[123.846486,13.831516],[123.847788,13.831207],[123.849591,13.828982],[123.849767,13.827538],[123.85129,13.828082],[123.852585,13.829842],[123.850884,13.833682],[123.851777,13.837737],[123.852458,13.83889],[123.850749,13.841898],[123.849205,13.84284]]],"type":"Polygon"},"id":"5b32327332aa72a2a5f56327c76dc369"},{"type":"Feature","properties":{"Shape_Leng":12.6075227891,"Shape_Area":0.33149978607,"ADM2_EN":"Masbate","ADM1_EN":"Region V","ADM0_EN":"Philippines (the)"},"geometry":{"coordinates":[[[123.637757,12.022123],[123.636188,12.021929],[123.634533,12.02066],[123.632463,12.020154],[123.6316,12.019533],[123.633553,12.01709],[123.635114,12.016294],[123.636022,12.016754],[123.637072,12.020594],[123.637757,12.022123]]],"type":"Polygon"},"id":"5b38b4e8a68afccd9d13a33c3433d8c4"},{"type":"Feature","properties":{"Shape_Leng":12.6075227891,"Shape_Area":0.33149978607,"ADM2_EN":"Masbate","ADM1_EN":"Region V","ADM0_EN":"Philippines (the)"},"geometry":{"coordinates":[[[123.590473,12.718076],[123.588971,12.717526],[123.591087,12.715426],[123.593443,12.713572],[123.594069,12.71266],[123.595621,12.711962],[123.59796,12.710225],[123.598175,12.714011],[123.596767,12.714611],[123.59655,12.715557],[123.592837,12.717386],[123.590473,12.718076]]],"type":"Polygon"},"id":"5d032170b4eefc82aef6ef0bdaaaea15"},{"type":"Feature","properties":{"Shape_Leng":12.538796574,"Shape_Area":0.4415854832,"ADM2_EN":"Camarines Sur","ADM1_EN":"Region V","ADM0_EN":"Philippines (the)"},"geometry":{"coordinates":[[[123.251881,13.960828],[123.250734,13.960293],[123.250516,13.95802],[123.254783,13.957195],[123.252183,13.959793],[123.251881,13.960828]]],"type":"Polygon"},"id":"5f7d60ddbfe66cd221d38c61f20195b6"},{"type":"Feature","properties":{"Shape_Leng":6.46106998989,"Shape_Area":0.16541690876,"ADM2_EN":"Sorsogon","ADM1_EN":"Region V","ADM0_EN":"Philippines (the)"},"geometry":{"coordinates":[[[124.158179,12.859109],[124.154453,12.858478],[124.153366,12.856907],[124.153429,12.855448],[124.155253,12.855997],[124.155166,12.853368],[124.156928,12.853308],[124.158256,12.854629],[124.15854,12.856416],[124.158179,12.859109]]],"type":"Polygon"},"id":"5fe2eb6c4f5e714672f7101eec092b79"},{"type":"Feature","properties":{"Shape_Leng":12.6075227891,"Shape_Area":0.33149978607,"ADM2_EN":"Masbate","ADM1_EN":"Region V","ADM0_EN":"Philippines (the)"},"geometry":{"coordinates":[[[122.973953,13.157007],[122.972501,13.155031],[122.96648,13.150821],[122.965769,13.148989],[122.962925,13.147516],[122.960601,13.147687],[122.960336,13.146547],[122.95696,13.145883],[122.954981,13.146129],[122.954264,13.145627],[122.953119,13.143531],[122.951856,13.142368],[122.949507,13.14137],[122.947616,13.141894],[122.946829,13.141528],[122.947094,13.139884],[122.948382,13.136282],[122.949868,13.134285],[122.951199,13.13463],[122.952961,13.134353],[122.955527,13.133213],[122.95713,13.130719],[122.959153,13.12922],[122.960034,13.130595],[122.961239,13.131161],[122.961131,13.133795],[122.962679,13.135748],[122.963904,13.135817],[122.968236,13.134035],[122.969937,13.134961],[122.972338,13.13532],[122.973166,13.137574],[122.975219,13.139013],[122.974654,13.139736],[122.97732,13.142299],[122.978554,13.142999],[122.978501,13.145029],[122.976458,13.148361],[122.977449,13.149355],[122.978161,13.154096],[122.977942,13.155404],[122.97607,13.157361],[122.974662,13.156196],[122.973953,13.157007]]],"type":"Polygon"},"id":"600faf7a9b1fee87453226f4103a03cf"},{"type":"Feature","properties":{"Shape_Leng":6.46106998989,"Shape_Area":0.16541690876,"ADM2_EN":"Sorsogon","ADM1_EN":"Region V","ADM0_EN":"Philippines (the)"},"geometry":{"coordinates":[[[123.482265,12.988444],[123.488483,12.985946],[123.493268,12.98289],[123.494992,12.980806],[123.496181,12.976988],[123.497779,12.97534],[123.498642,12.972962],[123.501672,12.970572],[123.503628,12.968307],[123.505856,12.966893],[123.509119,12.964122],[123.511185,12.959215],[123.513278,12.956505],[123.514398,12.955744],[123.51748,12.952389],[123.519598,12.950447],[123.521278,12.949978],[123.524484,12.947201],[123.525557,12.945801],[123.526535,12.943684],[123.527245,12.939515],[123.529789,12.937252],[123.532682,12.937407],[123.533708,12.939269],[123.535047,12.940037],[123.533524,12.94297],[123.534064,12.945843],[123.535409,12.947913],[123.537524,12.949042],[123.543999,12.950059],[123.547484,12.949436],[123.550688,12.948439],[123.555977,12.946071],[123.556862,12.944505],[123.559,12.943431],[123.561554,12.940796],[123.564179,12.938829],[123.566424,12.935965],[123.569843,12.932761],[123.572177,12.929809],[123.572061,12.928064],[123.577066,12.923274],[123.579892,12.920199],[123.585505,12.913481],[123.587095,12.910882],[123.588497,12.907776],[123.589135,12.905208],[123.590147,12.906414],[123.591771,12.905814],[123.592024,12.904384],[123.593603,12.902323],[123.595169,12.901906],[123.596671,12.902214],[123.599065,12.901984],[123.604783,12.900405],[123.608703,12.899506],[123.610989,12.899591],[123.615494,12.898741],[123.6185,12.898509],[123.620806,12.897836],[123.62282,12.89621],[123.622836,12.895079],[123.620752,12.896494],[123.617918,12.897504],[123.617472,12.896713],[123.624001,12.894126],[123.62886,12.891633],[123.635294,12.887476],[123.639304,12.884324],[123.643662,12.880273],[123.646998,12.876491],[123.648409,12.874423],[123.65195,12.871028],[123.652751,12.870512],[123.653691,12.872647],[123.655548,12.875515],[123.65447,12.877143],[123.655637,12.879296],[123.654529,12.880504],[123.656705,12.881402],[123.656652,12.882947],[123.657785,12.88574],[123.660497,12.887394],[123.662057,12.889317],[123.661492,12.889805],[123.658934,12.889977],[123.657201,12.891587],[123.656236,12.891152],[123.654104,12.892721],[123.653367,12.894454],[123.653234,12.895975],[123.651967,12.898522],[123.65337,12.899196],[123.654564,12.900885],[123.654487,12.902632],[123.655566,12.903346],[123.654036,12.905708],[123.655676,12.907737],[123.656166,12.90915],[123.657608,12.911103],[123.658882,12.911685],[123.66226,12.913872],[123.662737,12.915733],[123.662135,12.917684],[123.663681,12.917653],[123.664191,12.91698],[123.665538,12.917791],[123.667044,12.917553],[123.667871,12.918347],[123.669972,12.918423],[123.671993,12.920724],[123.673329,12.921446],[123.675373,12.921698],[123.675949,12.922681],[123.679005,12.921907],[123.68089,12.922096],[123.681716,12.923426],[123.678201,12.926095],[123.676533,12.926509],[123.67734,12.928272],[123.67715,12.929114],[123.677966,12.930573],[123.679925,12.929185],[123.679943,12.927891],[123.681652,12.926144],[123.683703,12.926195],[123.683179,12.924546],[123.685545,12.921892],[123.684044,12.921116],[123.683701,12.919918],[123.681918,12.919036],[123.682675,12.918231],[123.684503,12.918752],[123.686625,12.916866],[123.687918,12.918008],[123.689336,12.91772],[123.690573,12.919089],[123.689903,12.922054],[123.691027,12.922157],[123.692241,12.924825],[123.693102,12.923386],[123.694538,12.92443],[123.695111,12.925846],[123.694274,12.926319],[123.694334,12.928342],[123.693667,12.930408],[123.694439,12.931195],[123.696065,12.931765],[123.6967,12.932835],[123.695641,12.934511],[123.695057,12.936508],[123.696576,12.937095],[123.697062,12.935163],[123.697929,12.933937],[123.69909,12.935085],[123.701227,12.934333],[123.702425,12.936222],[123.704728,12.936375],[123.707483,12.938516],[123.709411,12.941487],[123.711312,12.941026],[123.709349,12.939155],[123.709412,12.937139],[123.710824,12.937581],[123.715349,12.937817],[123.714675,12.936312],[123.712046,12.936374],[123.711049,12.936769],[123.708535,12.935921],[123.707318,12.935835],[123.708178,12.93292],[123.70616,12.933211],[123.704146,12.934123],[123.703505,12.93386],[123.702966,12.931958],[123.700824,12.930069],[123.69797,12.927092],[123.697963,12.925078],[123.697049,12.922482],[123.696088,12.921814],[123.695763,12.920442],[123.694751,12.920171],[123.694626,12.918397],[123.696302,12.916005],[123.694137,12.915067],[123.694446,12.916779],[123.693634,12.917056],[123.691989,12.916534],[123.690963,12.915075],[123.688387,12.915086],[123.686645,12.913837],[123.686077,12.912733],[123.6864,12.910976],[123.684054,12.911143],[123.682833,12.909221],[123.683909,12.907141],[123.683233,12.904113],[123.681687,12.903546],[123.679431,12.903573],[123.678223,12.905205],[123.674601,12.906448],[123.674354,12.907965],[123.672726,12.908037],[123.676254,12.904109],[123.677895,12.901711],[123.678621,12.898454],[123.678511,12.897558],[123.679087,12.894653],[123.681374,12.892458],[123.68124,12.891402],[123.682053,12.888907],[123.68111,12.88763],[123.682844,12.885581],[123.684676,12.881923],[123.684635,12.878512],[123.684289,12.877508],[123.682294,12.876126],[123.684997,12.872481],[123.688752,12.867858],[123.690817,12.86623],[123.692535,12.8653],[123.694933,12.866718],[123.695448,12.870377],[123.696431,12.871549],[123.69778,12.872265],[123.700365,12.8729],[123.704551,12.872893],[123.705524,12.875229],[123.705209,12.876635],[123.706434,12.877645],[123.70528,12.878921],[123.703326,12.877209],[123.702731,12.87558],[123.700298,12.875496],[123.698876,12.87591],[123.696665,12.877563],[123.695359,12.877969],[123.691993,12.881313],[123.691848,12.882178],[123.689916,12.884124],[123.68837,12.886821],[123.689737,12.887109],[123.689202,12.888897],[123.688493,12.889422],[123.688812,12.891821],[123.69024,12.895416],[123.692674,12.896729],[123.693845,12.896571],[123.695802,12.894977],[123.696803,12.895523],[123.697307,12.896814],[123.698558,12.895807],[123.698094,12.894181],[123.695909,12.893376],[123.698471,12.889805],[123.698354,12.888362],[123.700498,12.888493],[123.702047,12.889011],[123.70376,12.887591],[123.703705,12.885021],[123.706503,12.883351],[123.708799,12.883419],[123.707173,12.884664],[123.707489,12.886599],[123.709374,12.886495],[123.710404,12.885791],[123.712027,12.885611],[123.713611,12.886935],[123.715181,12.886612],[123.714535,12.885323],[123.716953,12.884538],[123.717866,12.885491],[123.71966,12.884835],[123.723228,12.886647],[123.72424,12.88561],[123.725683,12.886484],[123.726044,12.887798],[123.727137,12.888171],[123.727324,12.889847],[123.728283,12.891335],[123.727709,12.892467],[123.730445,12.892335],[123.730794,12.894024],[123.732213,12.894582],[123.73197,12.896158],[123.732859,12.896565],[123.734273,12.893988],[123.733229,12.893776],[123.732488,12.891936],[123.731186,12.890263],[123.731358,12.888458],[123.730309,12.887936],[123.732113,12.885787],[123.73347,12.886499],[123.736053,12.887058],[123.736833,12.887589],[123.739072,12.887408],[123.73896,12.886733],[123.741631,12.885294],[123.740614,12.884773],[123.739436,12.88561],[123.737809,12.885337],[123.736331,12.885827],[123.733929,12.884951],[123.732825,12.883868],[123.733232,12.882411],[123.732674,12.881836],[123.731347,12.883149],[123.731051,12.884222],[123.729802,12.884152],[123.729026,12.883177],[123.729325,12.882256],[123.726436,12.881186],[123.72577,12.8829],[123.724275,12.884248],[123.722384,12.883736],[123.721838,12.882575],[123.720041,12.882747],[123.718534,12.882184],[123.716217,12.882831],[123.71545,12.881821],[123.711542,12.88033],[123.71107,12.879127],[123.71154,12.877957],[123.710113,12.876091],[123.713166,12.875272],[123.714381,12.876028],[123.716821,12.874969],[123.718869,12.876819],[123.721131,12.875989],[123.723301,12.871977],[123.724531,12.872211],[123.72533,12.870828],[123.728246,12.871829],[123.728758,12.870047],[123.730174,12.870097],[123.731361,12.869168],[123.728121,12.868761],[123.726782,12.866507],[123.7267,12.865374],[123.724886,12.86354],[123.724941,12.862472],[123.723788,12.860138],[123.723642,12.858177],[123.724041,12.856937],[123.725716,12.856992],[123.726259,12.85594],[123.726358,12.853453],[123.726984,12.853461],[123.730124,12.850007],[123.729514,12.849094],[123.731661,12.846836],[123.733966,12.845356],[123.7362,12.844997],[123.737897,12.845089],[123.741356,12.845942],[123.742507,12.845587],[123.744297,12.845886],[123.745854,12.847382],[123.74789,12.84777],[123.748951,12.848774],[123.749433,12.851367],[123.750941,12.853025],[123.75272,12.854041],[123.754085,12.855889],[123.755904,12.857725],[123.757428,12.858787],[123.758532,12.860441],[123.7608,12.863082],[123.763315,12.86716],[123.76375,12.869831],[123.762401,12.87535],[123.759598,12.876623],[123.758271,12.873963],[123.757755,12.874062],[123.759399,12.878788],[123.759434,12.880442],[123.761083,12.87912],[123.762619,12.878942],[123.763974,12.879885],[123.765752,12.881779],[123.767311,12.882204],[123.768211,12.880694],[123.769395,12.880576],[123.770749,12.881178],[123.771973,12.880885],[123.772077,12.879017],[123.771147,12.877989],[123.772071,12.875658],[123.773117,12.875187],[123.775085,12.876371],[123.77608,12.875679],[123.775806,12.874432],[123.777043,12.872992],[123.778057,12.873706],[123.780054,12.872651],[123.778999,12.871039],[123.780764,12.868858],[123.785126,12.867288],[123.786757,12.868156],[123.789408,12.867847],[123.790337,12.867046],[123.78962,12.866083],[123.790619,12.864124],[123.791665,12.864183],[123.793188,12.8633],[123.794413,12.863626],[123.795764,12.862856],[123.797055,12.863913],[123.797172,12.866949],[123.798665,12.867707],[123.799698,12.866324],[123.801332,12.865611],[123.803453,12.865581],[123.806224,12.866088],[123.806356,12.867757],[123.805604,12.870017],[123.809438,12.870829],[123.809094,12.874833],[123.810703,12.876069],[123.813372,12.875243],[123.814954,12.877183],[123.813783,12.878307],[123.815402,12.879001],[123.816358,12.881678],[123.816022,12.883954],[123.81509,12.885399],[123.816112,12.887046],[123.815658,12.889504],[123.817254,12.890417],[123.818479,12.890486],[123.819144,12.889681],[123.818803,12.888441],[123.81996,12.887111],[123.819111,12.885717],[123.820507,12.885008],[123.821238,12.883744],[123.820751,12.882869],[123.821405,12.881563],[123.822727,12.881682],[123.823369,12.880481],[123.820345,12.877509],[123.820316,12.875033],[123.823139,12.875698],[123.825361,12.875128],[123.828124,12.875189],[123.827928,12.878459],[123.829975,12.878716],[123.83042,12.879405],[123.829517,12.880576],[123.82963,12.881609],[123.831205,12.882165],[123.831755,12.884228],[123.830667,12.884937],[123.83153,12.887267],[123.832773,12.887886],[123.833869,12.889716],[123.835605,12.891081],[123.834166,12.892196],[123.834178,12.893848],[123.831053,12.896132],[123.830781,12.897138],[123.833926,12.896444],[123.833062,12.899647],[123.835003,12.898347],[123.834998,12.900276],[123.833363,12.901842],[123.835313,12.903728],[123.837271,12.9046],[123.839841,12.904023],[123.841342,12.90295],[123.842002,12.901616],[123.844038,12.901353],[123.84616,12.90028],[123.846537,12.898833],[123.847427,12.899005],[123.84832,12.897979],[123.849621,12.898064],[123.849818,12.899206],[123.849162,12.900951],[123.850351,12.901364],[123.851761,12.898792],[123.853111,12.897995],[123.854817,12.897815],[123.855823,12.898694],[123.85439,12.899387],[123.85413,12.900348],[123.855545,12.902742],[123.856868,12.902712],[123.858171,12.904091],[123.85637,12.90443],[123.856793,12.905819],[123.858296,12.906432],[123.858539,12.907331],[123.856336,12.908055],[123.857273,12.908965],[123.857335,12.910533],[123.857982,12.912238],[123.857429,12.914893],[123.858058,12.917249],[123.860103,12.91808],[123.859088,12.920442],[123.859381,12.92182],[123.862315,12.922243],[123.865877,12.923457],[123.866853,12.925935],[123.868591,12.925891],[123.868923,12.926884],[123.86839,12.928803],[123.868796,12.930578],[123.870813,12.931152],[123.870592,12.932737],[123.871173,12.934846],[123.873657,12.93526],[123.87473,12.93491],[123.876398,12.935953],[123.877783,12.936013],[123.879435,12.933803],[123.880761,12.93431],[123.879956,12.936171],[123.880237,12.937482],[123.881387,12.938338],[123.878745,12.940706],[123.878149,12.945062],[123.876532,12.944807],[123.872992,12.944845],[123.872745,12.946241],[123.877427,12.947531],[123.879212,12.946772],[123.880231,12.947603],[123.88163,12.947508],[123.882436,12.949228],[123.88262,12.951365],[123.883628,12.952429],[123.882567,12.955582],[123.881225,12.95756],[123.881238,12.959788],[123.882014,12.962982],[123.881581,12.966875],[123.882077,12.969316],[123.881879,12.971101],[123.882303,12.973133],[123.883182,12.974522],[123.883708,12.97641],[123.88316,12.977238],[123.884307,12.978461],[123.885169,12.977668],[123.886688,12.977658],[123.889091,12.978367],[123.889502,12.977902],[123.891842,12.977775],[123.892164,12.977179],[123.89515,12.975245],[123.896329,12.973607],[123.898131,12.974408],[123.899939,12.974062],[123.900492,12.972546],[123.902869,12.973405],[123.905034,12.976367],[123.909089,12.977446],[123.912711,12.976268],[123.913702,12.977569],[123.915688,12.977709],[123.917257,12.97903],[123.920864,12.979575],[123.923702,12.978449],[123.925275,12.976503],[123.928138,12.974653],[123.929483,12.971189],[123.927501,12.970204],[123.927276,12.967766],[123.928858,12.965741],[123.930023,12.965932],[123.932731,12.96494],[123.933976,12.965085],[123.936838,12.963851],[123.937967,12.963076],[123.93753,12.961045],[123.937702,12.959878],[123.939654,12.958044],[123.941177,12.957869],[123.943066,12.956916],[123.944854,12.957071],[123.946079,12.957817],[123.948916,12.956763],[123.95187,12.957838],[123.953976,12.95774],[123.95579,12.956992],[123.957986,12.957618],[123.958064,12.955462],[123.959037,12.95522],[123.961763,12.956034],[123.963073,12.957415],[123.966523,12.958264],[123.967098,12.956779],[123.968239,12.956906],[123.96829,12.954727],[123.969675,12.956479],[123.974865,12.958873],[123.975435,12.958312],[123.976633,12.960311],[123.977749,12.960321],[123.978631,12.961466],[123.981511,12.960977],[123.982455,12.962273],[123.984341,12.962758],[123.985882,12.963584],[123.987182,12.962991],[123.9874,12.962],[123.989059,12.96161],[123.989562,12.963469],[123.991224,12.963909],[123.99243,12.962875],[123.993728,12.963424],[123.99495,12.966257],[123.99661,12.96656],[123.997835,12.966065],[123.998105,12.964819],[123.99952,12.963252],[124.004608,12.963692],[124.004203,12.966807],[124.004401,12.96788],[124.006575,12.96778],[124.007989,12.968523],[124.007858,12.969309],[124.011642,12.969875],[124.01215,12.971628],[124.015704,12.972511],[124.016896,12.971743],[124.019578,12.97336],[124.020122,12.972444],[124.022399,12.972795],[124.02432,12.97034],[124.026879,12.968491],[124.029728,12.967084],[124.031365,12.965062],[124.03412,12.964106],[124.03223,12.9634],[124.031063,12.961817],[124.033367,12.954636],[124.034496,12.952266],[124.036275,12.94951],[124.036805,12.947331],[124.038821,12.945046],[124.040264,12.944879],[124.03944,12.94352],[124.039848,12.940898],[124.04082,12.93741],[124.040881,12.936106],[124.041869,12.930591],[124.041793,12.927724],[124.041364,12.925155],[124.040399,12.923701],[124.038467,12.922543],[124.036292,12.920631],[124.035319,12.918886],[124.033837,12.91261],[124.032784,12.909814],[124.030065,12.909454],[124.028471,12.908749],[124.026716,12.907336],[124.026773,12.904902],[124.027178,12.903414],[124.028337,12.902353],[124.029249,12.899634],[124.027834,12.894707],[124.026803,12.890079],[124.025516,12.889849],[124.024496,12.887832],[124.02285,12.886176],[124.022168,12.883823],[124.020372,12.880464],[124.018559,12.877972],[124.014165,12.87617],[124.010696,12.87543],[124.006912,12.875666],[124.005641,12.875188],[124.003954,12.875521],[124.001428,12.871863],[123.999055,12.869637],[123.997084,12.869063],[123.996346,12.868046],[123.995469,12.865288],[123.997045,12.864164],[123.997063,12.862658],[123.995706,12.863194],[123.991298,12.863384],[123.989789,12.864875],[123.991074,12.866002],[123.992465,12.868455],[123.991977,12.870528],[123.991009,12.871861],[123.988123,12.873209],[123.990051,12.877032],[123.98823,12.877316],[123.982455,12.875148],[123.983848,12.876867],[123.985561,12.87738],[123.986636,12.878774],[123.985973,12.879881],[123.983036,12.879476],[123.979351,12.879924],[123.977984,12.879544],[123.976778,12.880812],[123.975343,12.880175],[123.974553,12.878261],[123.97492,12.876551],[123.973337,12.876525],[123.971186,12.87726],[123.969223,12.877256],[123.969323,12.878255],[123.965943,12.879081],[123.963063,12.87848],[123.962376,12.876166],[123.959655,12.875918],[123.956221,12.8764],[123.953985,12.875211],[123.952704,12.876448],[123.951841,12.876008],[123.949886,12.876194],[123.947478,12.874881],[123.945833,12.872428],[123.944751,12.872045],[123.943376,12.870773],[123.94141,12.870174],[123.940128,12.86932],[123.943195,12.868321],[123.94163,12.865335],[123.942783,12.862888],[123.943864,12.861343],[123.944352,12.855458],[123.945269,12.854029],[123.944267,12.853033],[123.944623,12.849476],[123.943271,12.848979],[123.941518,12.849447],[123.940644,12.852071],[123.940443,12.854866],[123.93928,12.852916],[123.9374,12.851195],[123.936699,12.848221],[123.936753,12.844822],[123.933131,12.844489],[123.932182,12.845233],[123.931597,12.846926],[123.931791,12.848345],[123.93099,12.851167],[123.928887,12.853008],[123.927838,12.852215],[123.927368,12.849986],[123.927662,12.848523],[123.926894,12.846182],[123.925405,12.845235],[123.92411,12.84723],[123.920932,12.849861],[123.92133,12.851277],[123.92094,12.852303],[123.919674,12.853141],[123.918479,12.85153],[123.917681,12.848895],[123.916638,12.848925],[123.915805,12.850689],[123.915803,12.852425],[123.914927,12.853493],[123.91434,12.8552],[123.911848,12.856142],[123.910686,12.856099],[123.910304,12.854845],[123.911102,12.854231],[123.909667,12.851363],[123.908551,12.850871],[123.906305,12.851374],[123.905344,12.853231],[123.90233,12.85429],[123.900523,12.855515],[123.899672,12.856719],[123.899236,12.858449],[123.89555,12.858533],[123.894304,12.860765],[123.892577,12.862098],[123.892269,12.86303],[123.887361,12.864682],[123.886483,12.864474],[123.884284,12.865113],[123.88162,12.866367],[123.881196,12.867605],[123.878998,12.868398],[123.878656,12.869376],[123.876921,12.870924],[123.875597,12.870072],[123.872396,12.870721],[123.871811,12.871664],[123.870213,12.872094],[123.868429,12.873183],[123.867408,12.873052],[123.863757,12.873893],[123.861284,12.87379],[123.858731,12.875507],[123.857861,12.873825],[123.859518,12.868486],[123.858904,12.86761],[123.859986,12.86516],[123.862447,12.863043],[123.863524,12.861491],[123.86272,12.859041],[123.861092,12.858877],[123.857331,12.856271],[123.855673,12.856169],[123.853382,12.857683],[123.851552,12.858171],[123.84787,12.857353],[123.84661,12.856455],[123.846613,12.854605],[123.849668,12.852821],[123.851757,12.853195],[123.853249,12.853911],[123.853675,12.851728],[123.855485,12.850219],[123.855638,12.848235],[123.855007,12.847504],[123.853609,12.847682],[123.851934,12.846351],[123.848594,12.848202],[123.845826,12.845957],[123.846492,12.844949],[123.846323,12.842979],[123.842839,12.840055],[123.843106,12.838377],[123.842448,12.837715],[123.841239,12.838317],[123.839756,12.837821],[123.838264,12.838322],[123.836893,12.838088],[123.835657,12.837059],[123.837246,12.836247],[123.839273,12.832579],[123.84076,12.830947],[123.840984,12.827845],[123.84002,12.827605],[123.837966,12.831885],[123.836274,12.833133],[123.835887,12.831509],[123.833059,12.829343],[123.831194,12.829276],[123.830542,12.827762],[123.835581,12.825071],[123.838195,12.822546],[123.840122,12.819727],[123.839456,12.817954],[123.840496,12.815443],[123.842811,12.808821],[123.844379,12.803514],[123.845414,12.802307],[123.845983,12.800584],[123.845216,12.799999],[123.845884,12.795602],[123.845913,12.793314],[123.845544,12.792229],[123.845494,12.786117],[123.844638,12.785848],[123.845446,12.783814],[123.845923,12.778092],[123.846157,12.769258],[123.846475,12.764234],[123.846371,12.762728],[123.845623,12.762302],[123.846294,12.751584],[123.846495,12.747056],[123.847174,12.739941],[123.848466,12.729096],[123.849804,12.720648],[123.850149,12.720064],[123.852461,12.711953],[123.854006,12.708739],[123.854555,12.708358],[123.858737,12.696969],[123.859773,12.692691],[123.860336,12.687899],[123.861073,12.686102],[123.862073,12.685824],[123.864236,12.683869],[123.866627,12.682171],[123.867699,12.680807],[123.870083,12.676443],[123.871258,12.673751],[123.872529,12.668859],[123.872313,12.666467],[123.873042,12.665746],[123.873039,12.664018],[123.874455,12.658324],[123.874533,12.656415],[123.87509,12.655316],[123.876571,12.655506],[123.880483,12.653171],[123.88427,12.650465],[123.885578,12.648833],[123.886886,12.648427],[123.888557,12.64722],[123.891419,12.644521],[123.897563,12.643807],[123.904439,12.642499],[123.907744,12.641424],[123.910196,12.640324],[123.912797,12.637402],[123.914543,12.629426],[123.915169,12.627661],[123.916435,12.619359],[123.91787,12.618146],[123.921343,12.617826],[123.924267,12.616748],[123.925453,12.617129],[123.926207,12.618591],[123.926252,12.620909],[123.926916,12.623919],[123.927865,12.625774],[123.929742,12.627453],[123.930509,12.62879],[123.933274,12.628209],[123.935389,12.626946],[123.937439,12.625328],[123.9388,12.625226],[123.938679,12.622394],[123.939876,12.621957],[123.939671,12.620241],[123.940234,12.616797],[123.937913,12.615868],[123.936696,12.614419],[123.937389,12.6116],[123.93871,12.612033],[123.940564,12.610098],[123.94175,12.607583],[123.941942,12.605863],[123.938959,12.604347],[123.937379,12.603167],[123.937193,12.60183],[123.937747,12.599443],[123.938788,12.598501],[123.940413,12.598637],[123.941895,12.600189],[123.944693,12.602571],[123.946933,12.601329],[123.945786,12.599469],[123.946159,12.595968],[123.946644,12.593855],[123.948166,12.589666],[123.949524,12.588769],[123.950998,12.589051],[123.952892,12.586124],[123.954789,12.585237],[123.95592,12.583808],[123.956381,12.581844],[123.955752,12.578478],[123.956363,12.57617],[123.957641,12.574745],[123.958892,12.574432],[123.960121,12.574932],[123.96195,12.574287],[123.962956,12.572313],[123.963226,12.570516],[123.964392,12.569377],[123.96616,12.569436],[123.968289,12.568353],[123.969727,12.566543],[123.970273,12.562327],[123.971377,12.560473],[123.973801,12.559102],[123.973513,12.557638],[123.974733,12.556372],[123.977574,12.556503],[123.979094,12.555057],[123.981972,12.554839],[123.983028,12.553975],[123.983983,12.551942],[123.987872,12.546211],[123.989053,12.545081],[123.990752,12.544431],[123.994206,12.546167],[123.995266,12.547416],[123.997512,12.546222],[123.998527,12.543774],[123.996928,12.543238],[123.996834,12.542152],[123.998479,12.541524],[124.001023,12.54143],[124.002399,12.540576],[124.004017,12.540324],[124.00819,12.540518],[124.01095,12.539818],[124.011668,12.541125],[124.012935,12.541455],[124.014117,12.539489],[124.018538,12.538366],[124.019801,12.53739],[124.020974,12.54104],[124.020778,12.542799],[124.022296,12.542557],[124.022972,12.539926],[124.024496,12.5373],[124.024507,12.535402],[124.025408,12.534935],[124.026901,12.535384],[124.026487,12.53672],[124.027916,12.537314],[124.030577,12.535801],[124.032062,12.536658],[124.03179,12.538587],[124.032202,12.54098],[124.035114,12.546487],[124.036516,12.545659],[124.036193,12.543086],[124.034802,12.54258],[124.035039,12.539545],[124.036014,12.538023],[124.036244,12.536565],[124.038145,12.534441],[124.039795,12.534711],[124.041924,12.533456],[124.044106,12.532966],[124.045035,12.534783],[124.047166,12.53536],[124.047567,12.537304],[124.048833,12.53895],[124.050943,12.539801],[124.052575,12.540014],[124.053812,12.539584],[124.057002,12.539528],[124.059838,12.53868],[124.064504,12.539156],[124.069955,12.538262],[124.07234,12.538832],[124.074306,12.540825],[124.075336,12.540766],[124.077616,12.539064],[124.077088,12.536711],[124.080167,12.536028],[124.081429,12.536633],[124.081077,12.538373],[124.081383,12.540856],[124.081032,12.543839],[124.08422,12.546256],[124.082782,12.549494],[124.082037,12.550172],[124.081519,12.554106],[124.083852,12.554502],[124.083859,12.555412],[124.086559,12.556076],[124.087607,12.556669],[124.089196,12.555857],[124.08877,12.554436],[124.089061,12.552226],[124.093003,12.553248],[124.094372,12.554688],[124.097645,12.556532],[124.097848,12.557366],[124.096272,12.558598],[124.095899,12.560162],[124.096144,12.562754],[124.096789,12.56427],[124.096138,12.565045],[124.096389,12.566762],[124.09488,12.567297],[124.095094,12.568367],[124.096569,12.569201],[124.095973,12.572572],[124.095088,12.571734],[124.09432,12.573178],[124.094235,12.574707],[124.092734,12.575045],[124.090246,12.577647],[124.087636,12.579133],[124.087078,12.578566],[124.08573,12.57924],[124.084934,12.580558],[124.085148,12.583266],[124.086316,12.583621],[124.087353,12.586056],[124.088869,12.587344],[124.090328,12.588011],[124.092549,12.588418],[124.095002,12.588102],[124.096414,12.589005],[124.096805,12.590485],[124.09826,12.591857],[124.100166,12.592124],[124.100871,12.591758],[124.103807,12.591587],[124.10577,12.591965],[124.109098,12.593111],[124.109784,12.594065],[124.109491,12.596506],[124.1085,12.597901],[124.108092,12.600072],[124.106825,12.60318],[124.105692,12.604851],[124.104258,12.609469],[124.104664,12.610701],[124.103929,12.611392],[124.102977,12.613951],[124.101081,12.615574],[124.097565,12.616754],[124.094517,12.619282],[124.094032,12.621117],[124.095393,12.625232],[124.094948,12.627106],[124.0953,12.628651],[124.094656,12.630147],[124.094921,12.632032],[124.095884,12.634222],[124.094132,12.635989],[124.094529,12.637229],[124.09602,12.637435],[124.09714,12.639787],[124.098244,12.640569],[124.101076,12.641116],[124.104173,12.64203],[124.105514,12.642743],[124.108313,12.64583],[124.109427,12.647518],[124.110606,12.647741],[124.111946,12.64964],[124.114103,12.650409],[124.114856,12.651752],[124.118198,12.652603],[124.118857,12.6535],[124.120749,12.65392],[124.122684,12.655659],[124.123535,12.657921],[124.124617,12.658464],[124.126403,12.658502],[124.127728,12.65924],[124.128775,12.659095],[124.131778,12.661777],[124.133892,12.662086],[124.133781,12.665677],[124.133317,12.666493],[124.133286,12.668622],[124.134003,12.669904],[124.135592,12.670315],[124.134689,12.673347],[124.134602,12.675172],[124.132302,12.676781],[124.130375,12.681651],[124.130191,12.683556],[124.129506,12.685916],[124.129969,12.690753],[124.131084,12.692191],[124.131379,12.693711],[124.132348,12.694471],[124.134384,12.694565],[124.136698,12.696035],[124.13769,12.696169],[124.140515,12.697671],[124.142155,12.699786],[124.141614,12.701312],[124.14091,12.705],[124.139565,12.707856],[124.138247,12.708411],[124.138386,12.70973],[124.139745,12.711483],[124.139178,12.71384],[124.136913,12.717193],[124.135722,12.718577],[124.136069,12.720147],[124.134528,12.72346],[124.134602,12.726115],[124.133348,12.727847],[124.132477,12.728283],[124.132221,12.73021],[124.131528,12.731605],[124.131701,12.734251],[124.132642,12.735369],[124.133597,12.737887],[124.135305,12.738431],[124.136313,12.739915],[124.137353,12.742878],[124.138019,12.74706],[124.137529,12.748843],[124.139287,12.751122],[124.139269,12.753251],[124.140381,12.756353],[124.140044,12.758335],[124.138615,12.760541],[124.137429,12.764558],[124.138038,12.766352],[124.140203,12.768085],[124.14206,12.770232],[124.144416,12.771478],[124.148538,12.772715],[124.149567,12.774503],[124.150249,12.778144],[124.149437,12.78397],[124.149886,12.78478],[124.148791,12.785578],[124.147701,12.788666],[124.148487,12.789019],[124.149392,12.791306],[124.148715,12.793889],[124.149498,12.796815],[124.15153,12.798299],[124.152726,12.802097],[124.153096,12.804181],[124.155564,12.80852],[124.15567,12.811693],[124.153922,12.815181],[124.153942,12.81901],[124.153635,12.820561],[124.15387,12.822914],[124.154866,12.823701],[124.154197,12.824767],[124.155038,12.827052],[124.155186,12.82946],[124.154172,12.832782],[124.152662,12.835696],[124.152262,12.838611],[124.149473,12.842065],[124.14793,12.842366],[124.147061,12.844696],[124.147659,12.845844],[124.14852,12.849268],[124.150492,12.849601],[124.150635,12.851424],[124.151252,12.852996],[124.15275,12.854969],[124.152708,12.857346],[124.155176,12.860072],[124.154047,12.861561],[124.151563,12.861752],[124.149975,12.862645],[124.149174,12.863991],[124.147261,12.865524],[124.144652,12.867183],[124.143863,12.86804],[124.142935,12.871398],[124.141457,12.87204],[124.13976,12.873355],[124.139879,12.874887],[124.14057,12.876732],[124.139896,12.877604],[124.141357,12.88119],[124.141379,12.883197],[124.142775,12.885366],[124.1441,12.886001],[124.146521,12.884126],[124.148034,12.885453],[124.148271,12.888935],[124.147519,12.890191],[124.148641,12.891762],[124.148594,12.892941],[124.147694,12.894088],[124.147054,12.896371],[124.145759,12.898016],[124.143652,12.899077],[124.142206,12.898117],[124.140313,12.89506],[124.141218,12.893857],[124.141181,12.892466],[124.13819,12.89347],[124.132922,12.891314],[124.130163,12.891187],[124.12591,12.892969],[124.122895,12.895917],[124.121509,12.897657],[124.118799,12.902666],[124.117741,12.905057],[124.117371,12.908745],[124.118092,12.910594],[124.120232,12.912326],[124.120439,12.913366],[124.122369,12.913005],[124.124159,12.913161],[124.125154,12.912722],[124.127817,12.913475],[124.131276,12.916017],[124.131056,12.917072],[124.128499,12.918707],[124.127679,12.918151],[124.126117,12.920948],[124.125328,12.924579],[124.126817,12.928295],[124.12916,12.929745],[124.131277,12.930073],[124.133372,12.92973],[124.13386,12.931666],[124.133657,12.933031],[124.135244,12.933037],[124.13635,12.932034],[124.138011,12.932778],[124.138161,12.931568],[124.141039,12.932646],[124.142197,12.933617],[124.142553,12.935381],[124.141569,12.936418],[124.142279,12.937417],[124.144006,12.941093],[124.144893,12.944676],[124.145337,12.948201],[124.146246,12.952626],[124.146976,12.953621],[124.147179,12.956251],[124.146121,12.959402],[124.145065,12.960411],[124.14655,12.961568],[124.147002,12.963506],[124.148001,12.965526],[124.149751,12.967046],[124.153369,12.968688],[124.153453,12.969906],[124.152322,12.971159],[124.150212,12.971411],[124.14858,12.972022],[124.145923,12.971439],[124.145085,12.96935],[124.144372,12.969531],[124.143159,12.968439],[124.141141,12.968703],[124.140376,12.969472],[124.141169,12.971229],[124.141296,12.973105],[124.141047,12.975888],[124.141425,12.979348],[124.142641,12.982466],[124.143303,12.983282],[124.146566,12.985066],[124.145977,12.986174],[124.14734,12.987787],[124.148721,12.98741],[124.148154,12.990056],[124.149687,12.990764],[124.149946,12.991708],[124.149603,12.994522],[124.150727,12.99597],[124.151504,12.998062],[124.156232,13.002125],[124.156668,13.003143],[124.158923,13.00338],[124.160716,13.00467],[124.162208,13.005189],[124.161684,13.00875],[124.162778,13.008804],[124.163443,13.007863],[124.165442,13.006575],[124.167679,13.006454],[124.169906,13.007502],[124.169755,13.006117],[124.171438,13.006483],[124.171607,13.004305],[124.17359,13.003987],[124.176773,13.00498],[124.177913,13.005667],[124.179348,13.005544],[124.181448,13.006183],[124.182611,13.006944],[124.184435,13.007045],[124.185458,13.008578],[124.185378,13.009341],[124.187313,13.009672],[124.18829,13.009283],[124.189656,13.010577],[124.191106,13.012782],[124.192245,13.013678],[124.19402,13.016838],[124.195963,13.016577],[124.197535,13.018402],[124.198287,13.021977],[124.196237,13.023559],[124.196325,13.025818],[124.193377,13.024898],[124.191602,13.026358],[124.190439,13.02651],[124.1909,13.028275],[124.188675,13.028435],[124.188703,13.029495],[124.187898,13.030942],[124.190941,13.031619],[124.192419,13.033655],[124.195247,13.035858],[124.196323,13.038175],[124.1961,13.040766],[124.19446,13.044501],[124.194647,13.046483],[124.19374,13.049379],[124.194986,13.051333],[124.195224,13.053544],[124.194853,13.054829],[124.193868,13.055506],[124.193355,13.058809],[124.19266,13.059239],[124.192916,13.060903],[124.191907,13.061838],[124.190988,13.063869],[124.18791,13.066762],[124.18437,13.066664],[124.1788,13.067738],[124.174815,13.068101],[124.170132,13.067892],[124.166578,13.068537],[124.162448,13.069651],[124.160721,13.068026],[124.15947,13.068907],[124.159822,13.069957],[124.157576,13.071788],[124.155775,13.07204],[124.153326,13.071535],[124.152734,13.072184],[124.151105,13.072257],[124.150068,13.073079],[124.148309,13.072755],[124.145124,13.070912],[124.144257,13.071877],[124.144987,13.073101],[124.144639,13.074472],[124.142969,13.074622],[124.140722,13.075409],[124.139303,13.07528],[124.13515,13.075707],[124.13305,13.074571],[124.131406,13.075092],[124.130701,13.074111],[124.126489,13.071683],[124.123443,13.070401],[124.120867,13.068955],[124.11782,13.067985],[124.113521,13.065841],[124.112719,13.065046],[124.111245,13.061535],[124.108251,13.060732],[124.106911,13.058676],[124.107098,13.058045],[124.106234,13.055041],[124.105747,13.050148],[124.107172,13.045612],[124.107105,13.044251],[124.106287,13.042391],[124.106287,13.038598],[124.105079,13.035515],[124.103958,13.031804],[124.101504,13.029787],[124.099925,13.027042],[124.098872,13.02616],[124.098196,13.02476],[124.098274,13.023197],[124.09758,13.020364],[124.096387,13.019829],[124.096975,13.017055],[124.096977,13.01524],[124.095485,13.013544],[124.0943,13.010405],[124.09307,13.010443],[124.091592,13.009271],[124.091108,13.006327],[124.09018,13.004455],[124.088804,13.003141],[124.086647,13.002438],[124.085902,13.001635],[124.08385,13.002329],[124.082643,13.002029],[124.081571,13.00367],[124.078422,13.004501],[124.077651,13.003808],[124.074804,13.003833],[124.074483,13.007345],[124.073665,13.008537],[124.071408,13.010421],[124.071534,13.011101],[124.073653,13.013772],[124.073351,13.014854],[124.07154,13.015383],[124.070223,13.016693],[124.070294,13.018463],[124.070857,13.020598],[124.070036,13.021225],[124.068123,13.02485],[124.067958,13.027481],[124.065585,13.030118],[124.065994,13.031487],[124.065208,13.032899],[124.063867,13.033957],[124.061257,13.03507],[124.057988,13.034934],[124.053716,13.036958],[124.052111,13.036967],[124.050726,13.037592],[124.045404,13.040861],[124.042994,13.041412],[124.040163,13.040422],[124.036493,13.041157],[124.035361,13.042566],[124.034632,13.044769],[124.031531,13.047865],[124.026258,13.050598],[124.024512,13.050956],[124.022218,13.052212],[124.021596,13.05427],[124.022002,13.055987],[124.021292,13.057639],[124.019138,13.058825],[124.018004,13.05906],[124.016429,13.060139],[124.015233,13.06151],[124.014616,13.063184],[124.014378,13.065935],[124.01254,13.06699],[124.010286,13.068946],[124.009654,13.07045],[124.00937,13.072545],[124.007118,13.07662],[124.004111,13.078141],[124.003352,13.079024],[124.00261,13.08108],[124.001173,13.082253],[123.999478,13.084662],[123.997941,13.086092],[123.996663,13.088558],[123.993829,13.091212],[123.991975,13.092285],[123.98745,13.092612],[123.983879,13.092396],[123.982144,13.091665],[123.98032,13.092056],[123.978783,13.093151],[123.976408,13.096997],[123.974562,13.101546],[123.97384,13.102009],[123.97177,13.109095],[123.970865,13.107548],[123.969259,13.105891],[123.967615,13.104887],[123.967519,13.102725],[123.966752,13.1023],[123.963925,13.102654],[123.962321,13.10121],[123.959784,13.101483],[123.958472,13.102653],[123.956473,13.103231],[123.954997,13.102993],[123.952072,13.104001],[123.95044,13.105544],[123.948711,13.105567],[123.947996,13.106125],[123.946168,13.109422],[123.944651,13.113004],[123.942386,13.114462],[123.939456,13.118298],[123.936994,13.119985],[123.93478,13.121082],[123.932637,13.121074],[123.930209,13.122359],[123.927825,13.121998],[123.92675,13.121362],[123.926763,13.121286],[123.926765,13.120887],[123.926351,13.118249],[123.928229,13.116794],[123.929893,13.113723],[123.929259,13.112247],[123.930036,13.111263],[123.929957,13.109924],[123.929135,13.108967],[123.928606,13.104329],[123.92917,13.102068],[123.925894,13.097091],[123.924979,13.096001],[123.924141,13.093534],[123.924249,13.092534],[123.923416,13.09138],[123.923189,13.089766],[123.921013,13.083766],[123.920068,13.078904],[123.91884,13.069074],[123.917795,13.06515],[123.915589,13.054929],[123.914621,13.051813],[123.912435,13.047547],[123.910064,13.044291],[123.906702,13.040932],[123.902403,13.03882],[123.895986,13.037643],[123.892129,13.038005],[123.888624,13.038696],[123.880916,13.041047],[123.875288,13.042301],[123.866235,13.042123],[123.86231,13.041738],[123.859246,13.040744],[123.85415,13.038508],[123.845529,13.034936],[123.839898,13.032433],[123.832971,13.028937],[123.822534,13.024403],[123.811238,13.021479],[123.805648,13.019028],[123.802377,13.015449],[123.799143,13.013054],[123.797027,13.01022],[123.795914,13.009488],[123.795775,13.008277],[123.791037,13.006643],[123.78863,13.004158],[123.787215,13.00462],[123.786984,13.002432],[123.786341,13.001771],[123.786221,12.999096],[123.784812,12.996995],[123.783342,12.995876],[123.782311,12.99453],[123.77937,12.993048],[123.77829,12.991627],[123.774539,12.990464],[123.773796,12.989173],[123.769544,12.987895],[123.768809,12.98638],[123.767656,12.986184],[123.762154,12.997107],[123.761905,12.995997],[123.759767,12.99647],[123.759812,12.998018],[123.758295,12.997302],[123.75579,12.997362],[123.75383,12.998271],[123.751985,12.997352],[123.751067,12.997989],[123.749286,12.996767],[123.748012,12.996559],[123.74598,12.996885],[123.744458,12.999378],[123.743417,13.002169],[123.74311,13.005257],[123.741555,13.008122],[123.738876,13.011187],[123.736439,13.016215],[123.735204,13.022015],[123.734619,13.023415],[123.73445,13.026391],[123.726188,13.027039],[123.722381,13.027039],[123.720283,13.02922],[123.722505,13.029942],[123.721797,13.031461],[123.72293,13.032022],[123.723081,13.034239],[123.722218,13.034338],[123.721701,13.035869],[123.719453,13.036964],[123.719842,13.038046],[123.719226,13.038893],[123.717244,13.039971],[123.714737,13.039926],[123.699529,13.033736],[123.695922,13.032993],[123.691053,13.031632],[123.684526,13.02852],[123.670669,13.024063],[123.668626,13.023889],[123.661985,13.021738],[123.662666,13.020391],[123.662975,13.018575],[123.662517,13.016265],[123.661298,13.016504],[123.659485,13.014541],[123.657503,13.015951],[123.655942,13.015175],[123.656253,13.014138],[123.655594,13.012759],[123.654056,13.012824],[123.652432,13.013933],[123.650005,13.019324],[123.643856,13.017729],[123.635732,13.014498],[123.635194,13.012126],[123.634443,13.010873],[123.632785,13.009704],[123.629689,13.010442],[123.628402,13.010109],[123.628444,13.01244],[123.62582,13.015293],[123.625525,13.016455],[123.623881,13.016524],[123.621963,13.018477],[123.62079,13.018306],[123.620291,13.019466],[123.62025,13.02298],[123.609148,13.022945],[123.598605,13.022718],[123.59238,13.022431],[123.591037,13.022668],[123.588617,13.019812],[123.586916,13.022239],[123.584807,13.023588],[123.583569,13.023825],[123.581166,13.025645],[123.57892,13.026053],[123.578373,13.027559],[123.579415,13.029446],[123.57895,13.030415],[123.574862,13.03007],[123.573177,13.028711],[123.570399,13.028038],[123.568287,13.026897],[123.566792,13.027134],[123.566006,13.025813],[123.566506,13.024601],[123.563065,13.023074],[123.561483,13.023667],[123.559564,13.025047],[123.557356,13.025738],[123.554085,13.025377],[123.548092,13.024415],[123.537828,13.018134],[123.531919,13.016806],[123.530691,13.016308],[123.526475,13.015478],[123.517825,13.012754],[123.505892,13.007606],[123.501134,13.004186],[123.492161,13.000911],[123.48508,12.994742],[123.485001,12.993753],[123.483294,12.992453],[123.483465,12.990487],[123.482362,12.990304],[123.482265,12.988444]]],"type":"Polygon"},"id":"653e1d02d2d8d0313de8773fbf70bb57"},{"type":"Feature","properties":{"Shape_Leng":12.538796574,"Shape_Area":0.4415854832,"ADM2_EN":"Camarines Sur","ADM1_EN":"Region V","ADM0_EN":"Philippines (the)"},"geometry":{"coordinates":[[[123.774902,13.973327],[123.775085,13.974914],[123.774108,13.974914],[123.773498,13.97351],[123.774902,13.973327]]],"type":"Polygon"},"id":"65560f59fa84da774b192f9fa18dabd7"},{"type":"Feature","properties":{"Shape_Leng":12.538796574,"Shape_Area":0.4415854832,"ADM2_EN":"Camarines Sur","ADM1_EN":"Region V","ADM0_EN":"Philippines (the)"},"geometry":{"coordinates":[[[123.820897,13.863826],[123.819875,13.862938],[123.820192,13.861655],[123.822621,13.861109],[123.821826,13.862963],[123.820897,13.863826]]],"type":"Polygon"},"id":"66a0426b2875e2627b201d7e55c668e8"},{"type":"Feature","properties":{"Shape_Leng":12.538796574,"Shape_Area":0.4415854832,"ADM2_EN":"Camarines Sur","ADM1_EN":"Region V","ADM0_EN":"Philippines (the)"},"geometry":{"coordinates":[[[123.638824,13.995044],[123.63807,13.994026],[123.638992,13.992401],[123.639233,13.990911],[123.63705,13.988473],[123.63939,13.984697],[123.64128,13.985766],[123.642368,13.989826],[123.64205,13.991876],[123.639511,13.993829],[123.638824,13.995044]]],"type":"Polygon"},"id":"66f44c4b26c3b8d69ba91817e75f07a0"},{"type":"Feature","properties":{"Shape_Leng":6.1439204171,"Shape_Area":0.17758777007,"ADM2_EN":"Camarines Norte","ADM1_EN":"Region V","ADM0_EN":"Philippines (the)"},"geometry":{"coordinates":[[[122.953888,14.496279],[122.952715,14.494397],[122.953616,14.493901],[122.953888,14.496279]]],"type":"Polygon"},"id":"674eaca7ae203bb2f6b434d926f2e974"},{"type":"Feature","properties":{"Shape_Leng":12.6075227891,"Shape_Area":0.33149978607,"ADM2_EN":"Masbate","ADM1_EN":"Region V","ADM0_EN":"Philippines (the)"},"geometry":{"coordinates":[[[123.661928,11.904486],[123.660169,11.903498],[123.65936,11.902231],[123.659342,11.90032],[123.658491,11.897981],[123.658497,11.893765],[123.659479,11.892164],[123.659642,11.89097],[123.658893,11.888827],[123.660315,11.882929],[123.660033,11.882254],[123.660656,11.880064],[123.661494,11.879467],[123.66197,11.877414],[123.663565,11.875341],[123.665432,11.873435],[123.669065,11.8713],[123.671171,11.870694],[123.671914,11.871119],[123.672917,11.873248],[123.674239,11.878215],[123.675035,11.880517],[123.675451,11.883975],[123.676049,11.885334],[123.675667,11.887066],[123.675079,11.893179],[123.674416,11.897927],[123.674537,11.89939],[123.673969,11.901913],[123.673018,11.903323],[123.671062,11.904154],[123.668843,11.904429],[123.663746,11.904021],[123.661928,11.904486]]],"type":"Polygon"},"id":"67a9e8b8e1ec10cfe452ed984ee79f47"},{"type":"Feature","properties":{"Shape_Leng":12.538796574,"Shape_Area":0.4415854832,"ADM2_EN":"Camarines Sur","ADM1_EN":"Region V","ADM0_EN":"Philippines (the)"},"geometry":{"coordinates":[[[123.805636,13.845292],[123.804902,13.845169],[123.804526,13.843349],[123.806463,13.844278],[123.805636,13.845292]]],"type":"Polygon"},"id":"67d5092c85511f25d2ceab379f3e1fc5"},{"type":"Feature","properties":{"Shape_Leng":6.1439204171,"Shape_Area":0.17758777007,"ADM2_EN":"Camarines Norte","ADM1_EN":"Region V","ADM0_EN":"Philippines (the)"},"geometry":{"coordinates":[[[122.938582,14.44482],[122.93889,14.442076],[122.9401,14.441358],[122.940587,14.442783],[122.938582,14.44482]]],"type":"Polygon"},"id":"6c133095a9c3d223a01d7b201084ca9e"},{"type":"Feature","properties":{"Shape_Leng":6.1439204171,"Shape_Area":0.17758777007,"ADM2_EN":"Camarines Norte","ADM1_EN":"Region V","ADM0_EN":"Philippines (the)"},"geometry":{"coordinates":[[[123.052079,14.129602],[123.052436,14.127842],[123.054728,14.126042],[123.055176,14.123383],[123.054917,14.12128],[123.057185,14.117131],[123.060461,14.112751],[123.060963,14.10808],[123.062629,14.106789],[123.062801,14.104769],[123.064068,14.10402],[123.064615,14.100941],[123.065836,14.099486],[123.066175,14.097306],[123.068632,14.097474],[123.069276,14.098587],[123.067314,14.103751],[123.067394,14.108122],[123.067666,14.11023],[123.067388,14.113976],[123.068254,14.117554],[123.069279,14.118616],[123.068706,14.119932],[123.069477,14.121579],[123.068902,14.126446],[123.067915,14.129314],[123.066635,14.129345],[123.065658,14.128447],[123.064289,14.12885],[123.059771,14.129578],[123.057831,14.129687],[123.054532,14.129051],[123.052079,14.129602]]],"type":"Polygon"},"id":"6cb06cbe7cd7862410b529c45c820dbb"},{"type":"Feature","properties":{"Shape_Leng":12.6075227891,"Shape_Area":0.33149978607,"ADM2_EN":"Masbate","ADM1_EN":"Region V","ADM0_EN":"Philippines (the)"},"geometry":{"coordinates":[[[123.024047,11.758962],[123.022564,11.758384],[123.022257,11.757505],[123.022785,11.756119],[123.026148,11.757001],[123.026224,11.758768],[123.024047,11.758962]]],"type":"Polygon"},"id":"6cdd032ba7fb3cd2effefa65ecde55fc"},{"type":"Feature","properties":{"Shape_Leng":6.46106998989,"Shape_Area":0.16541690876,"ADM2_EN":"Sorsogon","ADM1_EN":"Region V","ADM0_EN":"Philippines (the)"},"geometry":{"coordinates":[[[124.098093,12.570969],[124.09835,12.569085],[124.099641,12.569199],[124.098093,12.570969]]],"type":"Polygon"},"id":"6f3185095a61f472f878cab7e74a1b76"},{"type":"Feature","properties":{"Shape_Leng":12.538796574,"Shape_Area":0.4415854832,"ADM2_EN":"Camarines Sur","ADM1_EN":"Region V","ADM0_EN":"Philippines (the)"},"geometry":{"coordinates":[[[123.244609,13.748627],[123.242401,13.747908],[123.242347,13.744883],[123.243462,13.743756],[123.244585,13.745688],[123.246538,13.747083],[123.244609,13.748627]]],"type":"Polygon"},"id":"70912c0a865e6c06b87d80d2eaa98f1e"},{"type":"Feature","properties":{"Shape_Leng":6.1439204171,"Shape_Area":0.17758777007,"ADM2_EN":"Camarines Norte","ADM1_EN":"Region V","ADM0_EN":"Philippines (the)"},"geometry":{"coordinates":[[[122.917679,14.198207],[122.916334,14.197835],[122.916755,14.195937],[122.919,14.196191],[122.918834,14.197735],[122.917679,14.198207]]],"type":"Polygon"},"id":"71d00f39edea27d3761fa99243d42093"},{"type":"Feature","properties":{"Shape_Leng":12.538796574,"Shape_Area":0.4415854832,"ADM2_EN":"Camarines Sur","ADM1_EN":"Region V","ADM0_EN":"Philippines (the)"},"geometry":{"coordinates":[[[123.446065,13.965575],[123.443531,13.964411],[123.443267,13.963417],[123.446427,13.96392],[123.446065,13.965575]]],"type":"Polygon"},"id":"7352983d48323c7d0d3fa7332651d4dc"},{"type":"Feature","properties":{"Shape_Leng":12.538796574,"Shape_Area":0.4415854832,"ADM2_EN":"Camarines Sur","ADM1_EN":"Region V","ADM0_EN":"Philippines (the)"},"geometry":{"coordinates":[[[123.703918,13.965087],[123.704101,13.966674],[123.702087,13.965881],[123.70227,13.965087],[123.703918,13.965087]]],"type":"Polygon"},"id":"7673cb21b8989bc7680e6b039aa4c75b"},{"type":"Feature","properties":{"Shape_Leng":12.6075227891,"Shape_Area":0.33149978607,"ADM2_EN":"Masbate","ADM1_EN":"Region V","ADM0_EN":"Philippines (the)"},"geometry":{"coordinates":[[[122.846231,13.140957],[122.847152,13.142405],[122.844215,13.144529],[122.843768,13.142939],[122.846231,13.140957]]],"type":"Polygon"},"id":"772f995011217c01afa54802cd30ccfd"},{"type":"Feature","properties":{"Shape_Leng":6.46106998989,"Shape_Area":0.16541690876,"ADM2_EN":"Sorsogon","ADM1_EN":"Region V","ADM0_EN":"Philippines (the)"},"geometry":{"coordinates":[[[124.107016,12.550443],[124.105824,12.549212],[124.103815,12.548975],[124.103688,12.547929],[124.104522,12.547075],[124.105049,12.544424],[124.104718,12.543109],[124.103045,12.541742],[124.102419,12.540265],[124.101008,12.541942],[124.100927,12.542916],[124.098996,12.54333],[124.098393,12.542304],[124.097183,12.543648],[124.096275,12.543471],[124.09484,12.541256],[124.093394,12.537512],[124.09311,12.534386],[124.091409,12.531178],[124.088963,12.528257],[124.089902,12.52707],[124.09025,12.524369],[124.090947,12.523554],[124.096715,12.524635],[124.098594,12.525756],[124.100869,12.52814],[124.102267,12.52826],[124.10297,12.529135],[124.104532,12.529762],[124.104647,12.531808],[124.10609,12.532458],[124.10571,12.533515],[124.104194,12.534157],[124.103581,12.535259],[124.103324,12.538256],[124.104472,12.541293],[124.1056,12.542143],[124.107793,12.541929],[124.109162,12.544057],[124.111293,12.544302],[124.112239,12.542804],[124.113462,12.543026],[124.111654,12.547546],[124.111785,12.549225],[124.109064,12.549458],[124.107016,12.550443]]],"type":"Polygon"},"id":"784ff09e486373cc9e9d20b67a889059"},{"type":"Feature","properties":{"Shape_Leng":6.1439204171,"Shape_Area":0.17758777007,"ADM2_EN":"Camarines Norte","ADM1_EN":"Region V","ADM0_EN":"Philippines (the)"},"geometry":{"coordinates":[[[123.081582,14.092064],[123.081061,14.090911],[123.080602,14.087289],[123.08089,14.086541],[123.082643,14.085417],[123.083698,14.086291],[123.08425,14.089211],[123.082579,14.09187],[123.081582,14.092064]]],"type":"Polygon"},"id":"7a151b9cef9195a34d2360af5f08f43f"},{"type":"Feature","properties":{"Shape_Leng":4.38779781402,"Shape_Area":0.12208236107,"ADM2_EN":"Catanduanes","ADM1_EN":"Region V","ADM0_EN":"Philippines (the)"},"geometry":{"coordinates":[[[124.013171,14.026096],[124.013179,14.024544],[124.014153,14.023947],[124.015863,14.024373],[124.017623,14.022273],[124.018991,14.021763],[124.020108,14.019421],[124.020192,14.017399],[124.018132,14.016181],[124.017824,14.014508],[124.019257,14.01507],[124.022356,14.01507],[124.024165,14.01474],[124.024837,14.015754],[124.023267,14.018683],[124.021803,14.020705],[124.020895,14.021223],[124.018616,14.024299],[124.017045,14.025738],[124.01521,14.025746],[124.013627,14.02525],[124.013171,14.026096]]],"type":"Polygon"},"id":"7a4cf99919928102a7fb772e4522aed6"},{"type":"Feature","properties":{"Shape_Leng":6.50784082915,"Shape_Area":0.20593851959,"ADM2_EN":"Albay","ADM1_EN":"Region V","ADM0_EN":"Philippines (the)"},"geometry":{"coordinates":[[[123.85113,13.354361],[123.850047,13.351319],[123.848755,13.353058],[123.84669,13.352861],[123.845672,13.351244],[123.844835,13.352037],[123.843677,13.351438],[123.843106,13.349751],[123.844188,13.348876],[123.843469,13.347382],[123.841706,13.345867],[123.841314,13.345025],[123.839366,13.343377],[123.839095,13.342569],[123.840522,13.341311],[123.841703,13.341347],[123.843131,13.340061],[123.844718,13.339336],[123.842894,13.338194],[123.840091,13.337295],[123.840079,13.33616],[123.842342,13.333778],[123.845373,13.332541],[123.850286,13.328539],[123.850418,13.32792],[123.852383,13.325643],[123.856999,13.322936],[123.859595,13.319507],[123.861154,13.317835],[123.861699,13.315957],[123.861089,13.31432],[123.859905,13.313835],[123.858674,13.31254],[123.855828,13.312477],[123.854028,13.314278],[123.852657,13.314357],[123.852176,13.313268],[123.852141,13.311086],[123.851494,13.308725],[123.852222,13.303874],[123.851949,13.302164],[123.850406,13.298654],[123.850065,13.296192],[123.849214,13.293349],[123.849583,13.289236],[123.849058,13.28776],[123.849359,13.286289],[123.849189,13.283018],[123.848406,13.281771],[123.84956,13.27997],[123.849638,13.27768],[123.848144,13.276533],[123.846288,13.276872],[123.844663,13.275165],[123.84225,13.275952],[123.840409,13.273407],[123.842464,13.272821],[123.843061,13.271291],[123.844948,13.270658],[123.845019,13.272915],[123.849761,13.271695],[123.850858,13.270979],[123.849965,13.270103],[123.849989,13.267937],[123.848246,13.267229],[123.848059,13.26561],[123.852025,13.265046],[123.854003,13.264142],[123.854664,13.263195],[123.856075,13.262493],[123.85524,13.25907],[123.856338,13.257757],[123.856071,13.255311],[123.858212,13.255418],[123.858492,13.25323],[123.85721,13.25105],[123.860431,13.246877],[123.86184,13.245663],[123.8611,13.244302],[123.8611,13.242361],[123.863653,13.242057],[123.864257,13.243309],[123.862641,13.245646],[123.862093,13.247985],[123.860997,13.24883],[123.861243,13.249867],[123.863132,13.250058],[123.863818,13.249087],[123.865059,13.249413],[123.864389,13.250569],[123.865215,13.253621],[123.866365,13.253406],[123.866721,13.252253],[123.865955,13.250633],[123.867392,13.250019],[123.867998,13.251546],[123.867651,13.253855],[123.869073,13.254936],[123.869758,13.253979],[123.871037,13.253792],[123.871087,13.252154],[123.8703,13.251648],[123.870764,13.249954],[123.868864,13.247959],[123.868386,13.246402],[123.869108,13.244823],[123.868766,13.244215],[123.869167,13.242237],[123.870276,13.240219],[123.869937,13.238297],[123.870393,13.236957],[123.87204,13.234538],[123.872529,13.233076],[123.873481,13.232699],[123.874204,13.230091],[123.873646,13.228186],[123.872489,13.227569],[123.872109,13.223816],[123.875471,13.225327],[123.876895,13.224931],[123.87628,13.227393],[123.875479,13.228803],[123.876813,13.230103],[123.878772,13.230562],[123.881042,13.230489],[123.883259,13.229666],[123.88428,13.22805],[123.883161,13.22635],[123.883927,13.224625],[123.885722,13.225864],[123.886281,13.228891],[123.888892,13.229899],[123.890243,13.229842],[123.89235,13.230673],[123.893444,13.232018],[123.895219,13.232917],[123.895057,13.234563],[123.897148,13.235288],[123.898298,13.234128],[123.899336,13.234988],[123.898175,13.237402],[123.899411,13.239388],[123.900915,13.239953],[123.902824,13.239205],[123.903619,13.238114],[123.904828,13.237903],[123.905923,13.236843],[123.907495,13.237083],[123.909317,13.238247],[123.910935,13.238738],[123.909888,13.24049],[123.909688,13.241757],[123.908276,13.244173],[123.907429,13.244559],[123.905912,13.247655],[123.905342,13.247825],[123.90493,13.250117],[123.902902,13.2521],[123.901757,13.25239],[123.899983,13.253644],[123.899391,13.25457],[123.896061,13.257242],[123.89497,13.257741],[123.894132,13.258979],[123.894367,13.260562],[123.892628,13.261032],[123.890742,13.266898],[123.888615,13.268469],[123.88652,13.271612],[123.886728,13.274281],[123.886,13.274863],[123.885126,13.276978],[123.884833,13.28104],[123.885571,13.282234],[123.888403,13.280218],[123.888097,13.28211],[123.888433,13.283056],[123.890908,13.28363],[123.89236,13.282645],[123.895022,13.282201],[123.895235,13.283563],[123.893685,13.284403],[123.892763,13.286203],[123.893874,13.28781],[123.894468,13.289597],[123.896757,13.291662],[123.89684,13.292316],[123.900365,13.292115],[123.901035,13.293141],[123.900885,13.294352],[123.902518,13.298135],[123.902362,13.300268],[123.903438,13.302395],[123.904799,13.304104],[123.906947,13.305352],[123.911353,13.309046],[123.913419,13.308441],[123.915571,13.307397],[123.91665,13.305363],[123.918061,13.304846],[123.919466,13.306034],[123.919841,13.307527],[123.920688,13.308273],[123.923229,13.30918],[123.924157,13.310459],[123.924784,13.313083],[123.9242,13.315152],[123.925844,13.317937],[123.926322,13.319407],[123.92721,13.320324],[123.929012,13.321099],[123.928613,13.323718],[123.930012,13.324208],[123.930162,13.325519],[123.929558,13.326534],[123.930059,13.328011],[123.928556,13.32855],[123.928319,13.327364],[123.926037,13.326813],[123.924254,13.328121],[123.924158,13.329188],[123.921532,13.330383],[123.918287,13.329558],[123.918011,13.328397],[123.916224,13.328383],[123.914901,13.330256],[123.912072,13.330421],[123.911185,13.329843],[123.910047,13.33046],[123.907885,13.329699],[123.905724,13.33095],[123.905888,13.332291],[123.906671,13.333274],[123.905213,13.335852],[123.905716,13.337732],[123.907253,13.337195],[123.9078,13.337867],[123.906355,13.339577],[123.903561,13.340999],[123.90293,13.340249],[123.90117,13.340833],[123.898134,13.340851],[123.897561,13.339161],[123.897953,13.337747],[123.89618,13.337117],[123.895676,13.336425],[123.893615,13.338133],[123.891924,13.338287],[123.891022,13.339405],[123.888741,13.340545],[123.888031,13.343374],[123.886476,13.344054],[123.885227,13.345173],[123.885627,13.346961],[123.884194,13.347588],[123.882323,13.346904],[123.882866,13.345318],[123.881956,13.344523],[123.880964,13.342605],[123.879511,13.342418],[123.878502,13.340073],[123.876077,13.339334],[123.875339,13.340446],[123.876052,13.341424],[123.874781,13.343527],[123.872748,13.34363],[123.872798,13.345309],[123.873958,13.345641],[123.873614,13.346878],[123.874212,13.347925],[123.871642,13.348887],[123.869597,13.349073],[123.865167,13.350715],[123.864193,13.350622],[123.863907,13.348929],[123.861761,13.349402],[123.860128,13.350157],[123.857192,13.352963],[123.855275,13.35313],[123.853993,13.354296],[123.851992,13.353736],[123.85113,13.354361]]],"type":"Polygon"},"id":"7cbaf0304a3507238773763175c619e7"},{"type":"Feature","properties":{"Shape_Leng":12.6075227891,"Shape_Area":0.33149978607,"ADM2_EN":"Masbate","ADM1_EN":"Region V","ADM0_EN":"Philippines (the)"},"geometry":{"coordinates":[[[122.956508,13.084753],[122.956655,13.08325],[122.958342,13.081939],[122.958066,13.083978],[122.956508,13.084753]]],"type":"Polygon"},"id":"7d7688c93376ff7205c888dc89738adf"},{"type":"Feature","properties":{"Shape_Leng":12.6075227891,"Shape_Area":0.33149978607,"ADM2_EN":"Masbate","ADM1_EN":"Region V","ADM0_EN":"Philippines (the)"},"geometry":{"coordinates":[[[123.599395,12.675254],[123.597262,12.674914],[123.598825,12.672319],[123.600271,12.673404],[123.600302,12.675147],[123.599395,12.675254]]],"type":"Polygon"},"id":"7d847dd2e5eae6f373df75f64a04289d"},{"type":"Feature","properties":{"Shape_Leng":6.50784082915,"Shape_Area":0.20593851959,"ADM2_EN":"Albay","ADM1_EN":"Region V","ADM0_EN":"Philippines (the)"},"geometry":{"coordinates":[[[123.960915,13.308001],[123.959587,13.306466],[123.959557,13.305206],[123.958404,13.303945],[123.95803,13.301705],[123.958692,13.300733],[123.95872,13.298667],[123.957361,13.294352],[123.959458,13.294547],[123.961124,13.294072],[123.96259,13.294671],[123.965725,13.297529],[123.969437,13.298415],[123.96894,13.301097],[123.967143,13.303373],[123.963621,13.306465],[123.961684,13.307237],[123.960915,13.308001]]],"type":"Polygon"},"id":"7dc857bc7b8e54eb4e1291323727413f"},{"type":"Feature","properties":{"Shape_Leng":6.1439204171,"Shape_Area":0.17758777007,"ADM2_EN":"Camarines Norte","ADM1_EN":"Region V","ADM0_EN":"Philippines (the)"},"geometry":{"coordinates":[[[122.950917,14.375633],[122.95033,14.374705],[122.952818,14.371699],[122.954792,14.37062],[122.957031,14.37022],[122.957687,14.36958],[122.95974,14.369247],[122.961157,14.369435],[122.961141,14.370476],[122.962141,14.370978],[122.962929,14.372644],[122.961286,14.373211],[122.961731,14.374162],[122.960168,14.375595],[122.958796,14.37441],[122.955337,14.374417],[122.950917,14.375633]]],"type":"Polygon"},"id":"7e7bd6b120c5204e2eeb2a116041368e"},{"type":"Feature","properties":{"Shape_Leng":12.538796574,"Shape_Area":0.4415854832,"ADM2_EN":"Camarines Sur","ADM1_EN":"Region V","ADM0_EN":"Philippines (the)"},"geometry":{"coordinates":[[[123.278432,13.776917],[123.276531,13.777373],[123.273321,13.775732],[123.268781,13.775964],[123.268365,13.775157],[123.270989,13.773761],[123.27295,13.773874],[123.274178,13.775042],[123.275417,13.775062],[123.277164,13.776709],[123.278432,13.776917]]],"type":"Polygon"},"id":"817f44e765fac9ee604e1bab91151820"},{"type":"Feature","properties":{"Shape_Leng":6.1439204171,"Shape_Area":0.17758777007,"ADM2_EN":"Camarines Norte","ADM1_EN":"Region V","ADM0_EN":"Philippines (the)"},"geometry":{"coordinates":[[[122.590429,14.330626],[122.588452,14.32966],[122.586653,14.330254],[122.584135,14.330267],[122.584203,14.329417],[122.582036,14.326411],[122.58297,14.325886],[122.585695,14.326111],[122.585966,14.327251],[122.5892,14.32762],[122.590447,14.3287],[122.591443,14.3284],[122.59294,14.329154],[122.592626,14.330415],[122.590429,14.330626]]],"type":"Polygon"},"id":"83852ee50752fe58869fd34d5142c26f"},{"type":"Feature","properties":{"Shape_Leng":12.538796574,"Shape_Area":0.4415854832,"ADM2_EN":"Camarines Sur","ADM1_EN":"Region V","ADM0_EN":"Philippines (the)"},"geometry":{"coordinates":[[[123.270922,13.768776],[123.270891,13.770229],[123.269822,13.771033],[123.267774,13.771535],[123.267682,13.770772],[123.269383,13.769155],[123.270922,13.768776]]],"type":"Polygon"},"id":"83b1be5a447304985b1ec85f025b338d"},{"type":"Feature","properties":{"Shape_Leng":6.46106998989,"Shape_Area":0.16541690876,"ADM2_EN":"Sorsogon","ADM1_EN":"Region V","ADM0_EN":"Philippines (the)"},"geometry":{"coordinates":[[[124.08703,12.548569],[124.08705,12.547174],[124.089518,12.543786],[124.090431,12.544677],[124.090996,12.547338],[124.090181,12.548222],[124.08703,12.548569]]],"type":"Polygon"},"id":"86ba880da05c5c48acb74c47d646c1f7"},{"type":"Feature","properties":{"Shape_Leng":12.538796574,"Shape_Area":0.4415854832,"ADM2_EN":"Camarines Sur","ADM1_EN":"Region V","ADM0_EN":"Philippines (the)"},"geometry":{"coordinates":[[[123.391814,14.031233],[123.391085,14.030634],[123.391696,14.029355],[123.392666,14.029754],[123.391814,14.031233]]],"type":"Polygon"},"id":"8a0a592afd3c28516fc0b13e46318fe5"},{"type":"Feature","properties":{"Shape_Leng":12.6075227891,"Shape_Area":0.33149978607,"ADM2_EN":"Masbate","ADM1_EN":"Region V","ADM0_EN":"Philippines (the)"},"geometry":{"coordinates":[[[122.841988,13.144849],[122.842575,13.146407],[122.841122,13.147135],[122.840495,13.146408],[122.841988,13.144849]]],"type":"Polygon"},"id":"8a8fbb25c468194cae8ff4e98251f0cd"},{"type":"Feature","properties":{"Shape_Leng":4.38779781402,"Shape_Area":0.12208236107,"ADM2_EN":"Catanduanes","ADM1_EN":"Region V","ADM0_EN":"Philippines (the)"},"geometry":{"coordinates":[[[124.405577,13.773405],[124.40392,13.772564],[124.403531,13.771188],[124.404956,13.76939],[124.406131,13.769624],[124.408187,13.767097],[124.410856,13.766693],[124.412731,13.768968],[124.412392,13.770627],[124.409186,13.771895],[124.40882,13.770971],[124.40757,13.771221],[124.40689,13.772385],[124.405577,13.773405]]],"type":"Polygon"},"id":"8b400bf9c8ded45a4acb92c44e441044"},{"type":"Feature","properties":{"Shape_Leng":12.538796574,"Shape_Area":0.4415854832,"ADM2_EN":"Camarines Sur","ADM1_EN":"Region V","ADM0_EN":"Philippines (the)"},"geometry":{"coordinates":[[[123.895017,13.81195],[123.893449,13.810836],[123.894186,13.809264],[123.895958,13.809356],[123.897327,13.810944],[123.89714,13.811577],[123.895017,13.81195]]],"type":"Polygon"},"id":"8d6ea638ca30ded949994e329a45dd63"},{"type":"Feature","properties":{"Shape_Leng":4.38779781402,"Shape_Area":0.12208236107,"ADM2_EN":"Catanduanes","ADM1_EN":"Region V","ADM0_EN":"Philippines (the)"},"geometry":{"coordinates":[[[124.422425,13.806516],[124.421909,13.804983],[124.423655,13.804208],[124.423627,13.805881],[124.422425,13.806516]]],"type":"Polygon"},"id":"8d75c0434ab34f5a4d88f24086db3713"},{"type":"Feature","properties":{"Shape_Leng":12.538796574,"Shape_Area":0.4415854832,"ADM2_EN":"Camarines Sur","ADM1_EN":"Region V","ADM0_EN":"Philippines (the)"},"geometry":{"coordinates":[[[123.565267,13.968545],[123.563566,13.968606],[123.563193,13.967006],[123.565509,13.966463],[123.56665,13.968075],[123.565267,13.968545]]],"type":"Polygon"},"id":"8dbb46c4334e2686f2a8ce88c44c8135"},{"type":"Feature","properties":{"Shape_Leng":12.6075227891,"Shape_Area":0.33149978607,"ADM2_EN":"Masbate","ADM1_EN":"Region V","ADM0_EN":"Philippines (the)"},"geometry":{"coordinates":[[[123.556403,11.948471],[123.557183,11.949738],[123.556731,11.953803],[123.554566,11.958633],[123.551843,11.962123],[123.551332,11.960043],[123.552263,11.95652],[123.553244,11.953991],[123.554031,11.953014],[123.55575,11.948735],[123.556403,11.948471]]],"type":"Polygon"},"id":"905daf1a14d09a4a4a060c00da0dd4ef"},{"type":"Feature","properties":{"Shape_Leng":4.38779781402,"Shape_Area":0.12208236107,"ADM2_EN":"Catanduanes","ADM1_EN":"Region V","ADM0_EN":"Philippines (the)"},"geometry":{"coordinates":[[[124.326653,13.987034],[124.325569,13.986213],[124.326526,13.985306],[124.324989,13.982339],[124.325038,13.981109],[124.326047,13.979759],[124.326169,13.977687],[124.328895,13.973978],[124.327397,13.97167],[124.328922,13.970845],[124.33034,13.968573],[124.328711,13.967672],[124.327985,13.966553],[124.327531,13.964466],[124.325309,13.962154],[124.322911,13.962238],[124.320958,13.961528],[124.320858,13.964291],[124.321754,13.96558],[124.322032,13.967806],[124.323401,13.96781],[124.323991,13.969978],[124.323813,13.973121],[124.32424,13.974475],[124.323532,13.975151],[124.321619,13.975493],[124.320692,13.976257],[124.317172,13.976907],[124.316137,13.97651],[124.312921,13.977724],[124.31121,13.979017],[124.308447,13.978559],[124.308371,13.977364],[124.309637,13.976104],[124.310892,13.975696],[124.311058,13.974794],[124.312273,13.974168],[124.31244,13.971493],[124.313137,13.970373],[124.312778,13.969204],[124.31343,13.968361],[124.312522,13.966409],[124.312889,13.965389],[124.312392,13.964087],[124.312796,13.962897],[124.310927,13.961009],[124.309456,13.960471],[124.309777,13.958333],[124.311169,13.957244],[124.312224,13.957561],[124.313941,13.956417],[124.316353,13.954131],[124.319005,13.95376],[124.320049,13.954258],[124.321468,13.95339],[124.321266,13.951964],[124.321566,13.949461],[124.322179,13.948241],[124.322523,13.945831],[124.323538,13.944945],[124.325287,13.942217],[124.326785,13.941311],[124.328668,13.942935],[124.32819,13.945041],[124.329198,13.945907],[124.332022,13.944063],[124.333367,13.941596],[124.334771,13.941571],[124.33599,13.942212],[124.338115,13.941235],[124.341286,13.942229],[124.342495,13.942154],[124.344422,13.944065],[124.344023,13.945923],[124.346376,13.947907],[124.34724,13.947394],[124.349353,13.948144],[124.351233,13.946725],[124.353529,13.946038],[124.352634,13.94862],[124.354631,13.951619],[124.351619,13.953082],[124.350849,13.955438],[124.352006,13.956526],[124.350461,13.95769],[124.349136,13.956768],[124.347059,13.956249],[124.344714,13.953489],[124.344039,13.951072],[124.342999,13.949817],[124.342,13.950064],[124.340783,13.952006],[124.340365,13.953415],[124.342292,13.952669],[124.342278,13.95419],[124.345438,13.957691],[124.345955,13.960199],[124.348254,13.960858],[124.348187,13.962205],[124.346917,13.961766],[124.346147,13.962613],[124.346276,13.964825],[124.345129,13.966272],[124.344025,13.966739],[124.342923,13.968587],[124.341747,13.967195],[124.338456,13.968619],[124.336958,13.970289],[124.33414,13.970891],[124.332037,13.972407],[124.331289,13.97372],[124.331316,13.975084],[124.330728,13.97747],[124.331133,13.979352],[124.329528,13.98213],[124.32811,13.984032],[124.327688,13.985534],[124.326653,13.987034]]],"type":"Polygon"},"id":"922c243de577b7be13fc6db33c0845a5"},{"type":"Feature","properties":{"Shape_Leng":4.38779781402,"Shape_Area":0.12208236107,"ADM2_EN":"Catanduanes","ADM1_EN":"Region V","ADM0_EN":"Philippines (the)"},"geometry":{"coordinates":[[[124.059465,14.031578],[124.05863,14.030978],[124.059387,14.028026],[124.06074,14.026875],[124.060647,14.026047],[124.063241,14.021894],[124.064397,14.021135],[124.066435,14.021469],[124.065851,14.023167],[124.065118,14.023376],[124.064304,14.025392],[124.062904,14.02748],[124.061354,14.027121],[124.060801,14.028604],[124.061157,14.029496],[124.059465,14.031578]]],"type":"Polygon"},"id":"929f928cff353b85a3c7670b6be3239e"},{"type":"Feature","properties":{"Shape_Leng":12.538796574,"Shape_Area":0.4415854832,"ADM2_EN":"Camarines Sur","ADM1_EN":"Region V","ADM0_EN":"Philippines (the)"},"geometry":{"coordinates":[[[123.515227,13.958827],[123.514004,13.958749],[123.512285,13.957821],[123.511393,13.954564],[123.511595,13.953353],[123.512726,13.952862],[123.515807,13.9577],[123.515227,13.958827]]],"type":"Polygon"},"id":"92dbadfae10a32d13ca0e7ccc09f22e3"},{"type":"Feature","properties":{"Shape_Leng":12.538796574,"Shape_Area":0.4415854832,"ADM2_EN":"Camarines Sur","ADM1_EN":"Region V","ADM0_EN":"Philippines (the)"},"geometry":{"coordinates":[[[123.817959,13.978474],[123.816796,13.976947],[123.817526,13.975344],[123.817274,13.974098],[123.818908,13.973327],[123.81887,13.96995],[123.818515,13.968723],[123.818992,13.966697],[123.816762,13.964062],[123.816488,13.961413],[123.817233,13.958976],[123.817855,13.958708],[123.818606,13.956243],[123.81842,13.95436],[123.819038,13.952617],[123.818393,13.95065],[123.816692,13.948162],[123.815899,13.948402],[123.813203,13.947334],[123.812081,13.947959],[123.809848,13.947445],[123.807678,13.944618],[123.810311,13.944078],[123.810501,13.942808],[123.811732,13.942216],[123.812831,13.942414],[123.813644,13.940627],[123.815114,13.941212],[123.816691,13.939566],[123.816955,13.937432],[123.816268,13.936428],[123.814189,13.936723],[123.813927,13.933956],[123.815531,13.933463],[123.81611,13.931315],[123.818165,13.929962],[123.817985,13.927801],[123.81457,13.929355],[123.813734,13.929148],[123.811928,13.929876],[123.811981,13.92832],[123.811284,13.926134],[123.81121,13.9241],[123.813512,13.924676],[123.814329,13.924095],[123.815056,13.922257],[123.815186,13.919279],[123.814808,13.918221],[123.815694,13.916667],[123.815363,13.914768],[123.814097,13.914506],[123.811536,13.912345],[123.812857,13.911599],[123.814098,13.909761],[123.81567,13.909775],[123.816686,13.911024],[123.819208,13.911012],[123.81919,13.912355],[123.821245,13.912843],[123.822866,13.91201],[123.824416,13.910137],[123.824646,13.908169],[123.8242,13.907425],[123.825816,13.905124],[123.82636,13.900001],[123.824682,13.897481],[123.825681,13.89535],[123.827937,13.892916],[123.828714,13.891235],[123.829769,13.891037],[123.831397,13.889471],[123.832297,13.890587],[123.834538,13.891165],[123.837135,13.892672],[123.838576,13.895929],[123.837666,13.897829],[123.837934,13.898424],[123.840354,13.898723],[123.840204,13.90084],[123.840713,13.902534],[123.83992,13.903025],[123.838343,13.905784],[123.837886,13.909457],[123.836712,13.911759],[123.836144,13.915042],[123.835906,13.917991],[123.834871,13.922449],[123.83486,13.924167],[123.836296,13.924994],[123.83647,13.925992],[123.835486,13.927885],[123.835073,13.92952],[123.833918,13.930321],[123.832882,13.934264],[123.83145,13.936463],[123.832573,13.93702],[123.832934,13.938764],[123.83417,13.942421],[123.833856,13.943378],[123.832447,13.944015],[123.833427,13.946066],[123.834076,13.94615],[123.834879,13.944061],[123.836043,13.943226],[123.837267,13.943837],[123.837927,13.9454],[123.836555,13.947788],[123.836378,13.948988],[123.836897,13.951032],[123.835583,13.951061],[123.833799,13.952484],[123.834982,13.954894],[123.833748,13.956732],[123.834339,13.959122],[123.833615,13.960531],[123.833299,13.965496],[123.834466,13.966879],[123.836175,13.967926],[123.838068,13.967567],[123.839734,13.969629],[123.839381,13.970532],[123.83761,13.971716],[123.836517,13.973828],[123.832706,13.974152],[123.832276,13.975839],[123.831266,13.976046],[123.829583,13.974487],[123.827275,13.973552],[123.825054,13.973619],[123.822622,13.97491],[123.821582,13.974767],[123.819484,13.976087],[123.818977,13.977684],[123.817959,13.978474]]],"type":"Polygon"},"id":"93832de9f1d941e5f3abf86e7c33aecd"},{"type":"Feature","properties":{"Shape_Leng":6.50784082915,"Shape_Area":0.20593851959,"ADM2_EN":"Albay","ADM1_EN":"Region V","ADM0_EN":"Philippines (the)"},"geometry":{"coordinates":[[[123.60125,13.522687],[123.599484,13.522578],[123.595918,13.523255],[123.595032,13.522818],[123.591542,13.522358],[123.590021,13.521422],[123.587153,13.522272],[123.582803,13.522253],[123.58114,13.520969],[123.572525,13.519672],[123.566777,13.519075],[123.55754,13.517794],[123.553251,13.5175],[123.545608,13.516697],[123.545128,13.515268],[123.545467,13.510037],[123.543284,13.501666],[123.5447,13.491795],[123.545447,13.485836],[123.547138,13.483682],[123.555316,13.471729],[123.556642,13.469524],[123.567425,13.460824],[123.572689,13.458021],[123.575451,13.455228],[123.581292,13.448367],[123.584988,13.438728],[123.587835,13.426994],[123.588063,13.422057],[123.584698,13.408644],[123.583731,13.404182],[123.582431,13.395386],[123.57782,13.380938],[123.576213,13.378277],[123.573695,13.377561],[123.572591,13.375118],[123.570576,13.375081],[123.570306,13.374263],[123.568659,13.372933],[123.567988,13.371857],[123.571505,13.365336],[123.569302,13.365362],[123.566862,13.36492],[123.566083,13.363909],[123.559349,13.360391],[123.558326,13.358137],[123.557636,13.357884],[123.557165,13.356226],[123.555611,13.354617],[123.552396,13.353561],[123.551554,13.352796],[123.5481,13.353349],[123.545693,13.353243],[123.544686,13.353626],[123.541785,13.352331],[123.539361,13.353125],[123.537094,13.352937],[123.53636,13.351258],[123.536888,13.350198],[123.534379,13.349674],[123.532806,13.350922],[123.531516,13.350916],[123.530991,13.352216],[123.527211,13.35276],[123.526368,13.353549],[123.525379,13.352601],[123.523703,13.352766],[123.522448,13.352235],[123.520792,13.350672],[123.519831,13.348625],[123.518933,13.349836],[123.517796,13.350136],[123.516015,13.347955],[123.51341,13.347641],[123.512392,13.346792],[123.509022,13.347465],[123.50639,13.344835],[123.504757,13.345094],[123.504407,13.342469],[123.505217,13.340583],[123.503986,13.340382],[123.50109,13.341147],[123.500957,13.342454],[123.498862,13.344627],[123.496403,13.344123],[123.493796,13.344597],[123.492616,13.349333],[123.490325,13.350888],[123.49239,13.351556],[123.492757,13.352684],[123.491071,13.354809],[123.492456,13.35922],[123.493915,13.360365],[123.493835,13.361898],[123.492479,13.362955],[123.49099,13.363262],[123.490799,13.364325],[123.489684,13.364583],[123.488914,13.362718],[123.487081,13.361111],[123.486586,13.358845],[123.485714,13.358791],[123.484047,13.361406],[123.483899,13.364513],[123.484245,13.365932],[123.482457,13.368078],[123.480978,13.367458],[123.481511,13.365659],[123.481716,13.362417],[123.481205,13.361211],[123.480004,13.360419],[123.478994,13.360683],[123.478064,13.362684],[123.476248,13.363244],[123.473554,13.365802],[123.472235,13.365029],[123.473357,13.363265],[123.472788,13.361753],[123.471254,13.361198],[123.469404,13.361998],[123.468027,13.363971],[123.467078,13.363748],[123.466196,13.362437],[123.464609,13.362986],[123.46544,13.365279],[123.46571,13.368148],[123.4637,13.368246],[123.462515,13.365904],[123.460179,13.366064],[123.458546,13.36782],[123.458228,13.36987],[123.456061,13.368717],[123.456471,13.367067],[123.456059,13.366099],[123.454762,13.365803],[123.452903,13.366601],[123.451451,13.365758],[123.451557,13.364646],[123.450611,13.364051],[123.449829,13.365043],[123.449829,13.366665],[123.448905,13.367408],[123.446224,13.366211],[123.445573,13.364788],[123.444418,13.364355],[123.442866,13.364514],[123.440807,13.363145],[123.439298,13.361226],[123.437577,13.361297],[123.436947,13.362323],[123.435793,13.362614],[123.434327,13.362217],[123.432802,13.363097],[123.432464,13.361941],[123.431451,13.361063],[123.430113,13.361243],[123.425637,13.356696],[123.4257,13.354261],[123.424412,13.354292],[123.421976,13.355107],[123.421168,13.3542],[123.420722,13.351169],[123.419894,13.350815],[123.417581,13.3523],[123.415458,13.350165],[123.413874,13.34794],[123.412212,13.3471],[123.411799,13.34539],[123.410309,13.343811],[123.408844,13.343789],[123.408572,13.346344],[123.406455,13.347575],[123.405308,13.347092],[123.404526,13.345815],[123.401777,13.345418],[123.403017,13.342433],[123.401676,13.340926],[123.401034,13.337831],[123.401794,13.335534],[123.402907,13.334035],[123.404115,13.330681],[123.402972,13.330494],[123.398797,13.334653],[123.397269,13.336868],[123.396399,13.339194],[123.392595,13.341061],[123.386932,13.340275],[123.385876,13.339652],[123.3845,13.337568],[123.383933,13.336091],[123.382575,13.336163],[123.382113,13.336948],[123.374781,13.33821],[123.37317,13.337518],[123.374541,13.336633],[123.375619,13.334843],[123.37772,13.333064],[123.379768,13.332209],[123.380928,13.330909],[123.378718,13.328955],[123.3779,13.325951],[123.378167,13.323942],[123.379536,13.323743],[123.380193,13.322993],[123.382189,13.322779],[123.383847,13.321214],[123.384241,13.319924],[123.383788,13.31803],[123.382649,13.316266],[123.381435,13.315885],[123.381324,13.314769],[123.38008,13.314187],[123.379881,13.312341],[123.376538,13.311666],[123.375168,13.311895],[123.373553,13.31285],[123.370774,13.312915],[123.371577,13.311689],[123.373446,13.310179],[123.376614,13.309342],[123.377754,13.305574],[123.375655,13.303013],[123.370235,13.300384],[123.367785,13.299912],[123.366634,13.300471],[123.367065,13.302501],[123.36577,13.303411],[123.364768,13.302852],[123.363325,13.30096],[123.362966,13.29991],[123.360448,13.299699],[123.358147,13.300398],[123.355919,13.301939],[123.352905,13.305931],[123.352687,13.306672],[123.344912,13.301134],[123.335551,13.294827],[123.3202,13.290313],[123.312251,13.287249],[123.308497,13.283519],[123.298269,13.276377],[123.285223,13.269512],[123.284724,13.268313],[123.282186,13.266937],[123.280548,13.263421],[123.280987,13.262227],[123.282601,13.261138],[123.281368,13.2594],[123.281273,13.258541],[123.282593,13.25802],[123.286485,13.257691],[123.289207,13.255656],[123.291163,13.254735],[123.292781,13.253141],[123.29523,13.2496],[123.299725,13.243527],[123.302076,13.239579],[123.304693,13.236736],[123.306521,13.232596],[123.309544,13.22906],[123.311888,13.225427],[123.31367,13.223365],[123.314655,13.221597],[123.316788,13.214748],[123.319106,13.209473],[123.322828,13.206236],[123.324139,13.203266],[123.326612,13.199821],[123.327341,13.198223],[123.326513,13.194857],[123.325415,13.193928],[123.32515,13.192128],[123.324256,13.19083],[123.321008,13.188791],[123.319814,13.189336],[123.318151,13.188811],[123.316794,13.189455],[123.316243,13.192101],[123.313505,13.192238],[123.312009,13.191083],[123.3096,13.191584],[123.307185,13.187107],[123.306216,13.186554],[123.304923,13.187265],[123.305137,13.184875],[123.304827,13.183437],[123.303733,13.182313],[123.304805,13.180695],[123.30488,13.177834],[123.305623,13.17729],[123.306635,13.175159],[123.306761,13.173544],[123.307405,13.172227],[123.309206,13.171583],[123.310299,13.170298],[123.310894,13.168622],[123.310059,13.165819],[123.308264,13.163153],[123.306052,13.160599],[123.305237,13.160231],[123.301257,13.155904],[123.300222,13.155424],[123.298631,13.153715],[123.292694,13.149808],[123.292279,13.149211],[123.289619,13.148262],[123.288684,13.146838],[123.289137,13.144369],[123.288917,13.141976],[123.290468,13.139247],[123.290651,13.137803],[123.29193,13.134971],[123.292233,13.132091],[123.292124,13.128911],[123.292652,13.125676],[123.292244,13.120913],[123.291829,13.11841],[123.290524,13.113147],[123.289046,13.109557],[123.289294,13.108186],[123.288713,13.107095],[123.29015,13.104994],[123.291005,13.104624],[123.292129,13.102904],[123.29349,13.099501],[123.29443,13.096268],[123.295065,13.09135],[123.295975,13.089402],[123.296287,13.087484],[123.296214,13.083393],[123.295419,13.079148],[123.294457,13.075685],[123.293981,13.072521],[123.292129,13.068788],[123.289208,13.064442],[123.288144,13.063882],[123.286989,13.062339],[123.283705,13.06015],[123.282155,13.060214],[123.28105,13.058498],[123.28365,13.057064],[123.281621,13.056326],[123.282983,13.054662],[123.283859,13.055593],[123.2849,13.055371],[123.285473,13.054155],[123.287676,13.054271],[123.288513,13.055035],[123.288516,13.056489],[123.292127,13.057045],[123.293993,13.05664],[123.296994,13.054792],[123.298681,13.053131],[123.298729,13.051381],[123.299626,13.05126],[123.301354,13.049536],[123.302555,13.047274],[123.303127,13.045102],[123.30335,13.041832],[123.301496,13.039262],[123.300647,13.039017],[123.302009,13.037139],[123.304171,13.035245],[123.305467,13.031788],[123.306982,13.029391],[123.307575,13.026527],[123.307525,13.024373],[123.315556,13.014034],[123.319536,13.006877],[123.320873,13.006067],[123.323092,13.005986],[123.325574,13.007204],[123.326553,13.008777],[123.328898,13.011107],[123.330965,13.01238],[123.336616,13.01272],[123.338582,13.01188],[123.339902,13.012871],[123.344154,13.014471],[123.348265,13.016511],[123.350419,13.01702],[123.350666,13.017809],[123.352063,13.018162],[123.352226,13.019002],[123.353843,13.020077],[123.354538,13.02129],[123.355623,13.020194],[123.35636,13.021236],[123.358398,13.021671],[123.358996,13.020567],[123.36367,13.022969],[123.367051,13.025965],[123.369029,13.026701],[123.369891,13.027586],[123.369061,13.029339],[123.369663,13.0307],[123.369298,13.032108],[123.370256,13.03359],[123.370431,13.035607],[123.3714,13.036517],[123.375065,13.038505],[123.377608,13.039496],[123.379122,13.039321],[123.380453,13.040123],[123.383352,13.040824],[123.386976,13.040265],[123.38967,13.037678],[123.390757,13.036232],[123.390907,13.034354],[123.3925,13.032945],[123.393405,13.033284],[123.394717,13.0348],[123.395005,13.036313],[123.394353,13.038438],[123.395766,13.040658],[123.397252,13.041865],[123.399469,13.042978],[123.400786,13.044613],[123.405654,13.045807],[123.407887,13.045912],[123.409704,13.045381],[123.410663,13.04438],[123.412329,13.044101],[123.414715,13.043066],[123.416485,13.041109],[123.418144,13.040517],[123.419464,13.039157],[123.420929,13.040675],[123.423986,13.040467],[123.425834,13.039917],[123.427226,13.038524],[123.429518,13.037418],[123.431118,13.036233],[123.436379,13.029829],[123.440505,13.02948],[123.444608,13.028497],[123.447617,13.027219],[123.451687,13.024421],[123.456886,13.016414],[123.457324,13.015225],[123.458321,13.014859],[123.458883,13.013361],[123.459017,13.011554],[123.459669,13.009957],[123.459744,13.008398],[123.460625,13.006401],[123.461847,13.004897],[123.466997,12.999576],[123.470552,12.996117],[123.474023,12.993221],[123.476571,12.991359],[123.479978,12.989274],[123.482265,12.988444],[123.482362,12.990304],[123.483465,12.990487],[123.483294,12.992453],[123.485001,12.993753],[123.48508,12.994742],[123.492161,13.000911],[123.501134,13.004186],[123.505892,13.007606],[123.517825,13.012754],[123.526475,13.015478],[123.530691,13.016308],[123.531919,13.016806],[123.537828,13.018134],[123.548092,13.024415],[123.554085,13.025377],[123.557356,13.025738],[123.559564,13.025047],[123.561483,13.023667],[123.563065,13.023074],[123.566506,13.024601],[123.566006,13.025813],[123.566792,13.027134],[123.568287,13.026897],[123.570399,13.028038],[123.573177,13.028711],[123.574862,13.03007],[123.57895,13.030415],[123.579415,13.029446],[123.578373,13.027559],[123.57892,13.026053],[123.581166,13.025645],[123.583569,13.023825],[123.584807,13.023588],[123.586916,13.022239],[123.588617,13.019812],[123.591037,13.022668],[123.59238,13.022431],[123.598605,13.022718],[123.609148,13.022945],[123.62025,13.02298],[123.620291,13.019466],[123.62079,13.018306],[123.621963,13.018477],[123.623881,13.016524],[123.625525,13.016455],[123.62582,13.015293],[123.628444,13.01244],[123.628402,13.010109],[123.629689,13.010442],[123.632785,13.009704],[123.634443,13.010873],[123.635194,13.012126],[123.635732,13.014498],[123.643856,13.017729],[123.650005,13.019324],[123.652432,13.013933],[123.654056,13.012824],[123.655594,13.012759],[123.656253,13.014138],[123.655942,13.015175],[123.657503,13.015951],[123.659485,13.014541],[123.661298,13.016504],[123.662517,13.016265],[123.662975,13.018575],[123.662666,13.020391],[123.661985,13.021738],[123.668626,13.023889],[123.670669,13.024063],[123.684526,13.02852],[123.691053,13.031632],[123.695922,13.032993],[123.699529,13.033736],[123.714737,13.039926],[123.717244,13.039971],[123.719226,13.038893],[123.719842,13.038046],[123.719453,13.036964],[123.721701,13.035869],[123.722218,13.034338],[123.723081,13.034239],[123.72293,13.032022],[123.721797,13.031461],[123.722505,13.029942],[123.720283,13.02922],[123.722381,13.027039],[123.726188,13.027039],[123.73445,13.026391],[123.734619,13.023415],[123.735204,13.022015],[123.736439,13.016215],[123.738876,13.011187],[123.741555,13.008122],[123.74311,13.005257],[123.743417,13.002169],[123.744458,12.999378],[123.74598,12.996885],[123.748012,12.996559],[123.749286,12.996767],[123.751067,12.997989],[123.751985,12.997352],[123.75383,12.998271],[123.75579,12.997362],[123.758295,12.997302],[123.759812,12.998018],[123.759767,12.99647],[123.761905,12.995997],[123.762154,12.997107],[123.767656,12.986184],[123.768809,12.98638],[123.769544,12.987895],[123.773796,12.989173],[123.774539,12.990464],[123.77829,12.991627],[123.77937,12.993048],[123.782311,12.99453],[123.783342,12.995876],[123.784812,12.996995],[123.786221,12.999096],[123.786341,13.001771],[123.786984,13.002432],[123.787215,13.00462],[123.78863,13.004158],[123.791037,13.006643],[123.795775,13.008277],[123.795914,13.009488],[123.797027,13.01022],[123.799143,13.013054],[123.802377,13.015449],[123.805648,13.019028],[123.811238,13.021479],[123.822534,13.024403],[123.832971,13.028937],[123.839898,13.032433],[123.845529,13.034936],[123.85415,13.038508],[123.859246,13.040744],[123.86231,13.041738],[123.866235,13.042123],[123.875288,13.042301],[123.880916,13.041047],[123.888624,13.038696],[123.892129,13.038005],[123.895986,13.037643],[123.902403,13.03882],[123.906702,13.040932],[123.910064,13.044291],[123.912435,13.047547],[123.914621,13.051813],[123.915589,13.054929],[123.917795,13.06515],[123.91884,13.069074],[123.920068,13.078904],[123.921013,13.083766],[123.923189,13.089766],[123.923416,13.09138],[123.924249,13.092534],[123.924141,13.093534],[123.924979,13.096001],[123.925894,13.097091],[123.92917,13.102068],[123.928606,13.104329],[123.929135,13.108967],[123.929957,13.109924],[123.930036,13.111263],[123.929259,13.112247],[123.929893,13.113723],[123.928229,13.116794],[123.926351,13.118249],[123.926765,13.120887],[123.924947,13.121045],[123.922844,13.122222],[123.920547,13.121035],[123.914528,13.121716],[123.911291,13.122745],[123.910314,13.123603],[123.909196,13.125705],[123.908226,13.126527],[123.907717,13.128364],[123.90808,13.129402],[123.907861,13.131104],[123.908307,13.135039],[123.908076,13.137504],[123.908494,13.138472],[123.905846,13.141289],[123.904279,13.140999],[123.902695,13.141756],[123.901531,13.140121],[123.898418,13.138976],[123.89679,13.140512],[123.895478,13.140902],[123.89294,13.140827],[123.892043,13.141424],[123.886899,13.142859],[123.886001,13.14273],[123.88487,13.14127],[123.880799,13.141846],[123.879432,13.143195],[123.878035,13.142624],[123.876243,13.14118],[123.8737,13.140368],[123.872718,13.139576],[123.87261,13.137764],[123.871366,13.138644],[123.87056,13.138136],[123.868876,13.139425],[123.867121,13.13876],[123.865477,13.137671],[123.862596,13.134697],[123.86154,13.132382],[123.861659,13.128727],[123.862414,13.126701],[123.863976,13.126963],[123.864874,13.126339],[123.8639,13.124465],[123.86292,13.123441],[123.864554,13.122207],[123.862441,13.118953],[123.860887,13.11866],[123.859821,13.119067],[123.859166,13.11667],[123.860223,13.114899],[123.86022,13.11308],[123.856256,13.108509],[123.854208,13.107569],[123.851138,13.108265],[123.849592,13.109705],[123.845192,13.110576],[123.843931,13.111391],[123.841617,13.111547],[123.839211,13.110432],[123.838618,13.108886],[123.839312,13.104652],[123.839668,13.103748],[123.837969,13.102059],[123.837871,13.100864],[123.838718,13.099183],[123.83698,13.098054],[123.835407,13.097662],[123.836505,13.096429],[123.837419,13.094589],[123.839223,13.093411],[123.838945,13.092211],[123.839109,13.089348],[123.837915,13.087966],[123.8378,13.086925],[123.836755,13.08558],[123.836846,13.083316],[123.835774,13.081331],[123.833964,13.080584],[123.833046,13.080681],[123.832613,13.079232],[123.830027,13.075609],[123.826719,13.074784],[123.826133,13.073795],[123.823338,13.072769],[123.821205,13.072548],[123.821165,13.071937],[123.82304,13.070693],[123.821329,13.066719],[123.818669,13.065807],[123.816864,13.066023],[123.816761,13.064938],[123.814937,13.065104],[123.813609,13.064386],[123.812669,13.062444],[123.812284,13.060639],[123.813343,13.058351],[123.812911,13.056607],[123.812867,13.054511],[123.810907,13.054189],[123.809417,13.053286],[123.808039,13.053282],[123.80747,13.052311],[123.806376,13.052585],[123.805848,13.05069],[123.804586,13.049744],[123.804103,13.048519],[123.802658,13.047361],[123.800625,13.047013],[123.800184,13.046435],[123.798366,13.04627],[123.796912,13.046829],[123.794305,13.046002],[123.792348,13.046312],[123.791426,13.045983],[123.787765,13.046647],[123.785919,13.047611],[123.782341,13.048133],[123.779299,13.049389],[123.777184,13.050574],[123.774157,13.051709],[123.771188,13.054266],[123.769659,13.054489],[123.76914,13.055364],[123.767585,13.05608],[123.76473,13.058365],[123.762045,13.058278],[123.76011,13.058529],[123.75803,13.060627],[123.757946,13.061823],[123.756769,13.063679],[123.758551,13.06517],[123.760421,13.069182],[123.762013,13.069525],[123.76333,13.068737],[123.764272,13.06944],[123.763762,13.070679],[123.765071,13.074638],[123.764915,13.075719],[123.76283,13.076771],[123.760128,13.080068],[123.758318,13.080873],[123.755375,13.08157],[123.75371,13.083176],[123.750357,13.084548],[123.750824,13.085793],[123.752193,13.085259],[123.754138,13.086114],[123.755462,13.087852],[123.75324,13.08876],[123.752,13.088352],[123.751472,13.089138],[123.752696,13.090351],[123.757012,13.09163],[123.758344,13.092799],[123.760345,13.092425],[123.762008,13.093534],[123.762894,13.091761],[123.764234,13.091801],[123.76566,13.094122],[123.766533,13.09264],[123.7675,13.092996],[123.769009,13.092051],[123.772797,13.088292],[123.773979,13.089392],[123.775768,13.089603],[123.775941,13.091264],[123.776643,13.093204],[123.776021,13.094827],[123.776135,13.095977],[123.775457,13.097162],[123.775696,13.098131],[123.777545,13.100848],[123.780225,13.102445],[123.78063,13.103686],[123.780156,13.105724],[123.782764,13.108047],[123.785075,13.110741],[123.784904,13.113244],[123.786023,13.114675],[123.785622,13.115389],[123.785908,13.118038],[123.783575,13.121331],[123.7812,13.12186],[123.779124,13.124302],[123.778522,13.12623],[123.781031,13.129465],[123.781055,13.130927],[123.778508,13.128295],[123.776225,13.128519],[123.775087,13.127635],[123.77311,13.127508],[123.770036,13.128581],[123.767506,13.13122],[123.767148,13.132216],[123.767392,13.133905],[123.766047,13.133852],[123.763646,13.135179],[123.762107,13.136396],[123.761017,13.138435],[123.759969,13.142029],[123.761781,13.143551],[123.758271,13.143487],[123.756532,13.144707],[123.756419,13.145853],[123.75874,13.146135],[123.75716,13.14764],[123.75646,13.149867],[123.755831,13.153551],[123.756106,13.155968],[123.756917,13.159143],[123.75618,13.160816],[123.756207,13.162764],[123.754712,13.166986],[123.754213,13.169525],[123.754004,13.173593],[123.754757,13.17756],[123.755608,13.179081],[123.758887,13.192012],[123.759608,13.193984],[123.760211,13.197217],[123.761382,13.20108],[123.761906,13.203602],[123.766523,13.213305],[123.767568,13.214698],[123.772689,13.22317],[123.774721,13.227651],[123.776058,13.229511],[123.778188,13.231177],[123.778901,13.232319],[123.782899,13.234222],[123.785058,13.236637],[123.786427,13.237023],[123.787182,13.237998],[123.790558,13.238312],[123.792316,13.237493],[123.793523,13.236253],[123.796071,13.236742],[123.798898,13.237857],[123.801928,13.23793],[123.804914,13.236831],[123.810586,13.235753],[123.812002,13.23484],[123.812896,13.23367],[123.814836,13.232148],[123.81794,13.230503],[123.821118,13.229988],[123.823824,13.230658],[123.828333,13.229355],[123.829646,13.228481],[123.83103,13.228491],[123.832871,13.227775],[123.83378,13.228129],[123.836555,13.228278],[123.83837,13.22668],[123.840813,13.226122],[123.841995,13.226543],[123.84402,13.226411],[123.84543,13.225696],[123.846844,13.226234],[123.84878,13.225774],[123.852339,13.224482],[123.856885,13.224744],[123.857691,13.224262],[123.860356,13.225103],[123.862007,13.224352],[123.862399,13.225937],[123.863773,13.22738],[123.86566,13.227973],[123.868305,13.226275],[123.869065,13.229659],[123.86839,13.23055],[123.868602,13.232565],[123.867888,13.235392],[123.868308,13.235793],[123.86676,13.238458],[123.867907,13.239278],[123.867569,13.240418],[123.866179,13.242138],[123.865395,13.241646],[123.865573,13.239369],[123.863484,13.239195],[123.861487,13.24104],[123.860514,13.240698],[123.858863,13.241461],[123.857973,13.242902],[123.858002,13.244098],[123.85567,13.244562],[123.854616,13.246635],[123.850131,13.247791],[123.849097,13.24851],[123.847968,13.250117],[123.848678,13.251535],[123.846661,13.252916],[123.846974,13.254903],[123.845853,13.256897],[123.846661,13.25824],[123.849926,13.25692],[123.851465,13.259446],[123.850406,13.259686],[123.849674,13.261119],[123.845012,13.261498],[123.843679,13.262711],[123.844826,13.263548],[123.844815,13.265052],[123.842733,13.266361],[123.840822,13.264094],[123.838305,13.264151],[123.837522,13.265059],[123.837271,13.267186],[123.836071,13.265547],[123.83313,13.266034],[123.832925,13.266967],[123.828808,13.266778],[123.826261,13.264265],[123.826766,13.263532],[123.826047,13.26215],[123.826654,13.26063],[123.825428,13.258893],[123.825518,13.25606],[123.82622,13.252059],[123.827928,13.251064],[123.82878,13.251826],[123.830066,13.250018],[123.830116,13.245547],[123.830946,13.244395],[123.831994,13.24438],[123.831656,13.24273],[123.830717,13.241836],[123.831304,13.237545],[123.832142,13.236792],[123.831738,13.235711],[123.829762,13.238058],[123.829088,13.240118],[123.829154,13.242512],[123.828879,13.244877],[123.828029,13.246012],[123.826225,13.246884],[123.824023,13.24742],[123.822838,13.246882],[123.821506,13.247718],[123.819958,13.247937],[123.81904,13.250405],[123.81965,13.251654],[123.817237,13.252621],[123.816262,13.253968],[123.815804,13.257192],[123.816406,13.260021],[123.81616,13.261035],[123.817034,13.263609],[123.818119,13.263888],[123.818566,13.265333],[123.819811,13.26549],[123.821423,13.266515],[123.81979,13.268007],[123.819254,13.269381],[123.820775,13.26992],[123.820597,13.271081],[123.817613,13.272989],[123.817819,13.274863],[123.817236,13.276151],[123.815659,13.277967],[123.814637,13.279676],[123.813628,13.283708],[123.815392,13.286553],[123.815855,13.28606],[123.815341,13.284388],[123.817311,13.28314],[123.817434,13.284689],[123.815425,13.286807],[123.815541,13.288],[123.813941,13.289012],[123.813032,13.289044],[123.807665,13.291803],[123.80714,13.2927],[123.804808,13.294703],[123.804843,13.296107],[123.802781,13.297034],[123.801327,13.296197],[123.800321,13.297452],[123.798836,13.297676],[123.795794,13.296724],[123.793014,13.296974],[123.788369,13.299405],[123.78623,13.299593],[123.78274,13.301935],[123.781822,13.303128],[123.781685,13.305548],[123.780013,13.311616],[123.777931,13.311861],[123.773262,13.315428],[123.767267,13.318168],[123.766581,13.319236],[123.764535,13.319301],[123.762578,13.32054],[123.761584,13.322232],[123.75639,13.323684],[123.753137,13.32337],[123.750605,13.323379],[123.748529,13.322929],[123.746946,13.323091],[123.74499,13.324069],[123.743961,13.325008],[123.742356,13.329359],[123.742506,13.331141],[123.741538,13.332928],[123.741013,13.337255],[123.740897,13.339914],[123.741499,13.34099],[123.740199,13.342993],[123.740034,13.34417],[123.740296,13.347282],[123.740795,13.34863],[123.740532,13.3498],[123.738888,13.351126],[123.737688,13.353335],[123.737719,13.355191],[123.738687,13.35698],[123.738653,13.358077],[123.736473,13.360402],[123.737482,13.360701],[123.737248,13.362759],[123.736589,13.364621],[123.737728,13.365479],[123.737397,13.366533],[123.735358,13.368178],[123.732676,13.366855],[123.731335,13.367409],[123.729588,13.369345],[123.727254,13.371132],[123.72674,13.372902],[123.727457,13.375511],[123.726795,13.377368],[123.727291,13.378244],[123.727365,13.38046],[123.726887,13.382998],[123.727934,13.383152],[123.729818,13.380571],[123.731005,13.378446],[123.733022,13.375835],[123.736355,13.373572],[123.739836,13.371827],[123.741816,13.36948],[123.741343,13.368312],[123.742455,13.367497],[123.743367,13.368399],[123.742415,13.370766],[123.738888,13.374178],[123.736576,13.375408],[123.734103,13.377199],[123.729368,13.383234],[123.727188,13.386588],[123.726591,13.387948],[123.725901,13.391124],[123.723756,13.393651],[123.718019,13.401511],[123.715245,13.406369],[123.71403,13.409821],[123.713775,13.412151],[123.71405,13.415771],[123.712821,13.416685],[123.713459,13.417797],[123.711798,13.419805],[123.709886,13.42143],[123.707027,13.424852],[123.705642,13.427007],[123.703242,13.431673],[123.702016,13.435076],[123.700904,13.440403],[123.699519,13.444044],[123.698523,13.447561],[123.696533,13.451003],[123.695456,13.452056],[123.693071,13.453114],[123.690285,13.454801],[123.687852,13.457273],[123.686536,13.45813],[123.684908,13.460531],[123.683912,13.462741],[123.682431,13.469922],[123.680638,13.470664],[123.679336,13.472271],[123.677904,13.477323],[123.675512,13.478762],[123.674121,13.479258],[123.673102,13.478176],[123.6693,13.479506],[123.66721,13.479467],[123.665794,13.478498],[123.664742,13.478656],[123.661314,13.480388],[123.658691,13.480105],[123.656529,13.481411],[123.654069,13.482202],[123.651636,13.481602],[123.648305,13.483165],[123.646687,13.484534],[123.644135,13.484768],[123.642279,13.485439],[123.640616,13.484229],[123.639404,13.484268],[123.637391,13.485866],[123.636207,13.487594],[123.634436,13.487571],[123.633224,13.489381],[123.631896,13.489857],[123.629187,13.489946],[123.626241,13.491447],[123.624129,13.491885],[123.622012,13.494275],[123.619447,13.495325],[123.618361,13.49664],[123.616834,13.500238],[123.616653,13.502109],[123.61582,13.503416],[123.612665,13.505984],[123.6106,13.509362],[123.610286,13.510414],[123.608644,13.5127],[123.606717,13.514123],[123.60611,13.515118],[123.604902,13.515066],[123.603958,13.516099],[123.60307,13.518382],[123.602018,13.519227],[123.601093,13.521065],[123.60125,13.522687]]],"type":"Polygon"},"id":"94d9c36d9130942a31af64f0f61d29a3"},{"type":"Feature","properties":{"Shape_Leng":12.6075227891,"Shape_Area":0.33149978607,"ADM2_EN":"Masbate","ADM1_EN":"Region V","ADM0_EN":"Philippines (the)"},"geometry":{"coordinates":[[[123.767707,11.85926],[123.767012,11.857517],[123.767711,11.856554],[123.770792,11.855845],[123.770775,11.856479],[123.767707,11.85926]]],"type":"Polygon"},"id":"96f5bbae9beec68269ae3e60e2e6737e"},{"type":"Feature","properties":{"Shape_Leng":12.6075227891,"Shape_Area":0.33149978607,"ADM2_EN":"Masbate","ADM1_EN":"Region V","ADM0_EN":"Philippines (the)"},"geometry":{"coordinates":[[[123.262658,12.191686],[123.256175,12.187413],[123.254436,12.183294],[123.253452,12.182777],[123.252099,12.179403],[123.246757,12.176667],[123.245099,12.177713],[123.242644,12.17655],[123.240013,12.174415],[123.237943,12.174856],[123.235891,12.172835],[123.234703,12.170977],[123.232309,12.170629],[123.232592,12.169677],[123.234477,12.170018],[123.236803,12.169866],[123.238375,12.169386],[123.239734,12.169882],[123.242309,12.169725],[123.245309,12.170026],[123.247164,12.170842],[123.250353,12.171182],[123.252238,12.170783],[123.254709,12.171443],[123.255498,12.17279],[123.257262,12.17173],[123.257796,12.173175],[123.253886,12.172805],[123.253107,12.174032],[123.254658,12.175927],[123.255564,12.177959],[123.256815,12.179707],[123.258447,12.180767],[123.257978,12.182782],[123.259312,12.183855],[123.258767,12.186016],[123.259273,12.187549],[123.261042,12.188975],[123.263658,12.190105],[123.263906,12.19104],[123.262658,12.191686]]],"type":"Polygon"},"id":"9809967f12c8aead2a1b605ee2bcab0d"},{"type":"Feature","properties":{"Shape_Leng":4.38779781402,"Shape_Area":0.12208236107,"ADM2_EN":"Catanduanes","ADM1_EN":"Region V","ADM0_EN":"Philippines (the)"},"geometry":{"coordinates":[[[124.303761,13.966369],[124.300923,13.965203],[124.299094,13.963626],[124.299166,13.961219],[124.298421,13.960392],[124.298802,13.95853],[124.297813,13.95639],[124.296745,13.955124],[124.297851,13.95366],[124.29961,13.953172],[124.303706,13.958662],[124.306176,13.960132],[124.306414,13.961471],[124.305986,13.96397],[124.30388,13.964694],[124.303761,13.966369]]],"type":"Polygon"},"id":"996451357061437a685505da17aa563c"},{"type":"Feature","properties":{"Shape_Leng":6.50784082915,"Shape_Area":0.20593851959,"ADM2_EN":"Albay","ADM1_EN":"Region V","ADM0_EN":"Philippines (the)"},"geometry":{"coordinates":[[[123.937973,13.32452],[123.937335,13.324359],[123.936567,13.322494],[123.934975,13.322002],[123.932946,13.320465],[123.93332,13.319438],[123.932205,13.317616],[123.932825,13.315985],[123.932811,13.314577],[123.931544,13.313654],[123.93016,13.31383],[123.928257,13.312709],[123.929,13.31141],[123.928263,13.310083],[123.928182,13.308597],[123.927305,13.307597],[123.927279,13.306531],[123.929658,13.305757],[123.93093,13.306017],[123.932646,13.304887],[123.933305,13.306613],[123.934427,13.306949],[123.936327,13.305734],[123.938305,13.306279],[123.939361,13.305892],[123.940563,13.30639],[123.942643,13.305917],[123.943491,13.304452],[123.945007,13.305249],[123.945789,13.305002],[123.948613,13.306242],[123.946403,13.308891],[123.943829,13.313124],[123.943343,13.314471],[123.944203,13.316935],[123.945517,13.316625],[123.946221,13.317672],[123.945267,13.319763],[123.943073,13.320223],[123.941997,13.321459],[123.937973,13.32452]]],"type":"Polygon"},"id":"9bb4cb70911b75c2bea884b2ce796b7a"},{"type":"Feature","properties":{"Shape_Leng":12.538796574,"Shape_Area":0.4415854832,"ADM2_EN":"Camarines Sur","ADM1_EN":"Region V","ADM0_EN":"Philippines (the)"},"geometry":{"coordinates":[[[123.987262,13.793959],[123.986135,13.791683],[123.986615,13.790553],[123.985507,13.789613],[123.985159,13.787332],[123.984318,13.784432],[123.986647,13.78409],[123.988525,13.782697],[123.989524,13.783509],[123.990323,13.785912],[123.989239,13.787881],[123.987105,13.790574],[123.987616,13.792305],[123.987262,13.793959]]],"type":"Polygon"},"id":"9cb0f16b98969ff3aa00e3d92ac1a687"},{"type":"Feature","properties":{"Shape_Leng":12.538796574,"Shape_Area":0.4415854832,"ADM2_EN":"Camarines Sur","ADM1_EN":"Region V","ADM0_EN":"Philippines (the)"},"geometry":{"coordinates":[[[124.000572,13.715141],[123.999164,13.714178],[123.999815,13.711925],[124.000843,13.711527],[124.002295,13.713183],[124.000572,13.715141]]],"type":"Polygon"},"id":"9e78f5c78843c73a2ea1d53283d5e556"},{"type":"Feature","properties":{"Shape_Leng":6.46106998989,"Shape_Area":0.16541690876,"ADM2_EN":"Sorsogon","ADM1_EN":"Region V","ADM0_EN":"Philippines (the)"},"geometry":{"coordinates":[[[123.801631,12.839801],[123.800083,12.838807],[123.797367,12.839098],[123.795949,12.837439],[123.793264,12.835934],[123.791178,12.8361],[123.791404,12.834052],[123.790709,12.83278],[123.791739,12.83169],[123.794304,12.83209],[123.796007,12.830648],[123.798468,12.830611],[123.800269,12.82752],[123.805442,12.825036],[123.80928,12.822652],[123.812384,12.822526],[123.814388,12.823348],[123.81735,12.822097],[123.818527,12.82098],[123.81966,12.817747],[123.821543,12.818128],[123.82209,12.81945],[123.823156,12.819906],[123.82504,12.819891],[123.827354,12.820965],[123.828181,12.822212],[123.82891,12.824835],[123.827013,12.828296],[123.827302,12.828783],[123.826867,12.8314],[123.823282,12.832518],[123.822225,12.832425],[123.820464,12.83125],[123.816763,12.83131],[123.814857,12.832606],[123.81448,12.833796],[123.812919,12.835155],[123.810609,12.836221],[123.81018,12.837699],[123.808855,12.838485],[123.806731,12.838559],[123.803772,12.839769],[123.801631,12.839801]]],"type":"Polygon"},"id":"9efad8261e434d0a32156c3368e6d908"},{"type":"Feature","properties":{"Shape_Leng":4.38779781402,"Shape_Area":0.12208236107,"ADM2_EN":"Catanduanes","ADM1_EN":"Region V","ADM0_EN":"Philippines (the)"},"geometry":{"coordinates":[[[124.206405,14.099928],[124.205405,14.099761],[124.205241,14.098272],[124.20343,14.097112],[124.201108,14.096626],[124.199146,14.094779],[124.19837,14.091408],[124.197256,14.090579],[124.197329,14.088954],[124.195876,14.087505],[124.194595,14.087319],[124.192556,14.088147],[124.191197,14.086109],[124.190835,14.083684],[124.190196,14.0837],[124.189125,14.081921],[124.189692,14.080023],[124.188187,14.075981],[124.188141,14.074921],[124.188859,14.072847],[124.189023,14.070799],[124.189924,14.06911],[124.189656,14.067947],[124.187119,14.065939],[124.186423,14.064447],[124.184923,14.062906],[124.18233,14.061878],[124.18056,14.06167],[124.177257,14.064406],[124.176165,14.066435],[124.17468,14.065906],[124.174551,14.064473],[124.176238,14.064332],[124.176618,14.063041],[124.176451,14.061411],[124.177251,14.060315],[124.176461,14.058035],[124.174073,14.053899],[124.172151,14.051975],[124.170372,14.050681],[124.168304,14.050954],[124.162551,14.053664],[124.159309,14.053576],[124.160815,14.052546],[124.158564,14.050398],[124.15762,14.049873],[124.154123,14.05051],[124.152893,14.051534],[124.152844,14.053508],[124.1515,14.05561],[124.152555,14.056991],[124.148974,14.056983],[124.147077,14.057652],[124.145026,14.061228],[124.143086,14.06132],[124.141654,14.061938],[124.140877,14.0637],[124.138501,14.062871],[124.138876,14.06058],[124.136784,14.060282],[124.135574,14.061584],[124.133407,14.06027],[124.131489,14.060326],[124.131244,14.06178],[124.129161,14.059511],[124.127232,14.060177],[124.12689,14.058011],[124.128378,14.058251],[124.129644,14.055599],[124.13074,14.055695],[124.131921,14.053483],[124.132769,14.05372],[124.134228,14.052955],[124.134428,14.050723],[124.135156,14.05028],[124.135573,14.048018],[124.135093,14.047069],[124.131937,14.047162],[124.130576,14.048701],[124.128431,14.048332],[124.127097,14.04888],[124.12667,14.050215],[124.125516,14.050294],[124.126346,14.048361],[124.125381,14.046943],[124.126976,14.04594],[124.127714,14.044331],[124.127164,14.043361],[124.128145,14.042058],[124.128143,14.040731],[124.129012,14.039535],[124.128546,14.036334],[124.129997,14.032993],[124.130168,14.030904],[124.129722,14.029409],[124.130894,14.027094],[124.132599,14.025804],[124.133431,14.023608],[124.133583,14.021383],[124.134533,14.019361],[124.136097,14.018867],[124.139351,14.015407],[124.139715,14.013278],[124.137199,14.010739],[124.135806,14.008042],[124.135903,14.007351],[124.133233,14.005534],[124.129956,14.004542],[124.127588,14.002886],[124.131685,14.000731],[124.130342,13.999587],[124.13072,13.995912],[124.129353,13.992164],[124.128036,13.99215],[124.127773,13.990165],[124.129073,13.988926],[124.130236,13.989098],[124.130944,13.987339],[124.130677,13.985274],[124.13073,13.982233],[124.130062,13.979485],[124.127917,13.979086],[124.127745,13.977896],[124.128906,13.975407],[124.129178,13.970854],[124.130309,13.970108],[124.13051,13.967798],[124.131384,13.967244],[124.132276,13.965339],[124.134828,13.963179],[124.135391,13.96093],[124.135675,13.958033],[124.137126,13.956553],[124.138177,13.954305],[124.139851,13.948918],[124.14161,13.945295],[124.142422,13.943047],[124.142228,13.94169],[124.145117,13.939501],[124.14587,13.937846],[124.147011,13.937367],[124.147518,13.936184],[124.146781,13.934287],[124.147434,13.931075],[124.14802,13.930042],[124.147987,13.924505],[124.147014,13.92343],[124.145118,13.922272],[124.143116,13.92038],[124.141075,13.920318],[124.14226,13.918884],[124.143099,13.917033],[124.143002,13.915937],[124.14717,13.911068],[124.145321,13.908856],[124.144024,13.909199],[124.142727,13.908376],[124.14117,13.908955],[124.139821,13.91017],[124.138894,13.908423],[124.138467,13.906303],[124.139424,13.905007],[124.141291,13.905054],[124.143094,13.901378],[124.144125,13.901292],[124.144393,13.899885],[124.14342,13.898515],[124.140896,13.897685],[124.140036,13.89661],[124.139575,13.894497],[124.137068,13.891908],[124.136599,13.889928],[124.135114,13.888898],[124.133664,13.885219],[124.1325,13.883951],[124.13106,13.883604],[124.129389,13.886039],[124.128105,13.885846],[124.128069,13.884038],[124.129773,13.881239],[124.131808,13.879483],[124.131988,13.877726],[124.130859,13.874335],[124.13109,13.87289],[124.132176,13.872066],[124.13438,13.872365],[124.136772,13.870854],[124.136938,13.868893],[124.136268,13.867995],[124.137515,13.866174],[124.137516,13.863311],[124.136806,13.862],[124.136745,13.85762],[124.137576,13.854722],[124.136725,13.85306],[124.136487,13.849988],[124.13512,13.84759],[124.13462,13.843927],[124.134701,13.841613],[124.134091,13.840137],[124.134035,13.838153],[124.13338,13.836725],[124.133095,13.832652],[124.133514,13.828647],[124.133054,13.825549],[124.133345,13.822984],[124.132876,13.820492],[124.133225,13.817419],[124.13402,13.815376],[124.133868,13.812737],[124.134574,13.811292],[124.134654,13.806788],[124.134348,13.805245],[124.134678,13.802926],[124.13536,13.801746],[124.136108,13.79771],[124.135758,13.796089],[124.134319,13.793626],[124.133727,13.790068],[124.132763,13.789039],[124.131888,13.786371],[124.129693,13.783483],[124.128389,13.781159],[124.127349,13.778457],[124.127793,13.776616],[124.128271,13.768696],[124.128041,13.767478],[124.126961,13.76546],[124.127461,13.765088],[124.125315,13.759816],[124.12435,13.758023],[124.124468,13.757222],[124.123361,13.755667],[124.121755,13.752154],[124.11989,13.750437],[124.117511,13.749443],[124.114872,13.745794],[124.108697,13.741794],[124.104504,13.739338],[124.100975,13.735813],[124.102176,13.735403],[124.10361,13.73576],[124.105201,13.734675],[124.105986,13.732922],[124.106289,13.73116],[124.106158,13.727415],[124.1053,13.725276],[124.102348,13.722745],[124.102093,13.721408],[124.100433,13.719178],[124.100034,13.717034],[124.100017,13.714523],[124.100414,13.713348],[124.099716,13.712262],[124.097979,13.711167],[124.09697,13.709401],[124.097437,13.70831],[124.096387,13.705826],[124.095526,13.704587],[124.093736,13.703138],[124.091265,13.701609],[124.090591,13.70033],[124.08802,13.699446],[124.0857,13.698312],[124.081968,13.697871],[124.081203,13.696936],[124.078747,13.695835],[124.077366,13.695772],[124.075205,13.694955],[124.072056,13.695421],[124.071376,13.696089],[124.068597,13.694279],[124.066568,13.693521],[124.063901,13.693366],[124.060134,13.690177],[124.060443,13.689172],[124.059097,13.688472],[124.058265,13.688964],[124.057616,13.687067],[124.058271,13.685757],[124.057653,13.684057],[124.056739,13.683097],[124.054535,13.68181],[124.050811,13.680242],[124.049109,13.678823],[124.046988,13.677533],[124.045371,13.677999],[124.045398,13.675865],[124.045974,13.674126],[124.045275,13.672443],[124.045366,13.671422],[124.043381,13.67078],[124.042916,13.672038],[124.038047,13.669968],[124.037883,13.668746],[124.039544,13.667433],[124.039863,13.666198],[124.038898,13.665162],[124.036938,13.664274],[124.035555,13.665141],[124.033923,13.665426],[124.030719,13.666883],[124.029508,13.666489],[124.028269,13.664848],[124.026584,13.664278],[124.024436,13.66449],[124.02368,13.663432],[124.024531,13.661207],[124.025208,13.660939],[124.025534,13.658318],[124.02488,13.657451],[124.026467,13.656165],[124.028567,13.657228],[124.029918,13.656317],[124.029552,13.655078],[124.030226,13.652988],[124.032229,13.653406],[124.03277,13.649679],[124.03352,13.650245],[124.034907,13.649234],[124.03506,13.647933],[124.037043,13.646252],[124.038352,13.643267],[124.040374,13.641459],[124.041174,13.639471],[124.041546,13.636927],[124.040953,13.635123],[124.042678,13.634139],[124.045637,13.631657],[124.04724,13.631061],[124.047854,13.630091],[124.050171,13.62927],[124.050537,13.626474],[124.053122,13.623538],[124.053796,13.622413],[124.055305,13.621521],[124.056675,13.619814],[124.057467,13.617014],[124.057367,13.611162],[124.058768,13.609244],[124.058761,13.608218],[124.0577,13.6076],[124.055163,13.608834],[124.053158,13.608227],[124.050594,13.607991],[124.050359,13.607112],[124.048344,13.606136],[124.04708,13.606741],[124.04698,13.603919],[124.047232,13.60242],[124.048293,13.601496],[124.050419,13.601595],[124.052962,13.600096],[124.054121,13.59834],[124.057329,13.596064],[124.059823,13.596827],[124.062053,13.59982],[124.063455,13.600946],[124.066147,13.602168],[124.067579,13.603656],[124.068935,13.604173],[124.07079,13.603666],[124.072395,13.602676],[124.074815,13.603946],[124.076953,13.604508],[124.077906,13.604163],[124.079097,13.602551],[124.081871,13.601747],[124.089593,13.600228],[124.090741,13.599489],[124.092875,13.599267],[124.095949,13.598276],[124.097371,13.595759],[124.099715,13.593698],[124.102308,13.593228],[124.105823,13.593534],[124.108575,13.592086],[124.110277,13.590462],[124.111553,13.587359],[124.113058,13.586037],[124.115529,13.584806],[124.117601,13.584157],[124.117441,13.58279],[124.11964,13.58312],[124.121612,13.580607],[124.12325,13.580062],[124.124059,13.578168],[124.125759,13.577552],[124.12717,13.578286],[124.128452,13.577803],[124.131443,13.575938],[124.135469,13.5745],[124.137319,13.574512],[124.138293,13.573116],[124.141108,13.571315],[124.143806,13.567936],[124.145612,13.564397],[124.146693,13.561264],[124.146408,13.5587],[124.14762,13.555849],[124.148751,13.555135],[124.153058,13.551598],[124.15544,13.550042],[124.155846,13.548856],[124.156944,13.548559],[124.158631,13.547278],[124.157465,13.545332],[124.159977,13.543904],[124.16012,13.542642],[124.161605,13.541907],[124.164712,13.538963],[124.164064,13.538145],[124.165086,13.536863],[124.166354,13.537778],[124.168069,13.536932],[124.171929,13.533912],[124.17129,13.531245],[124.173325,13.530883],[124.176706,13.532926],[124.178643,13.531473],[124.178978,13.530125],[124.177941,13.52877],[124.179748,13.528676],[124.181282,13.528084],[124.184719,13.525918],[124.184706,13.523423],[124.185066,13.522798],[124.186993,13.522625],[124.187822,13.52111],[124.189231,13.520394],[124.191005,13.520267],[124.193227,13.5188],[124.194981,13.519018],[124.19574,13.519874],[124.1971,13.520173],[124.198003,13.518769],[124.199889,13.518876],[124.20153,13.519459],[124.203004,13.518832],[124.206256,13.518479],[124.206883,13.517457],[124.208129,13.516958],[124.208578,13.518858],[124.210117,13.518389],[124.210755,13.519799],[124.212917,13.522436],[124.214483,13.521748],[124.214651,13.523537],[124.212959,13.525853],[124.210879,13.530642],[124.210273,13.532651],[124.209661,13.536714],[124.207862,13.53899],[124.205905,13.542956],[124.206877,13.548734],[124.208201,13.551584],[124.208925,13.555899],[124.210954,13.559877],[124.213081,13.562063],[124.214412,13.562892],[124.21699,13.56366],[124.219606,13.563744],[124.220777,13.564464],[124.221089,13.565542],[124.223176,13.565564],[124.225584,13.567135],[124.225498,13.568587],[124.224642,13.569826],[124.224261,13.571899],[124.225106,13.573455],[124.227203,13.575081],[124.228271,13.575187],[124.230025,13.576167],[124.232024,13.579204],[124.232536,13.580535],[124.234288,13.581685],[124.234626,13.58241],[124.237074,13.582473],[124.238127,13.581617],[124.239199,13.582192],[124.240166,13.586061],[124.244028,13.588846],[124.247373,13.590502],[124.252222,13.59144],[124.256563,13.593297],[124.260838,13.593448],[124.2649,13.594678],[124.270029,13.595711],[124.274048,13.595806],[124.276446,13.595301],[124.281864,13.593328],[124.283877,13.593305],[124.285211,13.594074],[124.287303,13.593384],[124.291113,13.593766],[124.297145,13.593258],[124.301263,13.592448],[124.306459,13.591015],[124.310985,13.589227],[124.313991,13.587222],[124.315281,13.585001],[124.315036,13.582302],[124.314065,13.580644],[124.313368,13.5774],[124.313137,13.57502],[124.314037,13.573766],[124.315045,13.574583],[124.317186,13.572481],[124.316146,13.569042],[124.317758,13.567922],[124.318271,13.566764],[124.317894,13.564451],[124.315785,13.56362],[124.314653,13.560825],[124.315794,13.558907],[124.317025,13.559367],[124.317985,13.558966],[124.31927,13.556688],[124.317813,13.55452],[124.317759,13.552506],[124.318754,13.552782],[124.320193,13.552041],[124.32053,13.553656],[124.322094,13.553666],[124.323367,13.552428],[124.325234,13.552446],[124.32638,13.550594],[124.328022,13.549007],[124.328876,13.547406],[124.330535,13.547286],[124.331435,13.548455],[124.333001,13.549184],[124.334505,13.549126],[124.337436,13.546856],[124.33835,13.547894],[124.340943,13.547761],[124.343612,13.548297],[124.344894,13.549431],[124.342469,13.550073],[124.340773,13.549526],[124.338539,13.550432],[124.337434,13.549365],[124.334861,13.551986],[124.335076,13.553105],[124.334222,13.553845],[124.331709,13.553558],[124.330532,13.554819],[124.329253,13.554342],[124.327846,13.555072],[124.326578,13.556641],[124.326384,13.557551],[124.327742,13.559374],[124.333011,13.563761],[124.333127,13.565396],[124.33408,13.566398],[124.336745,13.565671],[124.337209,13.566193],[124.336492,13.568472],[124.334972,13.56843],[124.335058,13.570387],[124.333478,13.573681],[124.334874,13.574669],[124.336085,13.573784],[124.337076,13.574266],[124.33961,13.573257],[124.343105,13.572501],[124.345804,13.57407],[124.344972,13.575191],[124.344943,13.576353],[124.344068,13.577359],[124.345021,13.579618],[124.34468,13.581966],[124.343824,13.582571],[124.343032,13.584176],[124.342986,13.585846],[124.343865,13.586549],[124.344055,13.592756],[124.345837,13.594345],[124.345657,13.596074],[124.347335,13.596652],[124.348119,13.5947],[124.349926,13.594585],[124.350673,13.595309],[124.349412,13.596443],[124.348328,13.598519],[124.347235,13.598549],[124.346836,13.599575],[124.3477,13.600355],[124.35033,13.605391],[124.349809,13.606394],[124.350294,13.608019],[124.349628,13.608925],[124.347247,13.609019],[124.346279,13.611369],[124.346682,13.612941],[124.348677,13.614584],[124.347057,13.614817],[124.345996,13.615523],[124.346013,13.616578],[124.344865,13.618383],[124.34641,13.620385],[124.345423,13.620702],[124.345285,13.622019],[124.344294,13.623047],[124.344692,13.624525],[124.346213,13.626124],[124.347777,13.626561],[124.348849,13.627643],[124.346448,13.631642],[124.344354,13.636497],[124.342646,13.638072],[124.341941,13.64005],[124.342917,13.641267],[124.344,13.641261],[124.344987,13.642723],[124.346304,13.643587],[124.34669,13.644795],[124.346149,13.645819],[124.347158,13.648693],[124.348492,13.649381],[124.351068,13.649125],[124.352438,13.649876],[124.356244,13.650098],[124.357055,13.650538],[124.357164,13.651936],[124.359243,13.654634],[124.361571,13.656471],[124.362251,13.657881],[124.364534,13.65883],[124.365512,13.659666],[124.367136,13.658946],[124.36657,13.657353],[124.367589,13.656392],[124.368452,13.657973],[124.369675,13.658524],[124.371695,13.658326],[124.373194,13.65891],[124.374089,13.660802],[124.375826,13.661138],[124.377137,13.6624],[124.378268,13.662013],[124.377764,13.659547],[124.379154,13.657727],[124.379486,13.656295],[124.377555,13.653672],[124.378227,13.651788],[124.377653,13.651149],[124.377881,13.648926],[124.378511,13.6466],[124.379909,13.645699],[124.381328,13.646688],[124.381065,13.64864],[124.382098,13.6497],[124.384242,13.64933],[124.385549,13.650531],[124.38635,13.652915],[124.387696,13.653355],[124.388851,13.652823],[124.38924,13.654801],[124.389866,13.655477],[124.393091,13.654994],[124.395626,13.655146],[124.397019,13.653228],[124.400871,13.654334],[124.400479,13.657443],[124.401172,13.658584],[124.402986,13.658716],[124.404171,13.659325],[124.406716,13.661322],[124.407652,13.660502],[124.409205,13.660349],[124.410953,13.661561],[124.411297,13.662555],[124.410605,13.663816],[124.412417,13.664722],[124.413416,13.663729],[124.416453,13.666076],[124.415903,13.668494],[124.413097,13.66862],[124.40881,13.669371],[124.40771,13.670629],[124.405963,13.670327],[124.405337,13.671928],[124.405346,13.673775],[124.405997,13.674554],[124.407938,13.674667],[124.409382,13.675322],[124.41037,13.677047],[124.409435,13.67957],[124.410761,13.682371],[124.410831,13.684505],[124.409627,13.686296],[124.407928,13.687236],[124.405023,13.687202],[124.402866,13.689256],[124.401151,13.688276],[124.398598,13.688518],[124.396403,13.689153],[124.392751,13.691471],[124.390739,13.690715],[124.389087,13.691667],[124.389745,13.693188],[124.389088,13.694321],[124.390004,13.694928],[124.389289,13.69651],[124.389935,13.699109],[124.392558,13.701792],[124.395001,13.702882],[124.395675,13.704014],[124.396755,13.703932],[124.397267,13.705481],[124.397042,13.707119],[124.395714,13.709003],[124.394934,13.708706],[124.390611,13.708348],[124.389934,13.709812],[124.388126,13.709245],[124.385065,13.711425],[124.38441,13.714752],[124.385104,13.716941],[124.385199,13.718791],[124.385889,13.719668],[124.387235,13.719865],[124.390981,13.71915],[124.390985,13.720332],[124.391863,13.720953],[124.391657,13.722085],[124.390675,13.722689],[124.39065,13.7241],[124.392167,13.725172],[124.392221,13.726556],[124.389709,13.727462],[124.388121,13.729259],[124.38934,13.731218],[124.391539,13.731438],[124.39199,13.732668],[124.393568,13.733359],[124.394782,13.736057],[124.395849,13.736081],[124.397878,13.737056],[124.398544,13.73871],[124.400556,13.739349],[124.398879,13.741567],[124.399278,13.743911],[124.398657,13.745061],[124.395237,13.745544],[124.393561,13.747983],[124.393602,13.748914],[124.394854,13.750512],[124.395881,13.750994],[124.399969,13.750992],[124.401396,13.751574],[124.403783,13.750536],[124.404562,13.750868],[124.40728,13.750708],[124.408012,13.752019],[124.405778,13.753463],[124.405207,13.75624],[124.404602,13.757508],[124.40322,13.756858],[124.402375,13.757278],[124.401724,13.759107],[124.402391,13.76027],[124.405494,13.761046],[124.404249,13.762584],[124.402707,13.763822],[124.401192,13.767198],[124.401351,13.769317],[124.396403,13.772431],[124.394824,13.773805],[124.393297,13.775752],[124.392725,13.777761],[124.392866,13.779031],[124.394902,13.781459],[124.397142,13.782217],[124.398761,13.782371],[124.399657,13.781346],[124.400879,13.781365],[124.401652,13.780431],[124.403157,13.780025],[124.405281,13.782455],[124.40503,13.783455],[124.407118,13.783705],[124.408831,13.784466],[124.409705,13.783593],[124.410886,13.78389],[124.411601,13.782712],[124.414446,13.781283],[124.415252,13.783092],[124.416844,13.782739],[124.418736,13.782982],[124.418676,13.784511],[124.417761,13.785599],[124.419684,13.794639],[124.420959,13.796135],[124.420767,13.797361],[124.417566,13.795759],[124.41511,13.796477],[124.415477,13.797755],[124.414447,13.798872],[124.414473,13.799792],[124.415824,13.802431],[124.415753,13.803509],[124.414693,13.805064],[124.415274,13.807439],[124.413713,13.811656],[124.414715,13.812339],[124.415168,13.813726],[124.413708,13.813711],[124.41203,13.812647],[124.410179,13.812891],[124.409466,13.813547],[124.409875,13.816645],[124.411622,13.817136],[124.41257,13.816292],[124.413733,13.81732],[124.413561,13.818385],[124.411972,13.819248],[124.411435,13.820214],[124.408484,13.820531],[124.408532,13.821762],[124.409428,13.822915],[124.407684,13.823502],[124.407862,13.825157],[124.409373,13.82615],[124.411565,13.825881],[124.414378,13.827827],[124.413303,13.830098],[124.414621,13.831974],[124.414353,13.832981],[124.414784,13.834536],[124.410963,13.837803],[124.409657,13.837499],[124.408025,13.835706],[124.405111,13.835528],[124.403434,13.833741],[124.402203,13.833459],[124.4007,13.833841],[124.398736,13.836411],[124.399035,13.837873],[124.399882,13.839164],[124.401394,13.840292],[124.403267,13.841074],[124.406429,13.843718],[124.407139,13.845353],[124.406345,13.847293],[124.409583,13.848221],[124.413151,13.846093],[124.414405,13.847717],[124.417324,13.847058],[124.418321,13.846437],[124.419362,13.846949],[124.421224,13.846954],[124.421468,13.849019],[124.419831,13.84901],[124.420038,13.850846],[124.41875,13.851167],[124.417191,13.853634],[124.416713,13.855941],[124.416018,13.856617],[124.415863,13.858329],[124.411651,13.857461],[124.411134,13.85674],[124.409437,13.857319],[124.407301,13.856866],[124.406027,13.858387],[124.403966,13.858609],[124.403037,13.856549],[124.40053,13.857726],[124.399775,13.858761],[124.399509,13.861146],[124.400806,13.863033],[124.403466,13.863338],[124.403856,13.861976],[124.406007,13.862242],[124.407143,13.861806],[124.407577,13.863502],[124.409973,13.865417],[124.411902,13.864031],[124.414207,13.865401],[124.414032,13.866939],[124.412901,13.868099],[124.412575,13.869317],[124.411245,13.869518],[124.410874,13.867927],[124.408986,13.868641],[124.409718,13.870351],[124.408756,13.871574],[124.407023,13.872289],[124.408092,13.87439],[124.406967,13.876798],[124.407812,13.879326],[124.406218,13.880726],[124.404978,13.881237],[124.40279,13.88411],[124.401964,13.881759],[124.404222,13.879508],[124.404084,13.877458],[124.40242,13.875071],[124.401405,13.874554],[124.398784,13.875099],[124.397316,13.876678],[124.398744,13.877978],[124.39949,13.879297],[124.397604,13.880869],[124.395659,13.883948],[124.396026,13.886425],[124.397088,13.8875],[124.398697,13.890185],[124.397952,13.890856],[124.397412,13.892598],[124.395569,13.893168],[124.39375,13.893005],[124.39333,13.890993],[124.394001,13.889167],[124.393709,13.885821],[124.392337,13.884838],[124.391412,13.878777],[124.391979,13.877657],[124.3915,13.875477],[124.390807,13.874363],[124.391106,13.873263],[124.390265,13.87202],[124.388824,13.87121],[124.387189,13.871744],[124.386033,13.873408],[124.386523,13.877331],[124.385948,13.882682],[124.386334,13.883464],[124.386213,13.885602],[124.385595,13.886969],[124.385969,13.888937],[124.386693,13.890248],[124.385597,13.890806],[124.384605,13.892885],[124.383148,13.892026],[124.382529,13.892393],[124.380713,13.891711],[124.379972,13.890563],[124.381384,13.890125],[124.380651,13.889002],[124.378013,13.888015],[124.375978,13.888527],[124.373294,13.890771],[124.373819,13.891354],[124.373911,13.895611],[124.373237,13.895902],[124.370545,13.895639],[124.370031,13.895122],[124.367074,13.894971],[124.365317,13.895713],[124.364062,13.896804],[124.363274,13.898648],[124.363544,13.89989],[124.365875,13.901496],[124.364855,13.902867],[124.361738,13.902808],[124.360828,13.90448],[124.359457,13.902893],[124.357843,13.90367],[124.356951,13.904851],[124.3572,13.907081],[124.355758,13.907352],[124.354223,13.909274],[124.354921,13.911148],[124.356945,13.912003],[124.35447,13.913229],[124.355411,13.914362],[124.355215,13.917195],[124.354416,13.918586],[124.355517,13.920563],[124.358138,13.922627],[124.359409,13.924138],[124.35871,13.925079],[124.357571,13.924238],[124.355531,13.923889],[124.354226,13.924997],[124.353744,13.926472],[124.35272,13.92608],[124.3519,13.929106],[124.352507,13.930025],[124.354799,13.9305],[124.35547,13.931946],[124.354021,13.933507],[124.351787,13.937153],[124.351592,13.939904],[124.348211,13.938682],[124.348866,13.93702],[124.347391,13.935487],[124.346072,13.935427],[124.345357,13.937415],[124.340914,13.938038],[124.337569,13.936237],[124.334963,13.936987],[124.334153,13.935882],[124.333749,13.932185],[124.33183,13.931767],[124.330871,13.93283],[124.329714,13.93291],[124.328801,13.928693],[124.329472,13.927462],[124.329037,13.925525],[124.326919,13.924427],[124.325665,13.923245],[124.324417,13.921308],[124.324999,13.920026],[124.325275,13.917853],[124.322737,13.916136],[124.32252,13.915539],[124.323322,13.912979],[124.322292,13.912224],[124.322286,13.910519],[124.320735,13.910057],[124.32134,13.90683],[124.322158,13.904321],[124.323226,13.902926],[124.323794,13.901348],[124.323757,13.899184],[124.321262,13.901148],[124.318203,13.898798],[124.313849,13.897204],[124.311928,13.897476],[124.312235,13.898458],[124.314544,13.900693],[124.316724,13.90193],[124.317171,13.90316],[124.317444,13.906848],[124.317341,13.908729],[124.3163,13.910942],[124.31252,13.913156],[124.310124,13.916481],[124.310515,13.918299],[124.309274,13.918434],[124.307758,13.917404],[124.304942,13.918911],[124.304226,13.919777],[124.305131,13.920903],[124.303345,13.922678],[124.30482,13.92361],[124.306884,13.923646],[124.306722,13.925337],[124.30763,13.927237],[124.309098,13.926887],[124.310505,13.927654],[124.312333,13.929999],[124.312245,13.931662],[124.314147,13.933728],[124.312931,13.934426],[124.312223,13.93563],[124.310871,13.936139],[124.309703,13.935226],[124.310212,13.93325],[124.309799,13.93166],[124.307831,13.931179],[124.307589,13.932831],[124.303696,13.935038],[124.302366,13.935502],[124.303356,13.93828],[124.302301,13.941274],[124.30133,13.942759],[124.300377,13.943327],[124.294762,13.943154],[124.292599,13.941725],[124.290392,13.941291],[124.28727,13.941839],[124.28534,13.943302],[124.282549,13.946949],[124.283456,13.949499],[124.285869,13.95267],[124.283675,13.955162],[124.282938,13.956441],[124.282167,13.958934],[124.282057,13.963993],[124.2824,13.965093],[124.283709,13.966179],[124.281332,13.967028],[124.281029,13.969619],[124.279539,13.97054],[124.278762,13.972049],[124.279348,13.972936],[124.280712,13.973505],[124.280576,13.975339],[124.279422,13.976745],[124.278719,13.978483],[124.279592,13.980608],[124.279197,13.985663],[124.27925,13.990565],[124.278469,13.991902],[124.27842,13.993986],[124.279398,13.997074],[124.279465,13.998246],[124.278186,14.003065],[124.277444,14.003826],[124.274253,14.005688],[124.274353,14.007167],[124.272855,14.00866],[124.273778,14.011091],[124.27188,14.012562],[124.270684,14.015108],[124.267601,14.015004],[124.267444,14.013728],[124.265815,14.013231],[124.26329,14.014978],[124.263296,14.016538],[124.2607,14.018225],[124.259446,14.018698],[124.259005,14.020414],[124.260064,14.021478],[124.261494,14.024154],[124.261748,14.025469],[124.264058,14.026207],[124.265227,14.027343],[124.264,14.029306],[124.262689,14.030074],[124.262113,14.031195],[124.262935,14.03296],[124.26161,14.034158],[124.260576,14.033152],[124.259002,14.032518],[124.257328,14.033819],[124.25583,14.035962],[124.255744,14.036817],[124.25457,14.038258],[124.253455,14.037813],[124.253065,14.036299],[124.250994,14.03712],[124.251569,14.039069],[124.250964,14.041342],[124.251622,14.04279],[124.250471,14.043994],[124.250546,14.045179],[124.249828,14.046348],[124.249197,14.04921],[124.248392,14.050244],[124.246047,14.049742],[124.245244,14.051],[124.246137,14.052901],[124.242822,14.055234],[124.242325,14.056449],[124.240496,14.057253],[124.237677,14.057755],[124.237617,14.055709],[124.235787,14.056245],[124.234864,14.058078],[124.235374,14.061412],[124.234546,14.062887],[124.23303,14.063968],[124.231019,14.066446],[124.229426,14.067374],[124.229155,14.068166],[124.226095,14.068457],[124.22441,14.070007],[124.22261,14.074101],[124.220706,14.075043],[124.21988,14.076814],[124.218225,14.075967],[124.216959,14.077061],[124.216624,14.078712],[124.215227,14.078726],[124.214337,14.081669],[124.215643,14.082769],[124.214923,14.085708],[124.213267,14.086746],[124.212709,14.087661],[124.213386,14.088617],[124.212509,14.08938],[124.211848,14.090939],[124.212117,14.092437],[124.211784,14.094128],[124.209725,14.096462],[124.208561,14.09651],[124.208038,14.098795],[124.206761,14.098189],[124.206405,14.099928]]],"type":"Polygon"},"id":"a3890ba31be79f557530d6660cd061aa"},{"type":"Feature","properties":{"Shape_Leng":12.6075227891,"Shape_Area":0.33149978607,"ADM2_EN":"Masbate","ADM1_EN":"Region V","ADM0_EN":"Philippines (the)"},"geometry":{"coordinates":[[[123.910539,11.818794],[123.908069,11.818464],[123.904033,11.815539],[123.903925,11.813627],[123.904426,11.811306],[123.905441,11.809171],[123.906391,11.80864],[123.909539,11.808189],[123.91118,11.808974],[123.912014,11.810333],[123.916408,11.810249],[123.916917,11.81049],[123.916869,11.813026],[123.918297,11.814582],[123.917855,11.815272],[123.915453,11.815642],[123.914365,11.815465],[123.911534,11.816332],[123.91124,11.817973],[123.910539,11.818794]]],"type":"Polygon"},"id":"a4828fff0c3ad34e9c956cb3052aaead"},{"type":"Feature","properties":{"Shape_Leng":6.1439204171,"Shape_Area":0.17758777007,"ADM2_EN":"Camarines Norte","ADM1_EN":"Region V","ADM0_EN":"Philippines (the)"},"geometry":{"coordinates":[[[122.936381,14.490605],[122.932346,14.489551],[122.931726,14.488455],[122.934406,14.488373],[122.936364,14.486433],[122.936381,14.490605]]],"type":"Polygon"},"id":"a51636a655b8e501b00622d403c4ca16"},{"type":"Feature","properties":{"Shape_Leng":12.6075227891,"Shape_Area":0.33149978607,"ADM2_EN":"Masbate","ADM1_EN":"Region V","ADM0_EN":"Philippines (the)"},"geometry":{"coordinates":[[[123.830957,12.270026],[123.830467,12.268332],[123.831388,12.266325],[123.831331,12.264412],[123.83083,12.262617],[123.831746,12.262438],[123.83266,12.259819],[123.834218,12.259599],[123.834797,12.260597],[123.836785,12.262628],[123.838496,12.263395],[123.838884,12.266432],[123.836629,12.267697],[123.834664,12.268021],[123.83132,12.269223],[123.830957,12.270026]]],"type":"Polygon"},"id":"a5614e007593a68b6f301a43a462df94"},{"type":"Feature","properties":{"Shape_Leng":6.1439204171,"Shape_Area":0.17758777007,"ADM2_EN":"Camarines Norte","ADM1_EN":"Region V","ADM0_EN":"Philippines (the)"},"geometry":{"coordinates":[[[122.939753,14.439882],[122.938784,14.438022],[122.931842,14.435756],[122.928726,14.435756],[122.9257,14.43492],[122.924989,14.43373],[122.926131,14.431672],[122.926451,14.430004],[122.927573,14.428939],[122.927898,14.427832],[122.929366,14.427277],[122.930114,14.425423],[122.931032,14.425321],[122.934649,14.427406],[122.935652,14.428391],[122.937108,14.428359],[122.939056,14.427174],[122.940015,14.426077],[122.941025,14.423522],[122.940799,14.422006],[122.937987,14.419667],[122.940668,14.418587],[122.943955,14.417953],[122.945305,14.417069],[122.946301,14.415359],[122.948542,14.415237],[122.953436,14.411303],[122.95364,14.410113],[122.954981,14.408583],[122.960117,14.409525],[122.963602,14.409514],[122.967332,14.40828],[122.967957,14.407646],[122.966932,14.406216],[122.967827,14.405514],[122.969535,14.40553],[122.970845,14.404431],[122.974223,14.406633],[122.97522,14.405925],[122.976699,14.406549],[122.977833,14.406412],[122.978757,14.40518],[122.980077,14.405429],[122.979008,14.407404],[122.97701,14.409292],[122.976393,14.411711],[122.973738,14.41295],[122.972797,14.41392],[122.970962,14.413897],[122.969396,14.41467],[122.968537,14.415817],[122.967007,14.415759],[122.96697,14.416789],[122.964777,14.417168],[122.961425,14.416394],[122.960233,14.418077],[122.959776,14.419413],[122.956827,14.419069],[122.954997,14.419351],[122.954644,14.422094],[122.953706,14.424472],[122.951772,14.426322],[122.95052,14.426672],[122.950798,14.42814],[122.949594,14.428181],[122.948967,14.426914],[122.946896,14.427781],[122.945034,14.427784],[122.942858,14.429807],[122.944138,14.430937],[122.944014,14.432194],[122.94503,14.43548],[122.944916,14.436549],[122.943253,14.437671],[122.941887,14.437981],[122.941075,14.439274],[122.939753,14.439882]]],"type":"Polygon"},"id":"a5c2446cb66cdd976c13453186da4f69"},{"type":"Feature","properties":{"Shape_Leng":6.46106998989,"Shape_Area":0.16541690876,"ADM2_EN":"Sorsogon","ADM1_EN":"Region V","ADM0_EN":"Philippines (the)"},"geometry":{"coordinates":[[[124.11515,12.561003],[124.111156,12.558516],[124.110484,12.556411],[124.109482,12.554937],[124.109059,12.552324],[124.109678,12.551767],[124.111892,12.552377],[124.112851,12.552176],[124.114286,12.550755],[124.114386,12.548429],[124.115278,12.546552],[124.117505,12.544277],[124.117931,12.545355],[124.11792,12.547745],[124.11694,12.549248],[124.116146,12.55219],[124.1171,12.554389],[124.11833,12.55469],[124.11963,12.556615],[124.118604,12.559867],[124.117289,12.560712],[124.11515,12.561003]]],"type":"Polygon"},"id":"a665bb1690a2edb3dd66b215c2cedc89"},{"type":"Feature","properties":{"Shape_Leng":12.6075227891,"Shape_Area":0.33149978607,"ADM2_EN":"Masbate","ADM1_EN":"Region V","ADM0_EN":"Philippines (the)"},"geometry":{"coordinates":[[[123.231273,12.167454],[123.229959,12.165909],[123.226976,12.165729],[123.226186,12.163381],[123.225151,12.16304],[123.224779,12.161902],[123.226073,12.161176],[123.230169,12.16157],[123.231806,12.163537],[123.231545,12.164898],[123.232038,12.166651],[123.231273,12.167454]]],"type":"Polygon"},"id":"a697d2e3fefbd6cec83e3dda5c4fd05a"},{"type":"Feature","properties":{"Shape_Leng":12.538796574,"Shape_Area":0.4415854832,"ADM2_EN":"Camarines Sur","ADM1_EN":"Region V","ADM0_EN":"Philippines (the)"},"geometry":{"coordinates":[[[123.570457,13.591972],[123.569378,13.591977],[123.568075,13.590479],[123.56343,13.586797],[123.564246,13.584673],[123.565224,13.583996],[123.566577,13.582008],[123.568301,13.581526],[123.568851,13.580484],[123.571892,13.579044],[123.575677,13.579336],[123.577503,13.580097],[123.578247,13.58124],[123.57748,13.583282],[123.576088,13.582007],[123.574541,13.581851],[123.573655,13.583433],[123.574633,13.585459],[123.574062,13.586033],[123.573855,13.58798],[123.572426,13.589966],[123.570495,13.591052],[123.570457,13.591972]]],"type":"Polygon"},"id":"a7e037658195f0cfbd39e2d741c3588a"},{"type":"Feature","properties":{"Shape_Leng":12.538796574,"Shape_Area":0.4415854832,"ADM2_EN":"Camarines Sur","ADM1_EN":"Region V","ADM0_EN":"Philippines (the)"},"geometry":{"coordinates":[[[123.550147,13.977101],[123.548634,13.976412],[123.547424,13.97492],[123.547767,13.973775],[123.548864,13.973461],[123.550144,13.973926],[123.551699,13.971772],[123.554792,13.9706],[123.556086,13.969103],[123.557414,13.968304],[123.557314,13.971617],[123.555533,13.971649],[123.55364,13.97273],[123.553792,13.974097],[123.550712,13.975087],[123.550147,13.977101]]],"type":"Polygon"},"id":"a8c008a9bf6a37cd904fe55ab6b242aa"},{"type":"Feature","properties":{"Shape_Leng":12.538796574,"Shape_Area":0.4415854832,"ADM2_EN":"Camarines Sur","ADM1_EN":"Region V","ADM0_EN":"Philippines (the)"},"geometry":{"coordinates":[[[123.516426,14.002285],[123.515039,14.001851],[123.514241,13.998803],[123.515609,13.999061],[123.515856,14.000094],[123.517188,14.000498],[123.516426,14.002285]]],"type":"Polygon"},"id":"a93cf9d4eccfcd5d1c620947c96e7668"},{"type":"Feature","properties":{"Shape_Leng":12.538796574,"Shape_Area":0.4415854832,"ADM2_EN":"Camarines Sur","ADM1_EN":"Region V","ADM0_EN":"Philippines (the)"},"geometry":{"coordinates":[[[123.856052,13.823423],[123.853959,13.823346],[123.853585,13.822327],[123.853994,13.819666],[123.855271,13.820526],[123.856052,13.823423]]],"type":"Polygon"},"id":"a97147ba059682478fd050a7059553f2"},{"type":"Feature","properties":{"Shape_Leng":4.38779781402,"Shape_Area":0.12208236107,"ADM2_EN":"Catanduanes","ADM1_EN":"Region V","ADM0_EN":"Philippines (the)"},"geometry":{"coordinates":[[[124.40021,13.720993],[124.399217,13.720875],[124.396441,13.718926],[124.395067,13.719124],[124.393775,13.717978],[124.39496,13.716246],[124.396407,13.716209],[124.399394,13.717487],[124.401119,13.719846],[124.40021,13.720993]]],"type":"Polygon"},"id":"ab8b957ddb3ceef23da3df82bbf9e610"},{"type":"Feature","properties":{"Shape_Leng":6.46106998989,"Shape_Area":0.16541690876,"ADM2_EN":"Sorsogon","ADM1_EN":"Region V","ADM0_EN":"Philippines (the)"},"geometry":{"coordinates":[[[123.886641,12.888577],[123.884645,12.888136],[123.882846,12.887008],[123.881164,12.885037],[123.881193,12.883823],[123.882836,12.880925],[123.882832,12.879799],[123.88434,12.877553],[123.884236,12.87502],[123.885824,12.874058],[123.885972,12.871919],[123.887664,12.869427],[123.888832,12.869633],[123.889986,12.870978],[123.890394,12.872333],[123.891881,12.872557],[123.893077,12.871829],[123.896404,12.868622],[123.899015,12.86898],[123.902109,12.86794],[123.903288,12.868905],[123.903886,12.870447],[123.903024,12.872024],[123.900198,12.874412],[123.899705,12.876286],[123.900433,12.877221],[123.900971,12.879778],[123.899161,12.879391],[123.896396,12.879835],[123.894184,12.878871],[123.892444,12.879238],[123.89133,12.880772],[123.891423,12.88258],[123.890755,12.883555],[123.890772,12.88612],[123.890211,12.887458],[123.888557,12.888438],[123.886641,12.888577]]],"type":"Polygon"},"id":"afd3c48cf3f86a4c8f9d8c007103939a"},{"type":"Feature","properties":{"Shape_Leng":12.6075227891,"Shape_Area":0.33149978607,"ADM2_EN":"Masbate","ADM1_EN":"Region V","ADM0_EN":"Philippines (the)"},"geometry":{"coordinates":[[[123.253826,12.439339],[123.252315,12.438899],[123.251736,12.437131],[123.251064,12.436682],[123.251145,12.433127],[123.251528,12.427672],[123.251537,12.424848],[123.250067,12.423204],[123.250558,12.422397],[123.250439,12.420685],[123.252142,12.420565],[123.253244,12.423223],[123.253082,12.425646],[123.254366,12.427782],[123.256224,12.429333],[123.25765,12.431006],[123.257517,12.43364],[123.255376,12.43578],[123.254767,12.438496],[123.253826,12.439339]]],"type":"Polygon"},"id":"b1746542b8cc9aca4f6f61da9436d301"},{"type":"Feature","properties":{"Shape_Leng":12.538796574,"Shape_Area":0.4415854832,"ADM2_EN":"Camarines Sur","ADM1_EN":"Region V","ADM0_EN":"Philippines (the)"},"geometry":{"coordinates":[[[123.826344,13.985441],[123.824622,13.984645],[123.823995,13.983167],[123.824533,13.981819],[123.826847,13.983367],[123.82696,13.984918],[123.826344,13.985441]]],"type":"Polygon"},"id":"b1875dfebc412f8f623e5e636642fc73"},{"type":"Feature","properties":{"Shape_Leng":12.6075227891,"Shape_Area":0.33149978607,"ADM2_EN":"Masbate","ADM1_EN":"Region V","ADM0_EN":"Philippines (the)"},"geometry":{"coordinates":[[[123.602638,12.708531],[123.601897,12.708458],[123.601531,12.706425],[123.602552,12.704644],[123.602612,12.703386],[123.605636,12.699854],[123.606135,12.6985],[123.607474,12.697806],[123.609188,12.696282],[123.610456,12.694438],[123.613171,12.692539],[123.615265,12.692535],[123.616877,12.693363],[123.617825,12.694498],[123.6167,12.695849],[123.614968,12.696358],[123.612424,12.69799],[123.610681,12.700816],[123.609708,12.70031],[123.606981,12.702449],[123.606509,12.703463],[123.602638,12.708531]]],"type":"Polygon"},"id":"b45a13ccc70c2b4e1dad3b7ab8068412"},{"type":"Feature","properties":{"Shape_Leng":6.46106998989,"Shape_Area":0.16541690876,"ADM2_EN":"Sorsogon","ADM1_EN":"Region V","ADM0_EN":"Philippines (the)"},"geometry":{"coordinates":[[[123.906255,12.865584],[123.903639,12.864896],[123.90222,12.863938],[123.90188,12.862864],[123.899641,12.863429],[123.89949,12.862572],[123.900365,12.860651],[123.901263,12.861771],[123.904512,12.862838],[123.905682,12.860379],[123.904917,12.859896],[123.90521,12.858613],[123.907,12.860378],[123.908659,12.860251],[123.909938,12.859223],[123.910098,12.860853],[123.908132,12.862713],[123.906408,12.863641],[123.905759,12.86479],[123.906255,12.865584]]],"type":"Polygon"},"id":"b4d0bf31766ab7fe04cef8650eb54c7c"},{"type":"Feature","properties":{"Shape_Leng":12.538796574,"Shape_Area":0.4415854832,"ADM2_EN":"Camarines Sur","ADM1_EN":"Region V","ADM0_EN":"Philippines (the)"},"geometry":{"coordinates":[[[123.626851,13.897948],[123.626388,13.896653],[123.62817,13.895452],[123.628651,13.896285],[123.626851,13.897948]]],"type":"Polygon"},"id":"b8fb8e2c7cd0d224d5bafc846106d06e"},{"type":"Feature","properties":{"Shape_Leng":6.1439204171,"Shape_Area":0.17758777007,"ADM2_EN":"Camarines Norte","ADM1_EN":"Region V","ADM0_EN":"Philippines (the)"},"geometry":{"coordinates":[[[123.105104,14.090019],[123.103228,14.08804],[123.102364,14.086658],[123.100711,14.085664],[123.100135,14.083827],[123.098948,14.08262],[123.09919,14.08122],[123.098703,14.080096],[123.10301,14.079873],[123.105825,14.077429],[123.107211,14.077629],[123.109135,14.076608],[123.110572,14.07628],[123.112335,14.074669],[123.115277,14.074316],[123.11698,14.07534],[123.117938,14.077678],[123.115729,14.078531],[123.113916,14.077672],[123.111614,14.078903],[123.111338,14.080099],[123.108614,14.086121],[123.107131,14.087253],[123.106404,14.089503],[123.105104,14.090019]]],"type":"Polygon"},"id":"bc29bb3c1f3c2ef97ec35fb6a24e1533"},{"type":"Feature","properties":{"Shape_Leng":12.6075227891,"Shape_Area":0.33149978607,"ADM2_EN":"Masbate","ADM1_EN":"Region V","ADM0_EN":"Philippines (the)"},"geometry":{"coordinates":[[[122.937249,13.180142],[122.935951,13.17902],[122.935965,13.177573],[122.937055,13.176721],[122.938117,13.177737],[122.938141,13.179251],[122.937249,13.180142]]],"type":"Polygon"},"id":"be72f14a46d25e98ef5e706e8cc686d9"},{"type":"Feature","properties":{"Shape_Leng":12.538796574,"Shape_Area":0.4415854832,"ADM2_EN":"Camarines Sur","ADM1_EN":"Region V","ADM0_EN":"Philippines (the)"},"geometry":{"coordinates":[[[123.891384,13.805138],[123.890366,13.804748],[123.890011,13.803469],[123.891127,13.803283],[123.891384,13.805138]]],"type":"Polygon"},"id":"c01781a9d98cd2b57a569b3245296ca1"},{"type":"Feature","properties":{"Shape_Leng":6.1439204171,"Shape_Area":0.17758777007,"ADM2_EN":"Camarines Norte","ADM1_EN":"Region V","ADM0_EN":"Philippines (the)"},"geometry":{"coordinates":[[[122.930225,14.495466],[122.929628,14.493863],[122.927907,14.493244],[122.926751,14.49189],[122.927014,14.490141],[122.929019,14.49009],[122.930129,14.490865],[122.932661,14.491821],[122.933075,14.493842],[122.93067,14.49482],[122.930225,14.495466]]],"type":"Polygon"},"id":"c06b51e019cd40f91556ce06b1d9dfc3"},{"type":"Feature","properties":{"Shape_Leng":6.1439204171,"Shape_Area":0.17758777007,"ADM2_EN":"Camarines Norte","ADM1_EN":"Region V","ADM0_EN":"Philippines (the)"},"geometry":{"coordinates":[[[122.951448,14.204981],[122.950518,14.204254],[122.948106,14.203637],[122.947096,14.202184],[122.947514,14.201522],[122.94956,14.202682],[122.952079,14.202331],[122.952866,14.203723],[122.951448,14.204981]]],"type":"Polygon"},"id":"c42763ba481e6fef8e16c0368031ca28"},{"type":"Feature","properties":{"Shape_Leng":12.538796574,"Shape_Area":0.4415854832,"ADM2_EN":"Camarines Sur","ADM1_EN":"Region V","ADM0_EN":"Philippines (the)"},"geometry":{"coordinates":[[[123.99613,13.713813],[123.99826,13.711459],[123.998871,13.712324],[123.997862,13.713397],[123.99613,13.713813]]],"type":"Polygon"},"id":"c69d847fbb60fbc0253f2e70050bafe8"},{"type":"Feature","properties":{"Shape_Leng":12.6075227891,"Shape_Area":0.33149978607,"ADM2_EN":"Masbate","ADM1_EN":"Region V","ADM0_EN":"Philippines (the)"},"geometry":{"coordinates":[[[123.596271,12.686768],[123.595048,12.686109],[123.594184,12.684203],[123.592689,12.683021],[123.592092,12.681719],[123.594481,12.677855],[123.595112,12.677925],[123.596194,12.680349],[123.595674,12.683125],[123.596201,12.684046],[123.596271,12.686768]]],"type":"Polygon"},"id":"c74b97a1ec7f44def25be931a1f06bc7"},{"type":"Feature","properties":{"Shape_Leng":12.538796574,"Shape_Area":0.4415854832,"ADM2_EN":"Camarines Sur","ADM1_EN":"Region V","ADM0_EN":"Philippines (the)"},"geometry":{"coordinates":[[[123.949197,13.778206],[123.947701,13.777296],[123.947137,13.775504],[123.947649,13.773832],[123.948982,13.772591],[123.951227,13.772327],[123.951792,13.774033],[123.952807,13.774889],[123.954284,13.774586],[123.954402,13.776289],[123.953549,13.776855],[123.951146,13.775037],[123.94911,13.777242],[123.949197,13.778206]]],"type":"Polygon"},"id":"cad7d996497ca185c0fd257da29486ea"},{"type":"Feature","properties":{"Shape_Leng":12.6075227891,"Shape_Area":0.33149978607,"ADM2_EN":"Masbate","ADM1_EN":"Region V","ADM0_EN":"Philippines (the)"},"geometry":{"coordinates":[[[123.344157,12.455549],[123.343329,12.454921],[123.342267,12.450643],[123.342294,12.448329],[123.342933,12.446096],[123.34406,12.445114],[123.345216,12.445026],[123.346703,12.446327],[123.346866,12.449741],[123.348185,12.451603],[123.346879,12.452197],[123.344157,12.455549]]],"type":"Polygon"},"id":"ccfa80391eb11286dcb477da796c24b1"},{"type":"Feature","properties":{"Shape_Leng":12.6075227891,"Shape_Area":0.33149978607,"ADM2_EN":"Masbate","ADM1_EN":"Region V","ADM0_EN":"Philippines (the)"},"geometry":{"coordinates":[[[123.13538,11.861503],[123.131882,11.861439],[123.128541,11.860613],[123.122423,11.85797],[123.119862,11.855831],[123.118372,11.8537],[123.117867,11.852341],[123.117988,11.849665],[123.117747,11.845915],[123.118175,11.844618],[123.11789,11.839908],[123.118596,11.837503],[123.119899,11.83646],[123.121393,11.835981],[123.122147,11.834937],[123.123968,11.835276],[123.13149,11.840478],[123.135666,11.84377],[123.137218,11.845372],[123.138347,11.847334],[123.139508,11.850174],[123.141366,11.85145],[123.141914,11.853683],[123.140283,11.856849],[123.136627,11.860854],[123.13538,11.861503]]],"type":"Polygon"},"id":"ce23f7a2adc0e24ecac58666f3c2364a"},{"type":"Feature","properties":{"Shape_Leng":12.6075227891,"Shape_Area":0.33149978607,"ADM2_EN":"Masbate","ADM1_EN":"Region V","ADM0_EN":"Philippines (the)"},"geometry":{"coordinates":[[[122.858683,13.173328],[122.857484,13.172401],[122.85854,13.170398],[122.857806,13.169859],[122.859009,13.167198],[122.86079,13.166275],[122.862292,13.164105],[122.862069,13.162297],[122.863552,13.161671],[122.864338,13.158448],[122.865481,13.157958],[122.867239,13.156284],[122.867688,13.155064],[122.870208,13.153634],[122.869567,13.15236],[122.870038,13.151598],[122.871008,13.147202],[122.871066,13.145131],[122.872945,13.144729],[122.873832,13.143853],[122.874295,13.142329],[122.875214,13.141788],[122.877217,13.143311],[122.878578,13.143312],[122.881279,13.14247],[122.885614,13.140194],[122.887736,13.140409],[122.888842,13.141249],[122.893176,13.140402],[122.895286,13.142793],[122.895532,13.14444],[122.896453,13.1452],[122.895412,13.14686],[122.887623,13.149478],[122.884129,13.151109],[122.879688,13.152624],[122.879234,13.152198],[122.875642,13.152751],[122.87349,13.154395],[122.872883,13.155601],[122.87241,13.157957],[122.869995,13.160167],[122.868378,13.164197],[122.867395,13.16578],[122.867002,13.167464],[122.867151,13.169128],[122.864181,13.171432],[122.863524,13.172299],[122.861707,13.171677],[122.859797,13.171904],[122.858683,13.173328]]],"type":"Polygon"},"id":"d0348e484acf11cbe4cacbb1c05f1b56"},{"type":"Feature","properties":{"Shape_Leng":6.46106998989,"Shape_Area":0.16541690876,"ADM2_EN":"Sorsogon","ADM1_EN":"Region V","ADM0_EN":"Philippines (the)"},"geometry":{"coordinates":[[[123.839694,12.884048],[123.838422,12.883836],[123.836192,12.880754],[123.837593,12.880294],[123.838718,12.880854],[123.839694,12.884048]]],"type":"Polygon"},"id":"d1be27fabf82b8e778e1f5872d230f27"},{"type":"Feature","properties":{"Shape_Leng":12.538796574,"Shape_Area":0.4415854832,"ADM2_EN":"Camarines Sur","ADM1_EN":"Region V","ADM0_EN":"Philippines (the)"},"geometry":{"coordinates":[[[123.212683,14.030992],[123.211841,14.03098],[123.210515,14.029494],[123.209265,14.027228],[123.207341,14.024817],[123.209462,14.023478],[123.210567,14.023342],[123.211535,14.024475],[123.213496,14.025303],[123.215207,14.024873],[123.216292,14.025099],[123.218662,14.023815],[123.220971,14.024415],[123.221954,14.025576],[123.223285,14.025448],[123.223985,14.026258],[123.223127,14.027149],[123.215961,14.030309],[123.212683,14.030992]]],"type":"Polygon"},"id":"d4343bb13d28ccc2ab140b4d38a4133c"},{"type":"Feature","properties":{"Shape_Leng":12.6075227891,"Shape_Area":0.33149978607,"ADM2_EN":"Masbate","ADM1_EN":"Region V","ADM0_EN":"Philippines (the)"},"geometry":{"coordinates":[[[123.850631,12.250537],[123.84874,12.251389],[123.84478,12.254164],[123.843394,12.250585],[123.844481,12.250081],[123.845584,12.248134],[123.85077,12.243462],[123.853822,12.239618],[123.85444,12.239221],[123.85927,12.233519],[123.862883,12.229437],[123.864396,12.228989],[123.865588,12.231386],[123.866152,12.231784],[123.86583,12.234375],[123.865766,12.238573],[123.866107,12.240287],[123.864888,12.242257],[123.864989,12.243675],[123.863415,12.243773],[123.860456,12.246072],[123.858445,12.247063],[123.856047,12.247484],[123.853229,12.249977],[123.850631,12.250537]]],"type":"Polygon"},"id":"d5a3eac783ba06603ce6d0039706df2d"},{"type":"Feature","properties":{"Shape_Leng":12.538796574,"Shape_Area":0.4415854832,"ADM2_EN":"Camarines Sur","ADM1_EN":"Region V","ADM0_EN":"Philippines (the)"},"geometry":{"coordinates":[[[123.806421,13.874574],[123.806483,13.875666],[123.804643,13.874962],[123.8059,13.87412],[123.806952,13.872023],[123.808663,13.871971],[123.809389,13.873953],[123.807801,13.873633],[123.806421,13.874574]]],"type":"Polygon"},"id":"d5e57062c1f79c591b0ce1ee2aaf8b9f"},{"type":"Feature","properties":{"Shape_Leng":12.6075227891,"Shape_Area":0.33149978607,"ADM2_EN":"Masbate","ADM1_EN":"Region V","ADM0_EN":"Philippines (the)"},"geometry":{"coordinates":[[[123.595026,11.917963],[123.596668,11.916677],[123.598709,11.913743],[123.600025,11.912534],[123.602267,11.911088],[123.603188,11.910092],[123.603963,11.908261],[123.605132,11.906584],[123.606796,11.905737],[123.607674,11.906695],[123.610004,11.907786],[123.610525,11.909707],[123.608855,11.912388],[123.607084,11.91422],[123.604426,11.915753],[123.602277,11.914472],[123.597637,11.91712],[123.595026,11.917963]]],"type":"Polygon"},"id":"da56d4f4fa7033c687d744a793b93447"},{"type":"Feature","properties":{"Shape_Leng":12.538796574,"Shape_Area":0.4415854832,"ADM2_EN":"Camarines Sur","ADM1_EN":"Region V","ADM0_EN":"Philippines (the)"},"geometry":{"coordinates":[[[123.401686,13.982133],[123.400464,13.981205],[123.401065,13.980221],[123.401162,13.9786],[123.402935,13.979848],[123.401638,13.981263],[123.401686,13.982133]]],"type":"Polygon"},"id":"db1a49accafc8242e3e19b1c0add9324"},{"type":"Feature","properties":{"Shape_Leng":6.1439204171,"Shape_Area":0.17758777007,"ADM2_EN":"Camarines Norte","ADM1_EN":"Region V","ADM0_EN":"Philippines (the)"},"geometry":{"coordinates":[[[123.089278,14.056751],[123.087547,14.054061],[123.087597,14.053038],[123.089421,14.053907],[123.090111,14.056264],[123.089278,14.056751]]],"type":"Polygon"},"id":"dca3f9d78034932e9ce9495de92673d5"},{"type":"Feature","properties":{"Shape_Leng":12.538796574,"Shape_Area":0.4415854832,"ADM2_EN":"Camarines Sur","ADM1_EN":"Region V","ADM0_EN":"Philippines (the)"},"geometry":{"coordinates":[[[123.838482,13.875109],[123.83737,13.873537],[123.836954,13.869887],[123.83763,13.867741],[123.839393,13.866689],[123.840934,13.86895],[123.840671,13.87123],[123.840881,13.872738],[123.840317,13.874302],[123.838482,13.875109]]],"type":"Polygon"},"id":"e036ea469df6add82d05dca7b3966e62"},{"type":"Feature","properties":{"Shape_Leng":12.6075227891,"Shape_Area":0.33149978607,"ADM2_EN":"Masbate","ADM1_EN":"Region V","ADM0_EN":"Philippines (the)"},"geometry":{"coordinates":[[[123.253792,12.409343],[123.251455,12.407456],[123.250517,12.407545],[123.248967,12.405671],[123.247198,12.401826],[123.248223,12.401134],[123.250503,12.402018],[123.250644,12.403516],[123.252286,12.403969],[123.25297,12.40524],[123.254409,12.40523],[123.25467,12.407884],[123.253792,12.409343]]],"type":"Polygon"},"id":"e30e9842832bea2115b5b3c30e4e9e20"},{"type":"Feature","properties":{"Shape_Leng":12.538796574,"Shape_Area":0.4415854832,"ADM2_EN":"Camarines Sur","ADM1_EN":"Region V","ADM0_EN":"Philippines (the)"},"geometry":{"coordinates":[[[123.812966,13.961182],[123.812287,13.959469],[123.813766,13.959445],[123.813767,13.96085],[123.812966,13.961182]]],"type":"Polygon"},"id":"e406b9178baf1a599531b8cee2fa3868"},{"type":"Feature","properties":{"Shape_Leng":12.6075227891,"Shape_Area":0.33149978607,"ADM2_EN":"Masbate","ADM1_EN":"Region V","ADM0_EN":"Philippines (the)"},"geometry":{"coordinates":[[[123.547002,12.041968],[123.545957,12.04266],[123.545045,12.041821],[123.545027,12.039864],[123.545585,12.03599],[123.546319,12.033713],[123.547185,12.032212],[123.548279,12.032006],[123.54916,12.033794],[123.549546,12.036364],[123.549224,12.038742],[123.548463,12.040372],[123.547002,12.041968]]],"type":"Polygon"},"id":"e47f913db03b433fe35b5c2eef8dd0df"},{"type":"Feature","properties":{"Shape_Leng":12.6075227891,"Shape_Area":0.33149978607,"ADM2_EN":"Masbate","ADM1_EN":"Region V","ADM0_EN":"Philippines (the)"},"geometry":{"coordinates":[[[124.10234,11.8363],[124.100713,11.833775],[124.101961,11.832424],[124.103187,11.83327],[124.103281,11.835462],[124.10234,11.8363]]],"type":"Polygon"},"id":"e68c799637761bc5006297cc7233767d"},{"type":"Feature","properties":{"Shape_Leng":12.6075227891,"Shape_Area":0.33149978607,"ADM2_EN":"Masbate","ADM1_EN":"Region V","ADM0_EN":"Philippines (the)"},"geometry":{"coordinates":[[[123.582887,12.663976],[123.581648,12.660579],[123.582448,12.658241],[123.582849,12.655944],[123.584417,12.653496],[123.586007,12.653545],[123.584835,12.658784],[123.583664,12.662988],[123.582887,12.663976]]],"type":"Polygon"},"id":"e6d4a2dd1c5ec108321820368e943211"},{"type":"Feature","properties":{"Shape_Leng":6.1439204171,"Shape_Area":0.17758777007,"ADM2_EN":"Camarines Norte","ADM1_EN":"Region V","ADM0_EN":"Philippines (the)"},"geometry":{"coordinates":[[[122.987995,14.448918],[122.986716,14.447762],[122.987595,14.446329],[122.990754,14.446189],[122.992288,14.445212],[122.993921,14.446225],[122.994953,14.447799],[122.992979,14.448328],[122.990476,14.44753],[122.987995,14.448918]]],"type":"Polygon"},"id":"e7d682a755fb6c19099b6862063f95a4"},{"type":"Feature","properties":{"Shape_Leng":12.6075227891,"Shape_Area":0.33149978607,"ADM2_EN":"Masbate","ADM1_EN":"Region V","ADM0_EN":"Philippines (the)"},"geometry":{"coordinates":[[[123.618544,11.959378],[123.621063,11.953032],[123.623024,11.952072],[123.623603,11.95362],[123.622007,11.956723],[123.620588,11.958378],[123.618544,11.959378]]],"type":"Polygon"},"id":"e819f3761323e5b79221926afa8d4c60"},{"type":"Feature","properties":{"Shape_Leng":12.6075227891,"Shape_Area":0.33149978607,"ADM2_EN":"Masbate","ADM1_EN":"Region V","ADM0_EN":"Philippines (the)"},"geometry":{"coordinates":[[[123.846166,11.819191],[123.844312,11.819192],[123.844066,11.817698],[123.844883,11.81695],[123.846329,11.818043],[123.846166,11.819191]]],"type":"Polygon"},"id":"e84fd6de5a9c0c843ec1f1acaf86b972"},{"type":"Feature","properties":{"Shape_Leng":4.38779781402,"Shape_Area":0.12208236107,"ADM2_EN":"Catanduanes","ADM1_EN":"Region V","ADM0_EN":"Philippines (the)"},"geometry":{"coordinates":[[[124.394173,13.89915],[124.393156,13.897217],[124.393644,13.893787],[124.395357,13.896478],[124.395522,13.897756],[124.394173,13.89915]]],"type":"Polygon"},"id":"e8b81f6dc89080d1529159ed77e4ff8a"},{"type":"Feature","properties":{"Shape_Leng":12.6075227891,"Shape_Area":0.33149978607,"ADM2_EN":"Masbate","ADM1_EN":"Region V","ADM0_EN":"Philippines (the)"},"geometry":{"coordinates":[[[123.245994,12.384282],[123.244958,12.383891],[123.243873,12.382563],[123.242021,12.382628],[123.240984,12.381627],[123.240578,12.379685],[123.239807,12.37858],[123.238973,12.375742],[123.23797,12.374213],[123.236178,12.374111],[123.234289,12.372675],[123.233613,12.371049],[123.233876,12.368699],[123.233615,12.366079],[123.232813,12.364545],[123.232556,12.362614],[123.233677,12.361216],[123.234058,12.357133],[123.235009,12.354179],[123.235407,12.351381],[123.235064,12.346404],[123.236147,12.345999],[123.237017,12.344868],[123.236861,12.343841],[123.240472,12.345626],[123.24006,12.349263],[123.238285,12.35203],[123.238604,12.353963],[123.238221,12.354704],[123.239404,12.358944],[123.239451,12.360277],[123.240873,12.363103],[123.241025,12.364782],[123.241736,12.366049],[123.243327,12.366942],[123.244635,12.368708],[123.245788,12.369375],[123.246158,12.370381],[123.247675,12.371719],[123.248677,12.373642],[123.251501,12.377114],[123.252944,12.377788],[123.252236,12.379149],[123.252226,12.380389],[123.250366,12.382196],[123.246747,12.383714],[123.245994,12.384282]]],"type":"Polygon"},"id":"ed660e090b0e3a4e2cb68f538983b315"},{"type":"Feature","properties":{"Shape_Leng":12.6075227891,"Shape_Area":0.33149978607,"ADM2_EN":"Masbate","ADM1_EN":"Region V","ADM0_EN":"Philippines (the)"},"geometry":{"coordinates":[[[123.835169,12.256142],[123.834616,12.255746],[123.835309,12.252923],[123.836802,12.25051],[123.838611,12.249072],[123.838831,12.250101],[123.838333,12.251866],[123.837459,12.251924],[123.83754,12.254328],[123.836285,12.255681],[123.835169,12.256142]]],"type":"Polygon"},"id":"ed839e9979f4d3f4c8583fc84964ee00"},{"type":"Feature","properties":{"Shape_Leng":12.538796574,"Shape_Area":0.4415854832,"ADM2_EN":"Camarines Sur","ADM1_EN":"Region V","ADM0_EN":"Philippines (the)"},"geometry":{"coordinates":[[[123.782104,13.960876],[123.781311,13.962524],[123.779907,13.962707],[123.778503,13.961914],[123.779113,13.960693],[123.782104,13.960876]]],"type":"Polygon"},"id":"ef27a51d26049cac2d44ad0018188b75"},{"type":"Feature","properties":{"Shape_Leng":6.1439204171,"Shape_Area":0.17758777007,"ADM2_EN":"Camarines Norte","ADM1_EN":"Region V","ADM0_EN":"Philippines (the)"},"geometry":{"coordinates":[[[122.970458,14.452506],[122.967151,14.450481],[122.966577,14.449151],[122.967514,14.447384],[122.969122,14.446853],[122.971386,14.447578],[122.974565,14.449376],[122.974914,14.451105],[122.970458,14.452506]]],"type":"Polygon"},"id":"f392d4f48588889cca963e074757961f"},{"type":"Feature","properties":{"Shape_Leng":12.538796574,"Shape_Area":0.4415854832,"ADM2_EN":"Camarines Sur","ADM1_EN":"Region V","ADM0_EN":"Philippines (the)"},"geometry":{"coordinates":[[[123.60125,13.522687],[123.600895,13.523942],[123.601664,13.528513],[123.600093,13.529579],[123.600001,13.530655],[123.600715,13.53205],[123.597647,13.535223],[123.598269,13.537077],[123.596885,13.538113],[123.596065,13.540243],[123.594088,13.542461],[123.592812,13.542954],[123.590456,13.542281],[123.588582,13.54117],[123.584859,13.542977],[123.583561,13.544211],[123.581811,13.546509],[123.581287,13.548629],[123.581352,13.551431],[123.582587,13.551753],[123.584048,13.553473],[123.582368,13.554492],[123.581625,13.553031],[123.580066,13.552776],[123.578103,13.55327],[123.576623,13.554986],[123.575196,13.555593],[123.57276,13.557891],[123.572556,13.558608],[123.570969,13.559464],[123.568553,13.562129],[123.566339,13.56149],[123.564346,13.56184],[123.560927,13.560225],[123.559523,13.558423],[123.55726,13.557993],[123.555456,13.558053],[123.555191,13.557056],[123.554059,13.556578],[123.552891,13.556933],[123.552541,13.555453],[123.550794,13.553196],[123.550059,13.553376],[123.547504,13.551664],[123.54615,13.555779],[123.545526,13.556915],[123.543383,13.557922],[123.540047,13.558813],[123.538365,13.558276],[123.537033,13.559109],[123.533613,13.561946],[123.531951,13.5648],[123.531316,13.566473],[123.531687,13.569687],[123.531489,13.571451],[123.530028,13.573642],[123.530409,13.575093],[123.530047,13.576289],[123.531286,13.577189],[123.531774,13.578938],[123.533837,13.580672],[123.534146,13.582244],[123.537384,13.58522],[123.540184,13.586369],[123.542861,13.588539],[123.543811,13.590427],[123.545598,13.592252],[123.548137,13.595668],[123.550632,13.599807],[123.552079,13.601866],[123.551782,13.602765],[123.549367,13.60188],[123.54626,13.60132],[123.545281,13.60049],[123.542934,13.601848],[123.543669,13.604322],[123.540325,13.606618],[123.538798,13.608243],[123.537066,13.611071],[123.536079,13.611476],[123.535701,13.612622],[123.534796,13.620385],[123.534891,13.623297],[123.53579,13.627683],[123.538255,13.636718],[123.538502,13.638013],[123.54082,13.645128],[123.542169,13.648235],[123.543662,13.652679],[123.546131,13.658171],[123.54682,13.660143],[123.549103,13.665088],[123.552421,13.673449],[123.553621,13.676003],[123.55364,13.676811],[123.556384,13.687234],[123.557167,13.689458],[123.560425,13.696135],[123.563187,13.701155],[123.565811,13.70518],[123.57183,13.712565],[123.57365,13.71431],[123.573787,13.715091],[123.576223,13.717626],[123.581415,13.72184],[123.585108,13.723724],[123.585175,13.724414],[123.588122,13.725116],[123.587583,13.726141],[123.583941,13.723761],[123.578194,13.722225],[123.577581,13.723097],[123.581674,13.726634],[123.581377,13.72711],[123.584332,13.728],[123.584942,13.72879],[123.586918,13.729737],[123.588218,13.729277],[123.590096,13.729711],[123.590968,13.728274],[123.593091,13.727525],[123.594701,13.728364],[123.597229,13.728242],[123.599468,13.727252],[123.601026,13.727658],[123.602922,13.726749],[123.604931,13.726832],[123.606554,13.726015],[123.609301,13.725365],[123.610065,13.725585],[123.612514,13.725154],[123.613702,13.725283],[123.617717,13.723787],[123.619565,13.723897],[123.622867,13.722732],[123.625097,13.721612],[123.628153,13.720806],[123.628467,13.719633],[123.630689,13.720431],[123.633279,13.719885],[123.634425,13.718749],[123.636793,13.717426],[123.642581,13.714949],[123.644632,13.714979],[123.647259,13.713524],[123.65182,13.710211],[123.653462,13.709983],[123.6553,13.709015],[123.655673,13.707821],[123.657714,13.707352],[123.660467,13.710156],[123.665997,13.716995],[123.668565,13.718446],[123.670264,13.720187],[123.673191,13.721081],[123.677963,13.720775],[123.678887,13.720232],[123.683003,13.720571],[123.684325,13.719663],[123.68604,13.719704],[123.687891,13.720787],[123.689046,13.720728],[123.691745,13.719777],[123.694514,13.719708],[123.696202,13.718519],[123.697177,13.715924],[123.69903,13.715334],[123.699844,13.714088],[123.702363,13.712709],[123.705722,13.712107],[123.707237,13.711124],[123.710161,13.710573],[123.712162,13.710942],[123.715092,13.710644],[123.716606,13.70891],[123.718006,13.708689],[123.720402,13.709522],[123.721438,13.710234],[123.723579,13.710856],[123.72688,13.711226],[123.727771,13.710525],[123.729648,13.710563],[123.731495,13.709863],[123.732739,13.70837],[123.734603,13.707331],[123.736406,13.706938],[123.738468,13.707014],[123.740538,13.705742],[123.742643,13.706536],[123.744239,13.707736],[123.746736,13.70866],[123.748805,13.708789],[123.753629,13.707242],[123.755566,13.705686],[123.759051,13.704998],[123.760534,13.702554],[123.761616,13.702951],[123.763953,13.702804],[123.764488,13.701499],[123.768856,13.700657],[123.76915,13.700112],[123.772388,13.698754],[123.776185,13.698446],[123.777976,13.696886],[123.779993,13.694189],[123.781655,13.693264],[123.784113,13.692815],[123.787811,13.693298],[123.790635,13.692754],[123.793504,13.691495],[123.7961,13.692434],[123.797966,13.691353],[123.798474,13.690186],[123.800006,13.689833],[123.80189,13.688111],[123.803211,13.687703],[123.804649,13.688518],[123.810325,13.688977],[123.812827,13.688753],[123.816471,13.689046],[123.818688,13.689546],[123.820087,13.690248],[123.821401,13.691679],[123.823197,13.692248],[123.825733,13.692428],[123.827402,13.694176],[123.828293,13.696964],[123.829029,13.697391],[123.831362,13.697044],[123.832462,13.698477],[123.833608,13.698832],[123.835785,13.6976],[123.836414,13.697968],[123.836394,13.700391],[123.83847,13.702203],[123.838859,13.703892],[123.840099,13.704611],[123.842837,13.705184],[123.843988,13.706083],[123.844067,13.707568],[123.844703,13.708978],[123.846128,13.710614],[123.847918,13.712062],[123.849312,13.7121],[123.850827,13.713299],[123.850663,13.714345],[123.851621,13.715851],[123.853905,13.717579],[123.855181,13.718143],[123.857418,13.718169],[123.85849,13.720288],[123.861157,13.724319],[123.862857,13.724858],[123.86108,13.72767],[123.86013,13.727564],[123.85968,13.728984],[123.860251,13.730724],[123.863277,13.730814],[123.864769,13.731346],[123.864776,13.732611],[123.866442,13.733631],[123.867089,13.735078],[123.871608,13.737037],[123.87397,13.73776],[123.875892,13.737246],[123.876992,13.736166],[123.87881,13.735394],[123.879139,13.733883],[123.880695,13.735326],[123.880934,13.737349],[123.883372,13.738659],[123.884166,13.736689],[123.884016,13.735662],[123.881901,13.733685],[123.882058,13.733002],[123.884183,13.733186],[123.886177,13.731754],[123.88767,13.730002],[123.887719,13.72894],[123.891622,13.727815],[123.892357,13.729111],[123.893451,13.727829],[123.894819,13.728389],[123.896076,13.727951],[123.895625,13.72638],[123.897994,13.726076],[123.898608,13.727082],[123.899661,13.726944],[123.90034,13.725524],[123.901335,13.726174],[123.902607,13.725884],[123.903924,13.726339],[123.904939,13.7277],[123.906315,13.727425],[123.907468,13.72818],[123.907375,13.729238],[123.908756,13.730286],[123.91225,13.729111],[123.913882,13.727748],[123.915259,13.727942],[123.917426,13.727292],[123.91951,13.727282],[123.922776,13.724421],[123.923455,13.72486],[123.925902,13.723005],[123.928757,13.722489],[123.932165,13.71992],[123.934424,13.719856],[123.932622,13.723638],[123.929845,13.725226],[123.928678,13.725196],[123.927262,13.727737],[123.926969,13.729481],[123.928226,13.731598],[123.929577,13.731877],[123.930747,13.733357],[123.933103,13.734652],[123.935692,13.735301],[123.936828,13.736679],[123.938413,13.732965],[123.939501,13.733274],[123.943165,13.732476],[123.941859,13.731015],[123.943421,13.730247],[123.942979,13.728487],[123.945074,13.726767],[123.946474,13.726455],[123.947399,13.725177],[123.949085,13.724936],[123.949545,13.726886],[123.952304,13.727439],[123.954735,13.726892],[123.955716,13.725964],[123.95556,13.725015],[123.956762,13.724396],[123.958831,13.725201],[123.961367,13.724997],[123.964485,13.72612],[123.963934,13.724802],[123.965352,13.721738],[123.964872,13.720044],[123.963869,13.720215],[123.962248,13.718346],[123.96264,13.716709],[123.964207,13.715511],[123.964784,13.714076],[123.967807,13.714038],[123.968891,13.712869],[123.968265,13.711481],[123.969697,13.709651],[123.970971,13.711479],[123.971622,13.715895],[123.97255,13.716649],[123.974712,13.716542],[123.975355,13.719042],[123.973677,13.719618],[123.975098,13.721481],[123.97681,13.721582],[123.977177,13.72259],[123.974434,13.723025],[123.972857,13.72139],[123.971274,13.722257],[123.969443,13.72566],[123.970786,13.727063],[123.969217,13.727436],[123.968285,13.728615],[123.967853,13.730826],[123.968639,13.731814],[123.970494,13.730985],[123.971775,13.733689],[123.972813,13.733783],[123.973058,13.736406],[123.974866,13.738616],[123.974329,13.740397],[123.972984,13.739979],[123.970564,13.74182],[123.970003,13.742611],[123.968504,13.742411],[123.966915,13.743814],[123.966791,13.745392],[123.967558,13.748066],[123.968476,13.748633],[123.96889,13.75034],[123.968386,13.75114],[123.969449,13.753995],[123.969011,13.755275],[123.967287,13.756486],[123.965491,13.756758],[123.964287,13.755963],[123.963478,13.754358],[123.962181,13.753722],[123.962117,13.752538],[123.960538,13.752384],[123.957557,13.754535],[123.956082,13.755087],[123.955524,13.753809],[123.953298,13.754729],[123.951738,13.753651],[123.950999,13.755166],[123.949686,13.754628],[123.948912,13.753373],[123.947736,13.754657],[123.949328,13.756437],[123.9524,13.757549],[123.952695,13.75943],[123.954707,13.761319],[123.952592,13.762065],[123.951738,13.763303],[123.9513,13.765042],[123.952877,13.767603],[123.950021,13.768865],[123.947151,13.768298],[123.945753,13.768437],[123.944785,13.772399],[123.943775,13.773279],[123.941199,13.771035],[123.939744,13.770364],[123.938545,13.770614],[123.937087,13.773048],[123.939209,13.774218],[123.940679,13.774394],[123.941166,13.775687],[123.942472,13.776513],[123.943283,13.780145],[123.944348,13.780772],[123.943835,13.783392],[123.945636,13.78484],[123.945976,13.78278],[123.947048,13.782037],[123.949156,13.784421],[123.948276,13.785996],[123.947011,13.786421],[123.945973,13.785755],[123.944489,13.785653],[123.944816,13.788581],[123.944421,13.789976],[123.941404,13.794929],[123.938157,13.795698],[123.937352,13.794595],[123.9324,13.794134],[123.932564,13.793153],[123.930334,13.792724],[123.927986,13.790261],[123.926441,13.791807],[123.92496,13.792273],[123.923128,13.791336],[123.921497,13.791997],[123.919009,13.791927],[123.917673,13.79144],[123.914787,13.791751],[123.916766,13.793472],[123.914285,13.794256],[123.912916,13.795086],[123.910343,13.794454],[123.908626,13.795403],[123.906921,13.794696],[123.905625,13.794674],[123.903737,13.795603],[123.903181,13.79514],[123.901246,13.795402],[123.89879,13.796529],[123.898342,13.797221],[123.896331,13.797891],[123.894931,13.798818],[123.89224,13.798714],[123.889772,13.800416],[123.887861,13.802828],[123.888441,13.80421],[123.886997,13.804593],[123.886585,13.803628],[123.88446,13.803674],[123.883795,13.804492],[123.883867,13.806385],[123.882873,13.807586],[123.881838,13.806483],[123.880117,13.80797],[123.877666,13.811223],[123.877443,13.816291],[123.87611,13.818078],[123.871739,13.820662],[123.871193,13.822049],[123.869764,13.822927],[123.868198,13.825253],[123.866372,13.8256],[123.864715,13.824028],[123.863587,13.823659],[123.862431,13.820534],[123.86143,13.819559],[123.860067,13.820345],[123.858103,13.819798],[123.855967,13.817345],[123.855024,13.817525],[123.853714,13.815933],[123.852026,13.81573],[123.851235,13.813706],[123.851429,13.812686],[123.850119,13.811057],[123.846959,13.810655],[123.845886,13.811889],[123.846833,13.812406],[123.847297,13.815495],[123.847923,13.816774],[123.849822,13.817176],[123.84888,13.818255],[123.84664,13.817264],[123.84519,13.815792],[123.843428,13.815781],[123.840639,13.817221],[123.840383,13.81795],[123.838037,13.818974],[123.8372,13.821588],[123.835508,13.821447],[123.834745,13.82235],[123.833451,13.82252],[123.832683,13.821591],[123.830667,13.822156],[123.830091,13.823847],[123.829187,13.824512],[123.829801,13.825617],[123.828954,13.826364],[123.827736,13.825824],[123.824683,13.825367],[123.821222,13.826828],[123.818145,13.827206],[123.817293,13.826959],[123.81526,13.827773],[123.813445,13.829011],[123.810693,13.832967],[123.810864,13.834856],[123.808307,13.834574],[123.805905,13.837172],[123.803627,13.838995],[123.803214,13.840545],[123.801831,13.840951],[123.80239,13.842972],[123.80194,13.84503],[123.80298,13.845967],[123.802166,13.847247],[123.799558,13.847494],[123.798709,13.846621],[123.79739,13.846713],[123.796105,13.844825],[123.794429,13.84343],[123.793012,13.844081],[123.792324,13.84294],[123.791011,13.844196],[123.789226,13.845011],[123.788247,13.844918],[123.786009,13.846097],[123.785292,13.844403],[123.784395,13.844484],[123.784173,13.846445],[123.782598,13.847725],[123.781289,13.849457],[123.778997,13.850931],[123.777087,13.85074],[123.775735,13.850076],[123.774922,13.850487],[123.776557,13.852326],[123.778212,13.853056],[123.778521,13.855534],[123.779939,13.858568],[123.781137,13.858789],[123.781521,13.859706],[123.779779,13.860129],[123.778259,13.85965],[123.777226,13.86139],[123.773322,13.86203],[123.7729,13.861393],[123.773183,13.859529],[123.774337,13.858254],[123.770988,13.858351],[123.769309,13.859458],[123.767117,13.859669],[123.766996,13.860613],[123.76463,13.862273],[123.764459,13.863506],[123.761877,13.863328],[123.759543,13.864346],[123.758455,13.866203],[123.756999,13.867282],[123.754974,13.868205],[123.754991,13.869957],[123.753949,13.871856],[123.754116,13.873226],[123.753407,13.875609],[123.752144,13.876711],[123.75163,13.880447],[123.75102,13.880856],[123.749484,13.883463],[123.748349,13.883684],[123.74593,13.885418],[123.746098,13.886166],[123.744675,13.887312],[123.742778,13.891139],[123.741819,13.891223],[123.740997,13.888388],[123.739176,13.884029],[123.737283,13.88469],[123.737752,13.885782],[123.737871,13.888128],[123.738473,13.889977],[123.736181,13.891933],[123.735437,13.893426],[123.735454,13.894807],[123.733897,13.897536],[123.733545,13.899002],[123.736084,13.900764],[123.735843,13.901689],[123.734109,13.90122],[123.733008,13.902384],[123.73353,13.903385],[123.732247,13.904388],[123.731002,13.904449],[123.730793,13.906557],[123.732076,13.908099],[123.73387,13.907981],[123.732891,13.909948],[123.732103,13.912807],[123.732397,13.914549],[123.729901,13.918812],[123.729764,13.920662],[123.727747,13.921851],[123.725161,13.926541],[123.725058,13.928873],[123.72231,13.931797],[123.721759,13.933072],[123.721905,13.934833],[123.720291,13.935532],[123.719297,13.936886],[123.717415,13.937714],[123.716533,13.939265],[123.71537,13.940239],[123.713309,13.940044],[123.711593,13.941249],[123.709536,13.9416],[123.706715,13.943227],[123.706008,13.941372],[123.706358,13.939895],[123.706331,13.937629],[123.706829,13.936216],[123.708304,13.937404],[123.709717,13.937388],[123.711492,13.935816],[123.71303,13.932147],[123.712497,13.928505],[123.711787,13.927157],[123.71242,13.926143],[123.713801,13.926592],[123.714758,13.924743],[123.717432,13.923108],[123.717986,13.92207],[123.716833,13.920346],[123.715372,13.919762],[123.713413,13.91975],[123.710837,13.91821],[123.710067,13.918433],[123.707417,13.91714],[123.70757,13.915984],[123.704252,13.913451],[123.702557,13.912671],[123.702689,13.909614],[123.703643,13.908778],[123.704664,13.908991],[123.705333,13.907708],[123.705523,13.904995],[123.707018,13.904169],[123.70655,13.899929],[123.705722,13.897964],[123.703583,13.894794],[123.702428,13.891522],[123.705766,13.892217],[123.705548,13.890852],[123.704664,13.889465],[123.702206,13.889746],[123.70062,13.887833],[123.700732,13.886693],[123.699241,13.884129],[123.697532,13.882884],[123.695451,13.882052],[123.692044,13.88171],[123.684366,13.881733],[123.685221,13.880839],[123.682841,13.879115],[123.680925,13.878719],[123.679426,13.880376],[123.669941,13.882759],[123.669395,13.881485],[123.667984,13.883133],[123.664735,13.885009],[123.663701,13.886307],[123.663057,13.888727],[123.663374,13.889531],[123.665287,13.889732],[123.665591,13.890925],[123.665117,13.89275],[123.662979,13.894049],[123.662111,13.893534],[123.662142,13.890608],[123.660095,13.889515],[123.660591,13.887332],[123.6593,13.887868],[123.65907,13.888992],[123.656632,13.888385],[123.654908,13.88921],[123.654831,13.89044],[123.653623,13.891656],[123.652737,13.890274],[123.651157,13.889593],[123.649744,13.88979],[123.6483,13.89097],[123.646706,13.890322],[123.647316,13.888878],[123.646226,13.886984],[123.647026,13.886139],[123.647007,13.884104],[123.645973,13.883111],[123.643965,13.882575],[123.64214,13.882563],[123.638499,13.88329],[123.634253,13.885975],[123.631888,13.888453],[123.630831,13.888875],[123.627955,13.888028],[123.625872,13.889118],[123.624106,13.890526],[123.621612,13.890266],[123.619201,13.891919],[123.615376,13.892682],[123.613693,13.892559],[123.612218,13.893061],[123.609669,13.892763],[123.608112,13.893459],[123.606654,13.893417],[123.603843,13.894375],[123.602907,13.894315],[123.601492,13.891835],[123.599102,13.895124],[123.599921,13.8964],[123.598561,13.897122],[123.596411,13.897086],[123.597203,13.898206],[123.598374,13.898598],[123.597717,13.900454],[123.596464,13.901124],[123.59401,13.899819],[123.592306,13.898202],[123.591356,13.899451],[123.592996,13.900694],[123.594431,13.901097],[123.595291,13.902482],[123.59459,13.903643],[123.593511,13.903935],[123.592837,13.906654],[123.592216,13.90752],[123.590605,13.908035],[123.593741,13.909846],[123.592547,13.911915],[123.590704,13.9116],[123.591092,13.910269],[123.589991,13.910044],[123.588928,13.90897],[123.586175,13.90879],[123.586575,13.911758],[123.588295,13.910623],[123.589073,13.911632],[123.585908,13.912274],[123.584699,13.911288],[123.583493,13.91274],[123.582201,13.911006],[123.583104,13.909785],[123.580648,13.909894],[123.580726,13.90768],[123.58152,13.90776],[123.583066,13.905625],[123.583842,13.902491],[123.581648,13.902421],[123.581033,13.900796],[123.578574,13.902171],[123.576597,13.902816],[123.577175,13.904754],[123.579789,13.904837],[123.577305,13.907596],[123.576533,13.907891],[123.575456,13.90969],[123.574163,13.910157],[123.575447,13.912425],[123.573013,13.913908],[123.572873,13.916035],[123.573415,13.916997],[123.571502,13.917782],[123.570014,13.917774],[123.568767,13.91696],[123.567316,13.917558],[123.566101,13.917421],[123.564852,13.918087],[123.564327,13.919965],[123.562072,13.920801],[123.559238,13.919867],[123.557761,13.920202],[123.555993,13.921479],[123.555692,13.923467],[123.554374,13.924072],[123.553326,13.927558],[123.551811,13.928236],[123.550891,13.929317],[123.548606,13.929629],[123.548777,13.928618],[123.548146,13.926781],[123.545906,13.927895],[123.545038,13.928839],[123.545733,13.931917],[123.542984,13.931863],[123.541038,13.928531],[123.542468,13.926389],[123.543786,13.925515],[123.544649,13.923994],[123.543106,13.922082],[123.541866,13.921616],[123.54196,13.920569],[123.540731,13.919916],[123.539562,13.921184],[123.538746,13.920749],[123.540534,13.91754],[123.541554,13.916655],[123.542873,13.916739],[123.544052,13.918315],[123.54533,13.917268],[123.54544,13.915885],[123.543468,13.915659],[123.544327,13.912318],[123.542457,13.91117],[123.538738,13.913078],[123.537286,13.913363],[123.536872,13.912475],[123.535066,13.91386],[123.534636,13.916215],[123.533767,13.91789],[123.532156,13.91765],[123.529281,13.918182],[123.529294,13.916145],[123.528299,13.915879],[123.525763,13.916169],[123.524255,13.915519],[123.523409,13.913395],[123.522096,13.914473],[123.519911,13.9138],[123.519705,13.91467],[123.520286,13.918424],[123.518817,13.9173],[123.51721,13.91881],[123.517713,13.919808],[123.517538,13.921903],[123.518359,13.922436],[123.519259,13.92453],[123.520001,13.924596],[123.522126,13.927971],[123.520946,13.929167],[123.518817,13.929819],[123.517793,13.928879],[123.516787,13.93026],[123.515396,13.929896],[123.514782,13.928717],[123.513059,13.928909],[123.513378,13.927334],[123.512427,13.926534],[123.510774,13.926658],[123.510666,13.928038],[123.507777,13.928025],[123.508666,13.927107],[123.507554,13.926189],[123.505949,13.925647],[123.505055,13.924059],[123.505375,13.923041],[123.504858,13.920314],[123.504361,13.919335],[123.50264,13.919571],[123.503214,13.921771],[123.503349,13.924383],[123.502298,13.925365],[123.499781,13.92208],[123.500154,13.920291],[123.498923,13.919922],[123.496969,13.917762],[123.496716,13.916737],[123.494296,13.913385],[123.491889,13.91425],[123.49075,13.914067],[123.491431,13.917254],[123.49329,13.918257],[123.493793,13.920938],[123.490723,13.922726],[123.48914,13.921777],[123.487586,13.925238],[123.488813,13.927275],[123.490361,13.928073],[123.490863,13.930822],[123.491993,13.931685],[123.493203,13.931373],[123.494643,13.931784],[123.49504,13.933159],[123.496664,13.93396],[123.49683,13.936211],[123.497678,13.936517],[123.498502,13.938322],[123.499835,13.939899],[123.501558,13.94005],[123.500457,13.942225],[123.498346,13.941764],[123.497737,13.942103],[123.49538,13.941576],[123.494803,13.939981],[123.492458,13.93867],[123.489058,13.939299],[123.486123,13.941314],[123.484165,13.943193],[123.483553,13.944426],[123.484955,13.945299],[123.480992,13.949087],[123.480921,13.950903],[123.479222,13.952505],[123.476581,13.952851],[123.476336,13.951538],[123.474457,13.952832],[123.473216,13.952626],[123.47241,13.954704],[123.471696,13.955127],[123.471201,13.95778],[123.471739,13.958959],[123.4705,13.960643],[123.469287,13.960788],[123.467649,13.959519],[123.466793,13.959643],[123.464624,13.958769],[123.463338,13.959002],[123.462833,13.959896],[123.461607,13.959414],[123.460527,13.960021],[123.459251,13.961681],[123.455539,13.962252],[123.454146,13.963969],[123.451454,13.962527],[123.451131,13.961517],[123.449828,13.96179],[123.448524,13.963665],[123.448545,13.964895],[123.450326,13.965946],[123.449192,13.967056],[123.447505,13.965309],[123.447625,13.963372],[123.448983,13.959874],[123.449581,13.95699],[123.448182,13.956485],[123.448544,13.953014],[123.448158,13.95095],[123.447157,13.95088],[123.446595,13.952985],[123.445614,13.952909],[123.445149,13.949182],[123.446144,13.948589],[123.446292,13.94736],[123.445517,13.946775],[123.447005,13.943777],[123.44589,13.943044],[123.446035,13.940579],[123.447324,13.939134],[123.446779,13.937073],[123.447578,13.934259],[123.449731,13.934444],[123.45156,13.935746],[123.454645,13.935495],[123.454904,13.936229],[123.456832,13.936431],[123.456221,13.93333],[123.456782,13.932185],[123.455471,13.931461],[123.451923,13.930641],[123.450149,13.927606],[123.450992,13.926014],[123.449463,13.923067],[123.451211,13.920138],[123.44853,13.920205],[123.445231,13.918435],[123.44258,13.918273],[123.440576,13.918965],[123.440899,13.920151],[123.440583,13.921861],[123.440815,13.923299],[123.440433,13.924555],[123.437055,13.924669],[123.432981,13.925592],[123.431507,13.925719],[123.430663,13.924675],[123.431537,13.921054],[123.428796,13.920624],[123.42777,13.924001],[123.426375,13.923006],[123.426476,13.920776],[123.424765,13.922687],[123.423717,13.922618],[123.423855,13.928833],[123.424877,13.930045],[123.427124,13.930091],[123.424607,13.93208],[123.423932,13.932961],[123.422045,13.933027],[123.417789,13.935025],[123.417751,13.933926],[123.414916,13.93232],[123.414434,13.935308],[123.414854,13.936487],[123.41386,13.938502],[123.415435,13.939831],[123.414529,13.94149],[123.41429,13.942845],[123.410687,13.943912],[123.407809,13.943528],[123.408212,13.945979],[123.408783,13.946976],[123.410209,13.947333],[123.412035,13.949624],[123.4151,13.950544],[123.416568,13.950708],[123.416223,13.953219],[123.415447,13.953952],[123.415404,13.95566],[123.41307,13.954019],[123.411919,13.955256],[123.41261,13.95592],[123.413036,13.957609],[123.41375,13.957979],[123.412263,13.960553],[123.41278,13.962109],[123.414881,13.962425],[123.415772,13.963337],[123.416222,13.966511],[123.415652,13.968755],[123.414119,13.969553],[123.41415,13.971027],[123.415134,13.972851],[123.416624,13.97352],[123.416448,13.974535],[123.415119,13.975435],[123.41465,13.977803],[123.413712,13.980051],[123.413148,13.982436],[123.41364,13.983613],[123.415078,13.983417],[123.415899,13.984455],[123.412651,13.985484],[123.408302,13.985512],[123.406684,13.986304],[123.404726,13.987809],[123.404641,13.989368],[123.403036,13.989403],[123.403716,13.987955],[123.401566,13.985743],[123.402152,13.984239],[123.402811,13.980784],[123.403789,13.980459],[123.40216,13.978882],[123.402085,13.978493],[123.400759,13.978596],[123.399909,13.978323],[123.399676,13.980135],[123.398206,13.981721],[123.397859,13.983486],[123.396203,13.984886],[123.394872,13.985195],[123.393984,13.989706],[123.394852,13.991784],[123.396452,13.99119],[123.398498,13.99378],[123.399749,13.99418],[123.40265,13.994008],[123.404012,13.998747],[123.401395,14.001905],[123.402118,14.002677],[123.400966,14.006271],[123.401521,14.008311],[123.399871,14.009909],[123.39797,14.010932],[123.396879,14.010009],[123.396407,14.00791],[123.394472,14.007949],[123.394278,14.008747],[123.392822,14.009614],[123.389386,14.008101],[123.387354,14.008518],[123.385876,14.008381],[123.385035,14.008943],[123.383733,14.008666],[123.383468,14.010021],[123.384079,14.011401],[123.385294,14.01096],[123.388105,14.011479],[123.389031,14.01238],[123.391237,14.013003],[123.391487,14.014976],[123.392687,14.01572],[123.392786,14.018132],[123.393454,14.021169],[123.393244,14.024034],[123.392024,14.025462],[123.392695,14.027581],[123.390865,14.029029],[123.389151,14.029014],[123.387751,14.030947],[123.389422,14.031693],[123.389165,14.033183],[123.387864,14.034825],[123.386786,14.034024],[123.38473,14.033279],[123.38304,14.03057],[123.381771,14.029799],[123.380217,14.028023],[123.382136,14.025001],[123.381142,14.024185],[123.379305,14.023975],[123.377964,14.025459],[123.375409,14.025259],[123.375889,14.023024],[123.377008,14.022523],[123.377657,14.020862],[123.376018,14.021277],[123.373669,14.020959],[123.37284,14.02255],[123.371986,14.022118],[123.369684,14.022528],[123.367187,14.02017],[123.366481,14.018842],[123.363525,14.017799],[123.363263,14.017149],[123.364576,14.01541],[123.363354,14.013227],[123.364188,14.012],[123.364028,14.010034],[123.362695,14.008678],[123.362069,14.009661],[123.360801,14.008395],[123.358343,14.006996],[123.357221,14.007905],[123.355642,14.008388],[123.354049,14.006348],[123.352255,14.00594],[123.350991,14.008222],[123.348828,14.010682],[123.349366,14.013261],[123.350489,14.014232],[123.352677,14.014584],[123.352676,14.016071],[123.35323,14.01932],[123.352208,14.019497],[123.351341,14.017997],[123.349309,14.017253],[123.34823,14.018055],[123.345832,14.018941],[123.346159,14.017141],[123.344318,14.014612],[123.344407,14.017823],[123.342703,14.019203],[123.342791,14.020153],[123.34452,14.02214],[123.344547,14.023194],[123.347096,14.024347],[123.346578,14.025683],[123.34635,14.028384],[123.346699,14.029024],[123.349215,14.029427],[123.351257,14.029297],[123.352699,14.030337],[123.351847,14.032494],[123.35066,14.0331],[123.35371,14.037782],[123.355505,14.037722],[123.356383,14.035634],[123.356012,14.034602],[123.35661,14.03217],[123.358827,14.03285],[123.358729,14.035728],[123.357888,14.03644],[123.358957,14.038074],[123.357667,14.039597],[123.358986,14.040097],[123.360515,14.039312],[123.361313,14.037565],[123.364809,14.038286],[123.366898,14.037534],[123.368617,14.038377],[123.370701,14.037624],[123.371207,14.036152],[123.374069,14.036513],[123.373769,14.037966],[123.373789,14.041182],[123.372222,14.041504],[123.371678,14.042724],[123.367923,14.04132],[123.366249,14.041725],[123.364659,14.043186],[123.361471,14.045056],[123.359809,14.047382],[123.360705,14.048318],[123.360559,14.049559],[123.358418,14.050538],[123.356947,14.052955],[123.355083,14.054463],[123.355441,14.056633],[123.35465,14.057299],[123.35409,14.060084],[123.354454,14.061621],[123.356994,14.06265],[123.359193,14.065101],[123.35926,14.067968],[123.358908,14.07109],[123.359375,14.074123],[123.359227,14.076068],[123.358549,14.076935],[123.356748,14.076317],[123.355441,14.078548],[123.354914,14.081466],[123.355514,14.085638],[123.353859,14.086289],[123.353151,14.085937],[123.351106,14.087299],[123.349265,14.086233],[123.34708,14.086488],[123.346576,14.085427],[123.345549,14.08561],[123.344357,14.087283],[123.34677,14.088937],[123.346436,14.090557],[123.347212,14.092398],[123.346739,14.093313],[123.344564,14.093896],[123.343094,14.095096],[123.343606,14.097073],[123.342349,14.098157],[123.342527,14.099706],[123.340577,14.100631],[123.340765,14.102773],[123.341513,14.103112],[123.341205,14.105002],[123.339837,14.105378],[123.338204,14.104544],[123.337622,14.102814],[123.338301,14.10145],[123.338572,14.097942],[123.336878,14.096448],[123.336381,14.09401],[123.33391,14.093113],[123.332696,14.093662],[123.33171,14.092732],[123.330218,14.092975],[123.32947,14.092109],[123.329243,14.090232],[123.330372,14.088697],[123.329864,14.087066],[123.332301,14.086694],[123.333801,14.087233],[123.334721,14.086361],[123.339808,14.085281],[123.341536,14.084185],[123.343108,14.08409],[123.343978,14.083162],[123.344375,14.080018],[123.345431,14.07894],[123.341354,14.077757],[123.341145,14.074763],[123.343396,14.071013],[123.345555,14.069481],[123.343498,14.067791],[123.337988,14.067703],[123.336556,14.068705],[123.334984,14.067783],[123.332777,14.067832],[123.331763,14.069316],[123.330426,14.067142],[123.328482,14.06644],[123.326616,14.066729],[123.325085,14.066081],[123.322061,14.066572],[123.317931,14.068209],[123.316819,14.070596],[123.315483,14.071937],[123.313008,14.070407],[123.311551,14.070762],[123.311094,14.069782],[123.309223,14.067815],[123.308992,14.066935],[123.310873,14.065562],[123.312501,14.061971],[123.310736,14.058862],[123.312225,14.056577],[123.312177,14.054682],[123.313463,14.053263],[123.315023,14.053045],[123.315341,14.051087],[123.316868,14.050425],[123.317105,14.049522],[123.31621,14.047017],[123.318474,14.044574],[123.320564,14.043789],[123.322216,14.042379],[123.321238,14.041286],[123.3212,14.039475],[123.318883,14.039773],[123.316613,14.038534],[123.310408,14.039518],[123.308982,14.042808],[123.308659,14.045318],[123.306779,14.045639],[123.303239,14.048033],[123.300195,14.049369],[123.297996,14.052308],[123.297909,14.052993],[123.299308,14.055001],[123.298451,14.056926],[123.29467,14.059883],[123.293598,14.060393],[123.292613,14.062073],[123.286319,14.064071],[123.285238,14.065369],[123.28257,14.067694],[123.281758,14.067962],[123.278487,14.071122],[123.273502,14.073537],[123.271729,14.073046],[123.268884,14.072911],[123.266231,14.073638],[123.262568,14.073823],[123.261017,14.073401],[123.257024,14.073296],[123.255417,14.072882],[123.25484,14.072065],[123.256766,14.069467],[123.258667,14.069149],[123.260906,14.067363],[123.263638,14.064593],[123.264435,14.062831],[123.266253,14.060486],[123.267544,14.059292],[123.268415,14.05944],[123.271378,14.056798],[123.273403,14.056168],[123.275339,14.053342],[123.275812,14.051171],[123.277502,14.047183],[123.277659,14.045854],[123.278965,14.045051],[123.27812,14.043731],[123.27914,14.039693],[123.278558,14.036827],[123.278604,14.035589],[123.280494,14.0358],[123.282933,14.035569],[123.283321,14.033235],[123.281189,14.032995],[123.279668,14.032324],[123.278177,14.032392],[123.276815,14.03148],[123.274547,14.031825],[123.272789,14.033762],[123.271363,14.032015],[123.270114,14.031252],[123.267763,14.030658],[123.263758,14.02809],[123.260335,14.027082],[123.257657,14.025783],[123.256274,14.02563],[123.252825,14.027678],[123.248556,14.02924],[123.245453,14.029683],[123.244668,14.031277],[123.242622,14.031644],[123.240867,14.030798],[123.24056,14.029744],[123.239058,14.029318],[123.237906,14.028353],[123.233085,14.026464],[123.23084,14.025807],[123.231657,14.024477],[123.233451,14.024784],[123.234851,14.024022],[123.236918,14.0243],[123.238098,14.025128],[123.240092,14.025443],[123.241268,14.024691],[123.242298,14.025076],[123.243757,14.024561],[123.244867,14.025214],[123.246916,14.024015],[123.249822,14.023265],[123.251578,14.020753],[123.255177,14.020611],[123.25643,14.019697],[123.258621,14.019383],[123.263906,14.014658],[123.264378,14.012986],[123.264221,14.01048],[123.26453,14.009234],[123.262732,14.009248],[123.258024,14.007827],[123.259386,14.005751],[123.260851,14.005171],[123.260402,14.003512],[123.259045,14.002586],[123.260008,14.000286],[123.257568,14.001849],[123.254847,14.001739],[123.253214,14.0021],[123.251301,14.001812],[123.246327,13.999786],[123.245033,14.000553],[123.244136,14.001813],[123.241721,14.003057],[123.23887,14.002272],[123.234949,14.00269],[123.233476,14.004852],[123.232494,14.004319],[123.231452,14.002675],[123.230336,14.002045],[123.228492,14.002152],[123.228276,13.999634],[123.228582,13.997289],[123.231281,13.995236],[123.232085,13.995774],[123.234348,13.994906],[123.234802,13.993381],[123.235969,13.992783],[123.237515,13.991219],[123.237451,13.989456],[123.236697,13.988393],[123.234259,13.98969],[123.232449,13.988591],[123.229735,13.990891],[123.228447,13.989255],[123.228063,13.98798],[123.229015,13.987022],[123.229978,13.983266],[123.229673,13.98198],[123.231564,13.980461],[123.232936,13.977671],[123.233942,13.97685],[123.234255,13.97518],[123.232565,13.971671],[123.233204,13.971013],[123.231996,13.968191],[123.233829,13.966906],[123.235367,13.967403],[123.237972,13.967149],[123.241082,13.966245],[123.241555,13.967826],[123.242386,13.968499],[123.243307,13.967313],[123.245802,13.966461],[123.248347,13.965047],[123.250001,13.963764],[123.251217,13.963606],[123.2521,13.964624],[123.253928,13.962739],[123.255864,13.962176],[123.256528,13.961243],[123.258774,13.959891],[123.260151,13.958511],[123.261986,13.958808],[123.262375,13.961147],[123.265336,13.962437],[123.267441,13.960307],[123.267638,13.958849],[123.266352,13.957782],[123.26367,13.957239],[123.263966,13.95481],[123.262183,13.954043],[123.261792,13.953231],[123.263196,13.95159],[123.262713,13.950063],[123.263344,13.948912],[123.265721,13.948118],[123.268035,13.946243],[123.268723,13.943825],[123.270533,13.943982],[123.269491,13.945967],[123.270702,13.947512],[123.272623,13.947663],[123.272603,13.946678],[123.273994,13.945347],[123.275078,13.946765],[123.277569,13.946195],[123.278496,13.942274],[123.279642,13.940663],[123.27984,13.93934],[123.280643,13.93887],[123.283002,13.936149],[123.28283,13.934674],[123.284631,13.932864],[123.286167,13.933359],[123.287267,13.932916],[123.288801,13.930596],[123.289991,13.930878],[123.291073,13.930069],[123.292082,13.928465],[123.293008,13.928251],[123.293919,13.926981],[123.295436,13.928071],[123.296283,13.929553],[123.299385,13.929197],[123.301478,13.930431],[123.301852,13.931536],[123.303575,13.930902],[123.306815,13.928524],[123.307925,13.928399],[123.309277,13.93077],[123.311908,13.930519],[123.31107,13.932491],[123.310945,13.934896],[123.311652,13.936788],[123.312931,13.938182],[123.314326,13.938514],[123.314483,13.93699],[123.315997,13.936511],[123.315395,13.938841],[123.31566,13.940509],[123.314517,13.940873],[123.314296,13.941866],[123.315608,13.943053],[123.315962,13.94493],[123.315069,13.946423],[123.316388,13.946558],[123.317897,13.947918],[123.318606,13.950937],[123.321331,13.950367],[123.321062,13.952988],[123.32161,13.953993],[123.321978,13.957397],[123.323194,13.959591],[123.323749,13.961518],[123.32459,13.962962],[123.325816,13.963833],[123.326544,13.958885],[123.327545,13.957882],[123.32891,13.960428],[123.329039,13.962505],[123.330152,13.965063],[123.330026,13.967557],[123.332472,13.971302],[123.333426,13.975673],[123.334668,13.973355],[123.335892,13.973572],[123.336911,13.974679],[123.338767,13.973391],[123.338495,13.971558],[123.339183,13.971167],[123.340855,13.971744],[123.341147,13.969816],[123.339316,13.966195],[123.33958,13.964577],[123.341234,13.961533],[123.339139,13.961573],[123.339727,13.958662],[123.339357,13.956532],[123.339598,13.955565],[123.337993,13.953975],[123.336523,13.951251],[123.335158,13.950323],[123.333903,13.948661],[123.334694,13.946859],[123.335512,13.94641],[123.333902,13.944532],[123.33325,13.942832],[123.332158,13.941427],[123.331612,13.939029],[123.32977,13.939163],[123.328779,13.9383],[123.328492,13.936802],[123.325685,13.934665],[123.324437,13.934811],[123.324149,13.938045],[123.323095,13.939301],[123.322153,13.938749],[123.322282,13.935812],[123.32088,13.933905],[123.320913,13.93268],[123.319867,13.93177],[123.318892,13.928393],[123.317011,13.927411],[123.316202,13.925806],[123.317274,13.922435],[123.31435,13.922464],[123.311319,13.921802],[123.310465,13.919416],[123.309305,13.917589],[123.306481,13.916556],[123.305596,13.915881],[123.303771,13.913074],[123.301686,13.91071],[123.298757,13.90859],[123.298425,13.907637],[123.295444,13.904648],[123.295266,13.903841],[123.287177,13.906499],[123.288933,13.902044],[123.289061,13.899251],[123.288052,13.896616],[123.287326,13.895695],[123.28729,13.89361],[123.286053,13.891644],[123.287115,13.890756],[123.287456,13.889094],[123.289037,13.887713],[123.290449,13.885573],[123.292153,13.883592],[123.292263,13.882609],[123.291492,13.880349],[123.293813,13.877949],[123.29406,13.876385],[123.294985,13.874873],[123.295576,13.872305],[123.295501,13.871202],[123.296821,13.869063],[123.296932,13.868019],[123.298528,13.86556],[123.301096,13.865234],[123.304688,13.86246],[123.307763,13.859262],[123.308513,13.855818],[123.309132,13.854933],[123.310154,13.85119],[123.31087,13.850697],[123.311719,13.84881],[123.314243,13.844718],[123.314567,13.84316],[123.314438,13.841144],[123.314822,13.839472],[123.315766,13.837769],[123.317561,13.836064],[123.317901,13.834625],[123.317685,13.832819],[123.31812,13.831199],[123.319371,13.829564],[123.321109,13.830037],[123.321985,13.829298],[123.322408,13.827582],[123.321689,13.826115],[123.322119,13.825193],[123.322233,13.821587],[123.323293,13.819436],[123.322613,13.81681],[123.323459,13.814876],[123.324453,13.813628],[123.322632,13.813415],[123.321939,13.81118],[123.323027,13.810388],[123.323209,13.80762],[123.322864,13.80575],[123.323228,13.804023],[123.323961,13.803224],[123.324653,13.800689],[123.322944,13.800391],[123.322643,13.8019],[123.321294,13.801757],[123.319592,13.79781],[123.318848,13.794949],[123.317671,13.792166],[123.314903,13.788076],[123.31254,13.785548],[123.310498,13.783708],[123.305329,13.779722],[123.299875,13.776663],[123.298594,13.775092],[123.297352,13.775307],[123.296744,13.774521],[123.294641,13.774531],[123.294085,13.774962],[123.293947,13.777018],[123.2914,13.776426],[123.291354,13.775097],[123.292082,13.772871],[123.290386,13.771568],[123.289299,13.772028],[123.288058,13.770867],[123.286383,13.771549],[123.286024,13.770418],[123.288586,13.770365],[123.289204,13.769161],[123.289136,13.766722],[123.287554,13.765036],[123.28518,13.765165],[123.283548,13.762724],[123.283401,13.761341],[123.281616,13.760281],[123.281542,13.759082],[123.280708,13.757599],[123.278642,13.757261],[123.278705,13.753835],[123.276341,13.750642],[123.273119,13.747926],[123.268798,13.745348],[123.260562,13.742552],[123.256961,13.742125],[123.256007,13.741487],[123.251968,13.740079],[123.250999,13.739003],[123.249004,13.738954],[123.242637,13.740386],[123.24231,13.74207],[123.241316,13.742509],[123.240617,13.740976],[123.240796,13.739298],[123.24257,13.738678],[123.244291,13.736798],[123.24378,13.734377],[123.242175,13.733928],[123.239367,13.731963],[123.234909,13.730437],[123.229322,13.729124],[123.224742,13.728537],[123.223995,13.728823],[123.216029,13.72791],[123.214276,13.729158],[123.212218,13.727995],[123.209063,13.727496],[123.20534,13.727353],[123.197889,13.727512],[123.197141,13.727889],[123.192942,13.727857],[123.192436,13.728465],[123.190989,13.727905],[123.187223,13.728161],[123.178806,13.729031],[123.167528,13.730047],[123.162335,13.730609],[123.155506,13.730907],[123.148233,13.730585],[123.142302,13.729687],[123.136939,13.729814],[123.133962,13.729541],[123.127397,13.728109],[123.124475,13.727891],[123.122893,13.727434],[123.12315,13.725987],[123.125141,13.724044],[123.126054,13.722139],[123.120038,13.721126],[123.116097,13.72468],[123.115836,13.727073],[123.115086,13.728059],[123.115924,13.73007],[123.117802,13.733022],[123.118092,13.735325],[123.116434,13.737608],[123.111553,13.739592],[123.108366,13.740496],[123.107904,13.740912],[123.102441,13.742542],[123.097542,13.744226],[123.093875,13.745668],[123.090491,13.747976],[123.082976,13.751943],[123.073802,13.757598],[123.068116,13.760732],[123.064375,13.763847],[123.057809,13.768144],[123.053727,13.770638],[123.052481,13.770906],[123.047567,13.773978],[123.04548,13.77704],[123.047411,13.779257],[123.04738,13.780381],[123.048303,13.782139],[123.046956,13.784955],[123.04769,13.785869],[123.048445,13.789296],[123.048156,13.790591],[123.046316,13.792328],[123.044885,13.794908],[123.045113,13.796354],[123.046219,13.797292],[123.046622,13.798898],[123.048415,13.799626],[123.04976,13.801467],[123.049831,13.802472],[123.048572,13.805137],[123.048187,13.806735],[123.048553,13.807957],[123.047888,13.808587],[123.048033,13.812381],[123.048863,13.812806],[123.048645,13.815898],[123.047181,13.817415],[123.047753,13.818308],[123.049877,13.818967],[123.049844,13.821097],[123.052562,13.822873],[123.052908,13.82574],[123.054416,13.826806],[123.054934,13.829312],[123.055362,13.8336],[123.05713,13.833479],[123.057727,13.836611],[123.059414,13.837903],[123.060695,13.837581],[123.0428,13.852346],[123.022234,13.868653],[123.008221,13.879259],[122.998328,13.887083],[122.993515,13.89134],[122.986702,13.896254],[122.98449,13.89798],[122.956987,13.918252],[122.954332,13.917822],[122.95086,13.919741],[122.948912,13.919315],[122.947696,13.919956],[122.946346,13.919446],[122.946071,13.920881],[122.945259,13.921653],[122.942658,13.921925],[122.941046,13.922882],[122.939016,13.921315],[122.935925,13.92204],[122.935012,13.920559],[122.933854,13.921133],[122.932285,13.920844],[122.93122,13.922216],[122.928588,13.922099],[122.928363,13.920438],[122.926477,13.91892],[122.923965,13.919748],[122.924244,13.920649],[122.923057,13.921879],[122.924909,13.923468],[122.92565,13.926059],[122.924383,13.927019],[122.925069,13.929393],[122.923949,13.931359],[122.925173,13.932491],[122.925492,13.933792],[122.923831,13.934987],[122.924035,13.937919],[122.922845,13.936583],[122.921876,13.936944],[122.921091,13.938515],[122.918745,13.939075],[122.916434,13.938465],[122.915237,13.939071],[122.912051,13.939948],[122.90843,13.93975],[122.90378,13.9398],[122.900827,13.940135],[122.900371,13.940916],[122.901196,13.941985],[122.900186,13.943085],[122.90083,13.944422],[122.902842,13.945813],[122.902196,13.947278],[122.904041,13.948048],[122.90382,13.948699],[122.891865,13.96438],[122.875098,13.970773],[122.858803,13.975632],[122.856762,13.976027],[122.855051,13.977365],[122.852957,13.976679],[122.852001,13.977272],[122.850483,13.979566],[122.849519,13.980353],[122.847329,13.980841],[122.847174,13.982337],[122.846017,13.984732],[122.844654,13.985588],[122.792517,14.013752],[122.675462,13.985672],[122.66522,13.983192],[122.628325,13.972545],[122.62015,13.967995],[122.594927,13.96274],[122.590988,13.96222],[122.583873,13.961811],[122.580524,13.959475],[122.572043,13.955299],[122.562713,13.951813],[122.552414,13.947554],[122.550936,13.945787],[122.553834,13.942982],[122.555088,13.942561],[122.555713,13.943634],[122.562642,13.941748],[122.563653,13.94019],[122.567147,13.937134],[122.565939,13.936697],[122.566772,13.934634],[122.566591,13.932286],[122.564964,13.927988],[122.564837,13.926952],[122.561256,13.925731],[122.557341,13.92519],[122.554038,13.922545],[122.554879,13.921545],[122.556495,13.921125],[122.55712,13.919949],[122.558309,13.920274],[122.561994,13.919121],[122.563403,13.920408],[122.564503,13.919496],[122.561479,13.91759],[122.562367,13.916148],[122.563715,13.915196],[122.564899,13.913701],[122.565392,13.912198],[122.565296,13.909696],[122.565726,13.90655],[122.566364,13.90569],[122.568609,13.904056],[122.571037,13.902811],[122.577078,13.901273],[122.582725,13.899329],[122.585071,13.898818],[122.589525,13.896573],[122.590406,13.896859],[122.590606,13.898122],[122.592987,13.897421],[122.592587,13.893966],[122.594992,13.89561],[122.59703,13.895255],[122.598411,13.896421],[122.599502,13.896247],[122.600111,13.897714],[122.601546,13.898596],[122.602921,13.898022],[122.604702,13.899374],[122.607001,13.897703],[122.608463,13.897256],[122.609357,13.896299],[122.611039,13.896683],[122.612201,13.895966],[122.613885,13.895689],[122.615127,13.893898],[122.617293,13.892237],[122.61811,13.89009],[122.619972,13.889081],[122.620575,13.889366],[122.62581,13.886229],[122.626379,13.884422],[122.629643,13.882551],[122.631105,13.881256],[122.633122,13.882762],[122.634662,13.883146],[122.635864,13.884342],[122.639865,13.884199],[122.641805,13.881877],[122.639623,13.881868],[122.63809,13.880948],[122.637032,13.880919],[122.636468,13.879371],[122.635308,13.878981],[122.635113,13.876732],[122.636671,13.874132],[122.638315,13.872585],[122.638609,13.871128],[122.640074,13.870097],[122.641117,13.86841],[122.642134,13.865572],[122.642144,13.864247],[122.643073,13.863582],[122.64638,13.864708],[122.648055,13.863759],[122.649543,13.861778],[122.650088,13.859574],[122.650205,13.855175],[122.651526,13.853276],[122.651575,13.851153],[122.649254,13.849835],[122.648889,13.848153],[122.647902,13.847307],[122.648613,13.845655],[122.648253,13.84472],[122.646937,13.844323],[122.646117,13.844915],[122.643031,13.843485],[122.64176,13.841882],[122.640312,13.840697],[122.638609,13.841345],[122.636872,13.840256],[122.637624,13.838085],[122.641604,13.83803],[122.641983,13.83933],[122.643554,13.839507],[122.645677,13.838885],[122.645877,13.837828],[122.648728,13.836114],[122.650923,13.83559],[122.651575,13.834612],[122.650338,13.832729],[122.651483,13.830444],[122.650876,13.828848],[122.651978,13.828632],[122.653199,13.826871],[122.652713,13.825263],[122.652979,13.82075],[122.654476,13.820472],[122.656048,13.820755],[122.660444,13.819711],[122.662852,13.817591],[122.664865,13.816281],[122.665922,13.813592],[122.665977,13.812438],[122.667477,13.811733],[122.668853,13.810537],[122.670749,13.81084],[122.672706,13.810266],[122.675734,13.810119],[122.677775,13.809093],[122.678882,13.807771],[122.680314,13.808098],[122.679244,13.812272],[122.677111,13.814533],[122.677019,13.816198],[122.677676,13.817571],[122.677629,13.818986],[122.678652,13.820809],[122.67847,13.822974],[122.679163,13.82375],[122.678942,13.826469],[122.680124,13.828075],[122.681441,13.82817],[122.682084,13.825984],[122.683186,13.825179],[122.684388,13.825886],[122.687304,13.826507],[122.689251,13.82524],[122.690568,13.824885],[122.692348,13.823633],[122.693024,13.822196],[122.694847,13.820858],[122.695124,13.819258],[122.696688,13.817969],[122.697204,13.818779],[122.69947,13.817567],[122.70027,13.814659],[122.702365,13.815792],[122.703987,13.816137],[122.704285,13.817207],[122.705619,13.818211],[122.70612,13.821072],[122.707898,13.820021],[122.708848,13.82065],[122.711589,13.82007],[122.716154,13.817632],[122.717161,13.816413],[122.719415,13.81643],[122.720798,13.816844],[122.722398,13.81597],[122.7239,13.816294],[122.723888,13.815025],[122.727518,13.813936],[122.731629,13.811762],[122.732289,13.812026],[122.733666,13.810877],[122.737511,13.808387],[122.738439,13.808503],[122.739523,13.806971],[122.740926,13.806013],[122.741174,13.80457],[122.743597,13.804881],[122.745338,13.803629],[122.74757,13.802764],[122.74838,13.801402],[122.744874,13.80152],[122.743648,13.800864],[122.744124,13.799273],[122.745934,13.798432],[122.746939,13.798637],[122.74868,13.797043],[122.748864,13.796005],[122.747571,13.792919],[122.749151,13.791123],[122.750414,13.791072],[122.754486,13.792054],[122.755743,13.792092],[122.757913,13.790794],[122.758853,13.791107],[122.761324,13.788421],[122.761864,13.786932],[122.766425,13.786574],[122.767389,13.787501],[122.768604,13.785823],[122.767989,13.784578],[122.766453,13.783042],[122.764208,13.782762],[122.761069,13.783016],[122.757871,13.78279],[122.757082,13.782373],[122.755669,13.783009],[122.753802,13.783092],[122.75271,13.780824],[122.75192,13.781229],[122.747406,13.780236],[122.746244,13.780338],[122.744334,13.782112],[122.743454,13.780158],[122.743711,13.779172],[122.742348,13.777458],[122.747781,13.777428],[122.754425,13.776655],[122.757931,13.777895],[122.763589,13.778696],[122.767431,13.778328],[122.772268,13.776661],[122.772879,13.775782],[122.771937,13.775001],[122.771203,13.772322],[122.773078,13.771629],[122.772934,13.770379],[122.775359,13.768397],[122.778727,13.766168],[122.779541,13.764207],[122.780714,13.764077],[122.782231,13.762611],[122.784619,13.761656],[122.78573,13.760515],[122.786883,13.760506],[122.79175,13.758731],[122.795633,13.757071],[122.800288,13.754213],[122.801642,13.75305],[122.80269,13.751326],[122.804968,13.749849],[122.809164,13.748396],[122.812916,13.748368],[122.8173,13.747012],[122.820577,13.744869],[122.823172,13.741785],[122.826123,13.739373],[122.830895,13.736124],[122.833895,13.736343],[122.835937,13.735167],[122.836895,13.733354],[122.835431,13.73115],[122.835707,13.729019],[122.838051,13.726519],[122.839236,13.726396],[122.839261,13.72504],[122.841263,13.722453],[122.840943,13.719409],[122.842147,13.716659],[122.844297,13.716227],[122.846165,13.714893],[122.847754,13.714471],[122.849699,13.715482],[122.851987,13.715541],[122.852776,13.714532],[122.852277,13.71275],[122.849548,13.710606],[122.851259,13.708558],[122.851273,13.706835],[122.853552,13.70368],[122.854075,13.703911],[122.85584,13.702212],[122.855395,13.7012],[122.856877,13.698575],[122.857375,13.695808],[122.85706,13.694895],[122.861132,13.693559],[122.86202,13.689711],[122.860893,13.689353],[122.859596,13.687122],[122.857721,13.681885],[122.855213,13.680819],[122.852393,13.678763],[122.848534,13.67909],[122.847622,13.680491],[122.846299,13.680295],[122.846259,13.681426],[122.842818,13.682174],[122.84124,13.680567],[122.84116,13.678587],[122.839896,13.677992],[122.839858,13.676556],[122.841002,13.675369],[122.839055,13.674822],[122.837896,13.674981],[122.836007,13.672558],[122.83402,13.670616],[122.833946,13.668453],[122.832603,13.666171],[122.832644,13.663091],[122.832263,13.661852],[122.830853,13.660626],[122.82976,13.656674],[122.828954,13.65451],[122.82598,13.651034],[122.82468,13.65082],[122.823821,13.649248],[122.820097,13.649023],[122.817105,13.649155],[122.814451,13.64882],[122.812627,13.647451],[122.811045,13.647316],[122.810479,13.648396],[122.808616,13.648214],[122.805914,13.648583],[122.803876,13.649437],[122.803632,13.650145],[122.801114,13.652007],[122.799109,13.652065],[122.79865,13.650615],[122.800626,13.648463],[122.80466,13.646823],[122.806596,13.645387],[122.808378,13.644888],[122.811451,13.644547],[122.812184,13.645947],[122.813442,13.646561],[122.816604,13.646481],[122.818855,13.644309],[122.820737,13.644012],[122.821138,13.64325],[122.824407,13.641702],[122.827897,13.641815],[122.83093,13.640874],[122.832514,13.639714],[122.833374,13.6373],[122.834369,13.629796],[122.837151,13.627952],[122.838863,13.626227],[122.841402,13.625037],[122.844138,13.619891],[122.846506,13.617644],[122.852688,13.613218],[122.856674,13.610046],[122.860124,13.606871],[122.864554,13.604732],[122.867277,13.602906],[122.869683,13.601763],[122.871745,13.599929],[122.872584,13.59868],[122.872658,13.596894],[122.871345,13.596466],[122.870738,13.594725],[122.873778,13.594049],[122.876087,13.592638],[122.877087,13.593402],[122.879163,13.590089],[122.884363,13.588142],[122.885165,13.587161],[122.884776,13.581652],[122.885658,13.579736],[122.886771,13.578957],[122.888212,13.576154],[122.889335,13.576116],[122.892562,13.574981],[122.895566,13.57459],[122.898487,13.573897],[122.903213,13.572277],[122.908544,13.570221],[122.910096,13.568707],[122.91117,13.565541],[122.912758,13.564127],[122.913424,13.562884],[122.915537,13.560678],[122.917648,13.559791],[122.920793,13.557371],[122.92124,13.556229],[122.923336,13.556168],[122.92653,13.555448],[122.927551,13.554461],[122.929979,13.554618],[122.932357,13.553848],[122.932971,13.554029],[122.940332,13.552899],[122.949718,13.549194],[122.951102,13.54742],[122.952887,13.546435],[122.956486,13.543671],[122.957268,13.543516],[122.961122,13.541133],[122.96216,13.54001],[122.961716,13.539288],[122.963228,13.53612],[122.964705,13.534228],[122.965231,13.532638],[122.968751,13.530248],[122.970038,13.526483],[122.972566,13.524221],[122.9732,13.523281],[122.97583,13.52154],[122.977147,13.521951],[122.980254,13.521114],[122.982252,13.520845],[122.984431,13.521344],[122.986772,13.520968],[122.987452,13.520384],[122.988799,13.520983],[122.990595,13.520354],[122.993227,13.520894],[122.994458,13.52149],[122.996719,13.521147],[122.998763,13.522276],[123.000965,13.522938],[123.005426,13.520686],[123.011755,13.51769],[123.013068,13.516584],[123.016438,13.515134],[123.024133,13.510805],[123.027913,13.508507],[123.030627,13.506639],[123.032265,13.503575],[123.034202,13.502394],[123.037094,13.501654],[123.038781,13.501556],[123.041767,13.505127],[123.040713,13.506129],[123.041246,13.507405],[123.044383,13.508945],[123.047896,13.508653],[123.048619,13.507967],[123.050817,13.507053],[123.056781,13.503511],[123.058205,13.501598],[123.059282,13.502119],[123.060403,13.501329],[123.060124,13.499685],[123.062331,13.500143],[123.065514,13.499264],[123.067841,13.498199],[123.067819,13.496822],[123.0685,13.495972],[123.069629,13.496],[123.072943,13.493789],[123.073516,13.493752],[123.076266,13.491687],[123.07742,13.489873],[123.077664,13.488645],[123.078779,13.487742],[123.082797,13.486724],[123.085011,13.48554],[123.085695,13.48579],[123.087905,13.485008],[123.088976,13.485206],[123.091314,13.484101],[123.092739,13.483996],[123.098096,13.481996],[123.101499,13.480088],[123.104261,13.47888],[123.106599,13.47726],[123.107204,13.476149],[123.110137,13.475013],[123.111752,13.474826],[123.115825,13.47542],[123.117922,13.474366],[123.119344,13.473015],[123.123331,13.471259],[123.124627,13.469993],[123.127556,13.468299],[123.129729,13.468199],[123.132535,13.466348],[123.135879,13.464503],[123.136628,13.462782],[123.138099,13.462077],[123.138587,13.460285],[123.138392,13.45908],[123.13967,13.457352],[123.143147,13.454232],[123.144537,13.455041],[123.146867,13.455141],[123.147874,13.456765],[123.149842,13.45758],[123.151865,13.457241],[123.156479,13.456053],[123.158572,13.455096],[123.160547,13.452899],[123.162485,13.451719],[123.163257,13.450511],[123.164304,13.450559],[123.167847,13.44898],[123.169467,13.446963],[123.171556,13.445976],[123.173178,13.444364],[123.175156,13.443634],[123.17751,13.441446],[123.179368,13.440809],[123.181817,13.439157],[123.182956,13.437843],[123.188443,13.434588],[123.192329,13.429564],[123.194711,13.427189],[123.195918,13.425357],[123.197929,13.423127],[123.200745,13.418608],[123.201453,13.415218],[123.201237,13.410715],[123.199722,13.410033],[123.199228,13.407779],[123.200031,13.407042],[123.200389,13.405476],[123.201591,13.40522],[123.205194,13.401797],[123.205091,13.400837],[123.203398,13.399554],[123.204366,13.398764],[123.206486,13.398339],[123.207352,13.395747],[123.206661,13.392712],[123.205871,13.391924],[123.204132,13.391678],[123.203283,13.390481],[123.202377,13.390341],[123.200839,13.388385],[123.201248,13.386637],[123.20197,13.386403],[123.20393,13.383647],[123.206681,13.376754],[123.208502,13.370942],[123.207885,13.368739],[123.206014,13.368173],[123.206127,13.365526],[123.205233,13.362091],[123.205194,13.360174],[123.205707,13.357319],[123.207055,13.355974],[123.208127,13.353562],[123.208979,13.353278],[123.20989,13.351101],[123.209713,13.34662],[123.2112,13.345797],[123.212721,13.343703],[123.213596,13.341554],[123.214753,13.339991],[123.215839,13.339795],[123.217164,13.338455],[123.21884,13.335492],[123.21982,13.334292],[123.222026,13.333491],[123.225339,13.331745],[123.230179,13.323074],[123.232365,13.317415],[123.234355,13.313369],[123.235869,13.308508],[123.236273,13.305061],[123.237066,13.303919],[123.237372,13.301618],[123.238157,13.299774],[123.238139,13.298217],[123.238766,13.297209],[123.238503,13.290611],[123.239035,13.28976],[123.240953,13.28939],[123.246323,13.286959],[123.248585,13.284585],[123.251168,13.280474],[123.252123,13.27825],[123.254026,13.276441],[123.256467,13.275815],[123.259737,13.27275],[123.263724,13.26745],[123.264654,13.267031],[123.266743,13.267144],[123.268274,13.26652],[123.269916,13.264955],[123.272326,13.264691],[123.274973,13.263441],[123.277671,13.26095],[123.281273,13.258541],[123.281368,13.2594],[123.282601,13.261138],[123.280987,13.262227],[123.280548,13.263421],[123.282186,13.266937],[123.284724,13.268313],[123.285223,13.269512],[123.298269,13.276377],[123.308497,13.283519],[123.312251,13.287249],[123.3202,13.290313],[123.335551,13.294827],[123.344912,13.301134],[123.352687,13.306672],[123.348406,13.313585],[123.349343,13.314952],[123.348657,13.316114],[123.348823,13.317392],[123.349758,13.31902],[123.349446,13.320135],[123.348424,13.320484],[123.347799,13.319485],[123.346715,13.32025],[123.346254,13.316078],[123.343691,13.315465],[123.342001,13.315934],[123.342036,13.313602],[123.339811,13.311368],[123.33573,13.310957],[123.334741,13.311602],[123.335981,13.313931],[123.335186,13.316487],[123.335715,13.318695],[123.334096,13.320403],[123.334153,13.321107],[123.332023,13.32242],[123.331081,13.324217],[123.329251,13.324934],[123.327183,13.32727],[123.327886,13.330398],[123.330267,13.334653],[123.330361,13.339184],[123.33066,13.341736],[123.33292,13.347676],[123.33656,13.352116],[123.341401,13.35778],[123.347254,13.358678],[123.352308,13.358739],[123.355886,13.35805],[123.359301,13.356454],[123.364193,13.353138],[123.367241,13.351303],[123.368202,13.351226],[123.373471,13.348629],[123.374613,13.347273],[123.378383,13.34482],[123.380497,13.34221],[123.380758,13.340852],[123.379427,13.338624],[123.375339,13.33953],[123.373106,13.338789],[123.37317,13.337518],[123.374781,13.33821],[123.382113,13.336948],[123.382575,13.336163],[123.383933,13.336091],[123.3845,13.337568],[123.385876,13.339652],[123.386932,13.340275],[123.392595,13.341061],[123.396399,13.339194],[123.397269,13.336868],[123.398797,13.334653],[123.402972,13.330494],[123.404115,13.330681],[123.402907,13.334035],[123.401794,13.335534],[123.401034,13.337831],[123.401676,13.340926],[123.403017,13.342433],[123.401777,13.345418],[123.404526,13.345815],[123.405308,13.347092],[123.406455,13.347575],[123.408572,13.346344],[123.408844,13.343789],[123.410309,13.343811],[123.411799,13.34539],[123.412212,13.3471],[123.413874,13.34794],[123.415458,13.350165],[123.417581,13.3523],[123.419894,13.350815],[123.420722,13.351169],[123.421168,13.3542],[123.421976,13.355107],[123.424412,13.354292],[123.4257,13.354261],[123.425637,13.356696],[123.430113,13.361243],[123.431451,13.361063],[123.432464,13.361941],[123.432802,13.363097],[123.434327,13.362217],[123.435793,13.362614],[123.436947,13.362323],[123.437577,13.361297],[123.439298,13.361226],[123.440807,13.363145],[123.442866,13.364514],[123.444418,13.364355],[123.445573,13.364788],[123.446224,13.366211],[123.448905,13.367408],[123.449829,13.366665],[123.449829,13.365043],[123.450611,13.364051],[123.451557,13.364646],[123.451451,13.365758],[123.452903,13.366601],[123.454762,13.365803],[123.456059,13.366099],[123.456471,13.367067],[123.456061,13.368717],[123.458228,13.36987],[123.458546,13.36782],[123.460179,13.366064],[123.462515,13.365904],[123.4637,13.368246],[123.46571,13.368148],[123.46544,13.365279],[123.464609,13.362986],[123.466196,13.362437],[123.467078,13.363748],[123.468027,13.363971],[123.469404,13.361998],[123.471254,13.361198],[123.472788,13.361753],[123.473357,13.363265],[123.472235,13.365029],[123.473554,13.365802],[123.476248,13.363244],[123.478064,13.362684],[123.478994,13.360683],[123.480004,13.360419],[123.481205,13.361211],[123.481716,13.362417],[123.481511,13.365659],[123.480978,13.367458],[123.482457,13.368078],[123.484245,13.365932],[123.483899,13.364513],[123.484047,13.361406],[123.485714,13.358791],[123.486586,13.358845],[123.487081,13.361111],[123.488914,13.362718],[123.489684,13.364583],[123.490799,13.364325],[123.49099,13.363262],[123.492479,13.362955],[123.493835,13.361898],[123.493915,13.360365],[123.492456,13.35922],[123.491071,13.354809],[123.492757,13.352684],[123.49239,13.351556],[123.490325,13.350888],[123.492616,13.349333],[123.493796,13.344597],[123.496403,13.344123],[123.498862,13.344627],[123.500957,13.342454],[123.50109,13.341147],[123.503986,13.340382],[123.505217,13.340583],[123.504407,13.342469],[123.504757,13.345094],[123.50639,13.344835],[123.509022,13.347465],[123.512392,13.346792],[123.51341,13.347641],[123.516015,13.347955],[123.517796,13.350136],[123.518933,13.349836],[123.519831,13.348625],[123.520792,13.350672],[123.522448,13.352235],[123.523703,13.352766],[123.525379,13.352601],[123.526368,13.353549],[123.527211,13.35276],[123.530991,13.352216],[123.531516,13.350916],[123.532806,13.350922],[123.534379,13.349674],[123.536888,13.350198],[123.53636,13.351258],[123.537094,13.352937],[123.539361,13.353125],[123.541785,13.352331],[123.544686,13.353626],[123.545693,13.353243],[123.5481,13.353349],[123.551554,13.352796],[123.552396,13.353561],[123.555611,13.354617],[123.557165,13.356226],[123.557636,13.357884],[123.558326,13.358137],[123.559349,13.360391],[123.566083,13.363909],[123.566862,13.36492],[123.569302,13.365362],[123.571505,13.365336],[123.567988,13.371857],[123.568659,13.372933],[123.570306,13.374263],[123.570576,13.375081],[123.572591,13.375118],[123.573695,13.377561],[123.576213,13.378277],[123.57782,13.380938],[123.582431,13.395386],[123.583731,13.404182],[123.584698,13.408644],[123.588063,13.422057],[123.587835,13.426994],[123.584988,13.438728],[123.581292,13.448367],[123.575451,13.455228],[123.572689,13.458021],[123.567425,13.460824],[123.556642,13.469524],[123.555316,13.471729],[123.547138,13.483682],[123.545447,13.485836],[123.5447,13.491795],[123.543284,13.501666],[123.545467,13.510037],[123.545128,13.515268],[123.545608,13.516697],[123.553251,13.5175],[123.55754,13.517794],[123.566777,13.519075],[123.572525,13.519672],[123.58114,13.520969],[123.582803,13.522253],[123.587153,13.522272],[123.590021,13.521422],[123.591542,13.522358],[123.595032,13.522818],[123.595918,13.523255],[123.599484,13.522578],[123.60125,13.522687]]],"type":"Polygon"},"id":"f455209742545c374b1ae654f4129f30"},{"type":"Feature","properties":{"Shape_Leng":6.46106998989,"Shape_Area":0.16541690876,"ADM2_EN":"Sorsogon","ADM1_EN":"Region V","ADM0_EN":"Philippines (the)"},"geometry":{"coordinates":[[[124.124241,12.585133],[124.124235,12.583243],[124.12228,12.581218],[124.12279,12.577568],[124.126199,12.577545],[124.128157,12.578487],[124.12936,12.579772],[124.130034,12.581464],[124.129459,12.582406],[124.127212,12.583336],[124.12482,12.583901],[124.124241,12.585133]]],"type":"Polygon"},"id":"f5018aa5d43721ce2c037f6635d24649"},{"type":"Feature","properties":{"Shape_Leng":12.538796574,"Shape_Area":0.4415854832,"ADM2_EN":"Camarines Sur","ADM1_EN":"Region V","ADM0_EN":"Philippines (the)"},"geometry":{"coordinates":[[[123.869157,13.864875],[123.868037,13.864671],[123.867566,13.863713],[123.868829,13.862757],[123.871056,13.86348],[123.870758,13.864764],[123.869157,13.864875]]],"type":"Polygon"},"id":"f7a845a1612c3dcf050d77f1cfccb3da"},{"type":"Feature","properties":{"Shape_Leng":12.538796574,"Shape_Area":0.4415854832,"ADM2_EN":"Camarines Sur","ADM1_EN":"Region V","ADM0_EN":"Philippines (the)"},"geometry":{"coordinates":[[[123.644272,13.978375],[123.643036,13.979963],[123.642423,13.981685],[123.641173,13.981012],[123.639871,13.978587],[123.638183,13.978026],[123.639305,13.976219],[123.639562,13.974892],[123.64122,13.973811],[123.641502,13.972658],[123.641015,13.970158],[123.640345,13.969132],[123.643887,13.969009],[123.645277,13.967592],[123.646064,13.968279],[123.643635,13.974048],[123.644159,13.975612],[123.645896,13.976565],[123.646439,13.97505],[123.647981,13.973562],[123.650283,13.974104],[123.651407,13.972955],[123.650419,13.972002],[123.649744,13.97013],[123.649894,13.969075],[123.652768,13.965273],[123.652427,13.961526],[123.654069,13.961183],[123.65423,13.959586],[123.652916,13.958782],[123.656103,13.954277],[123.655403,13.953024],[123.65706,13.951155],[123.657849,13.94857],[123.659567,13.946353],[123.658367,13.945936],[123.658273,13.944813],[123.656341,13.944422],[123.653286,13.947147],[123.651167,13.950033],[123.650822,13.952552],[123.649282,13.954491],[123.648753,13.957628],[123.645896,13.957679],[123.644665,13.958435],[123.644524,13.959959],[123.643618,13.961924],[123.641571,13.963763],[123.638903,13.963101],[123.636737,13.964254],[123.634659,13.964735],[123.633848,13.960877],[123.636158,13.960301],[123.636081,13.957952],[123.637465,13.956086],[123.637147,13.954908],[123.638295,13.953717],[123.637909,13.952379],[123.636679,13.95164],[123.635217,13.95153],[123.633728,13.953226],[123.631372,13.953767],[123.630298,13.954672],[123.630968,13.955576],[123.629196,13.959808],[123.627132,13.958281],[123.624317,13.95854],[123.623169,13.956344],[123.623208,13.954901],[123.622102,13.954558],[123.621083,13.952673],[123.622507,13.951587],[123.622682,13.950539],[123.624279,13.94984],[123.623762,13.947754],[123.625135,13.945541],[123.629485,13.943023],[123.627867,13.942119],[123.625733,13.941957],[123.624365,13.943141],[123.622524,13.942557],[123.621061,13.940182],[123.619314,13.940299],[123.618194,13.941401],[123.61904,13.942391],[123.618412,13.944402],[123.619829,13.945736],[123.618828,13.94691],[123.618268,13.949765],[123.616534,13.950294],[123.6156,13.950036],[123.613995,13.951358],[123.612812,13.951737],[123.611974,13.950473],[123.612161,13.949111],[123.611043,13.948266],[123.60987,13.946484],[123.608024,13.946076],[123.607646,13.945382],[123.604697,13.94519],[123.604487,13.946759],[123.603164,13.946987],[123.603762,13.949445],[123.604905,13.947681],[123.606329,13.948201],[123.605621,13.950825],[123.6059,13.954278],[123.606379,13.956213],[123.607865,13.956845],[123.607388,13.958486],[123.608307,13.95904],[123.608938,13.961086],[123.60703,13.961784],[123.603954,13.959662],[123.604129,13.957832],[123.604943,13.954775],[123.60281,13.951786],[123.600366,13.947823],[123.60108,13.946771],[123.600168,13.945297],[123.598046,13.944074],[123.59656,13.945162],[123.596751,13.94327],[123.599581,13.944435],[123.601307,13.945655],[123.60127,13.943527],[123.600392,13.94289],[123.603106,13.939387],[123.606362,13.939047],[123.606775,13.93693],[123.60437,13.937629],[123.603522,13.937134],[123.603045,13.93577],[123.601454,13.934861],[123.598889,13.935088],[123.596372,13.933791],[123.597937,13.931996],[123.599549,13.931209],[123.600401,13.92927],[123.603231,13.927592],[123.604676,13.927708],[123.605708,13.92604],[123.607773,13.92498],[123.606862,13.923545],[123.60467,13.924424],[123.603073,13.924127],[123.6037,13.922097],[123.603138,13.920558],[123.603807,13.919705],[123.60371,13.918186],[123.605962,13.916206],[123.605281,13.91501],[123.604148,13.915383],[123.601371,13.914215],[123.605206,13.913878],[123.608075,13.913846],[123.608538,13.915068],[123.610476,13.91733],[123.612468,13.917319],[123.614058,13.916298],[123.614442,13.91484],[123.616103,13.915205],[123.61851,13.913836],[123.620027,13.91405],[123.620888,13.91327],[123.620331,13.911582],[123.621032,13.910025],[123.619696,13.910034],[123.617001,13.909148],[123.61635,13.907602],[123.617953,13.907829],[123.619505,13.907519],[123.62248,13.907759],[123.625119,13.906999],[123.626607,13.908392],[123.626747,13.910821],[123.627903,13.91271],[123.629931,13.914135],[123.631406,13.914155],[123.632606,13.913587],[123.636522,13.914718],[123.638735,13.913712],[123.639686,13.915622],[123.642075,13.917765],[123.64279,13.917324],[123.644346,13.918002],[123.64598,13.917768],[123.6471,13.919262],[123.648219,13.919825],[123.648182,13.921389],[123.649557,13.922912],[123.650497,13.924798],[123.650877,13.926901],[123.652421,13.929876],[123.654368,13.93093],[123.65609,13.933709],[123.65751,13.934591],[123.659596,13.934353],[123.66041,13.93474],[123.663027,13.934558],[123.665989,13.934805],[123.667998,13.935316],[123.669111,13.936058],[123.670253,13.936025],[123.672255,13.937055],[123.675054,13.939734],[123.677647,13.942564],[123.678566,13.945676],[123.677996,13.947385],[123.677889,13.950839],[123.677525,13.951817],[123.676,13.952288],[123.675415,13.953345],[123.675295,13.955168],[123.677049,13.955636],[123.676514,13.956579],[123.67516,13.956687],[123.673628,13.960365],[123.670577,13.96531],[123.668721,13.965186],[123.667541,13.963966],[123.668983,13.963368],[123.66843,13.961927],[123.666353,13.959997],[123.663011,13.959783],[123.66067,13.960904],[123.659323,13.963528],[123.658694,13.964043],[123.657399,13.968124],[123.658338,13.968862],[123.658731,13.970129],[123.657535,13.97068],[123.655776,13.972806],[123.654294,13.972815],[123.651627,13.975216],[123.651604,13.975805],[123.64902,13.97756],[123.647597,13.97911],[123.645709,13.977689],[123.644272,13.978375]]],"type":"Polygon"},"id":"f82287b6df4a2a9293510d24f9357872"},{"type":"Feature","properties":{"Shape_Leng":4.38779781402,"Shape_Area":0.12208236107,"ADM2_EN":"Catanduanes","ADM1_EN":"Region V","ADM0_EN":"Philippines (the)"},"geometry":{"coordinates":[[[124.422278,13.778775],[124.422013,13.776373],[124.42348,13.777716],[124.422278,13.778775]]],"type":"Polygon"},"id":"fb91428a53b4ca9dc74011a5a0aa0de9"},{"type":"Feature","properties":{"Shape_Leng":12.538796574,"Shape_Area":0.4415854832,"ADM2_EN":"Camarines Sur","ADM1_EN":"Region V","ADM0_EN":"Philippines (the)"},"geometry":{"coordinates":[[[123.856609,13.886914],[123.853991,13.886619],[123.852194,13.885025],[123.851105,13.885139],[123.850569,13.883446],[123.852432,13.883791],[123.855121,13.885885],[123.856253,13.885799],[123.856609,13.886914]]],"type":"Polygon"},"id":"fc03fc83757f20597c6a11975be490dd"},{"type":"Feature","properties":{"Shape_Leng":6.50784082915,"Shape_Area":0.20593851959,"ADM2_EN":"Albay","ADM1_EN":"Region V","ADM0_EN":"Philippines (the)"},"geometry":{"coordinates":[[[123.977147,13.291574],[123.977413,13.289676],[123.976564,13.289242],[123.974712,13.28517],[123.974634,13.283317],[123.972486,13.283169],[123.972784,13.281335],[123.971263,13.280138],[123.967911,13.280561],[123.965986,13.280285],[123.96493,13.281844],[123.961031,13.282291],[123.958759,13.283825],[123.957387,13.285139],[123.955764,13.288344],[123.95329,13.288295],[123.951709,13.289112],[123.950985,13.290615],[123.949109,13.290613],[123.945819,13.289617],[123.943644,13.28991],[123.94107,13.289022],[123.938193,13.289044],[123.936772,13.288062],[123.929821,13.286057],[123.928036,13.286458],[123.927096,13.287712],[123.927307,13.288927],[123.925639,13.288733],[123.924387,13.287921],[123.921482,13.287455],[123.918419,13.287253],[123.917015,13.286489],[123.915166,13.286194],[123.91317,13.287455],[123.911018,13.290323],[123.910334,13.288447],[123.908369,13.286455],[123.911534,13.284141],[123.914108,13.283811],[123.914067,13.282236],[123.914719,13.280996],[123.917182,13.281964],[123.920558,13.280708],[123.920132,13.279745],[123.921635,13.27849],[123.920831,13.276189],[123.919419,13.27615],[123.915865,13.274523],[123.914643,13.274844],[123.913133,13.274335],[123.913808,13.273193],[123.912946,13.272207],[123.913236,13.270504],[123.914305,13.268842],[123.91563,13.267934],[123.916306,13.265564],[123.914868,13.264603],[123.915421,13.26375],[123.917418,13.262578],[123.918304,13.260311],[123.919383,13.259663],[123.92181,13.2599],[123.922571,13.25932],[123.925422,13.258535],[123.927297,13.256306],[123.928513,13.256073],[123.929923,13.253041],[123.928807,13.25233],[123.930335,13.249859],[123.933084,13.249613],[123.935065,13.247817],[123.936456,13.247703],[123.941001,13.244411],[123.942134,13.244171],[123.94437,13.242606],[123.944998,13.239434],[123.947012,13.238963],[123.947526,13.237764],[123.949377,13.236633],[123.950834,13.23425],[123.952184,13.233405],[123.954673,13.232881],[123.95751,13.231686],[123.962251,13.231678],[123.965778,13.232958],[123.969328,13.233112],[123.972457,13.232155],[123.97371,13.232259],[123.976068,13.233218],[123.978092,13.233124],[123.978239,13.234148],[123.981255,13.235084],[123.982526,13.236343],[123.983893,13.236663],[123.985637,13.235975],[123.986984,13.23708],[123.990444,13.237395],[123.99255,13.237175],[123.991742,13.235478],[123.989853,13.229208],[123.991347,13.227883],[123.994433,13.225778],[123.99574,13.224424],[124.001363,13.22201],[124.00445,13.22143],[124.011926,13.220351],[124.014312,13.219865],[124.017762,13.218541],[124.021842,13.217526],[124.022366,13.216965],[124.02599,13.218349],[124.032372,13.218913],[124.034978,13.219656],[124.036422,13.219641],[124.03881,13.21864],[124.040982,13.220317],[124.040641,13.221305],[124.043029,13.224106],[124.044199,13.222279],[124.045966,13.222037],[124.046107,13.223049],[124.044727,13.224129],[124.047441,13.22748],[124.04908,13.227885],[124.052163,13.227695],[124.053384,13.229051],[124.056076,13.22999],[124.055938,13.231053],[124.056904,13.232519],[124.058198,13.232459],[124.059541,13.231026],[124.060411,13.232643],[124.059154,13.233414],[124.058793,13.2347],[124.060779,13.236263],[124.060955,13.237454],[124.063154,13.238842],[124.063846,13.239853],[124.065993,13.237584],[124.067719,13.237491],[124.070744,13.237956],[124.072764,13.239453],[124.072639,13.241579],[124.071607,13.242355],[124.06746,13.243474],[124.066622,13.244301],[124.06533,13.242846],[124.063617,13.243995],[124.063746,13.246846],[124.064669,13.248375],[124.06443,13.249651],[124.064939,13.250948],[124.063879,13.251966],[124.068155,13.25253],[124.069231,13.253048],[124.070579,13.252886],[124.071086,13.252082],[124.072645,13.251358],[124.074563,13.251896],[124.076175,13.25298],[124.07805,13.255143],[124.080132,13.256156],[124.082403,13.258037],[124.083263,13.259141],[124.086105,13.260491],[124.090808,13.25883],[124.091245,13.25816],[124.093291,13.258039],[124.094624,13.258543],[124.097827,13.258333],[124.098903,13.258616],[124.097806,13.260202],[124.095448,13.261284],[124.09438,13.262617],[124.091842,13.263606],[124.091209,13.265758],[124.09016,13.265792],[124.089669,13.26787],[124.088907,13.26911],[124.086902,13.268561],[124.08504,13.268584],[124.083711,13.267401],[124.082376,13.267928],[124.080102,13.268174],[124.079868,13.269753],[124.077018,13.270654],[124.075998,13.271796],[124.074513,13.271555],[124.071813,13.269939],[124.068308,13.270515],[124.065188,13.269938],[124.063249,13.270945],[124.062444,13.269765],[124.060938,13.270116],[124.06037,13.271311],[124.060971,13.27241],[124.059898,13.274197],[124.058626,13.274272],[124.056969,13.275483],[124.056576,13.276526],[124.05488,13.277167],[124.053869,13.278367],[124.049609,13.278794],[124.046037,13.278684],[124.045257,13.279171],[124.042193,13.278551],[124.04056,13.27895],[124.038211,13.277728],[124.036657,13.278305],[124.036138,13.276809],[124.03867,13.275032],[124.039593,13.273794],[124.039603,13.272403],[124.040773,13.271949],[124.042038,13.272484],[124.045358,13.270521],[124.046509,13.270414],[124.046544,13.269186],[124.045182,13.267473],[124.043033,13.268573],[124.038805,13.268355],[124.037705,13.267058],[124.037846,13.264022],[124.038604,13.262985],[124.036737,13.260322],[124.03552,13.260147],[124.033458,13.259069],[124.030881,13.258764],[124.029331,13.258222],[124.027917,13.259319],[124.027306,13.26143],[124.02748,13.262279],[124.026197,13.263006],[124.02595,13.26392],[124.026542,13.26645],[124.027823,13.269038],[124.026332,13.271906],[124.026338,13.273225],[124.025316,13.273362],[124.020815,13.275853],[124.019896,13.277847],[124.019523,13.280878],[124.016768,13.28441],[124.015236,13.283681],[124.014584,13.28407],[124.012939,13.283448],[124.011664,13.284771],[124.010632,13.284845],[124.009049,13.286591],[124.005222,13.286878],[124.003686,13.285091],[124.001714,13.286704],[123.999176,13.28561],[124.000314,13.283578],[123.998711,13.281711],[123.997931,13.282577],[123.996551,13.280028],[123.997878,13.278607],[123.997806,13.276213],[123.997335,13.273828],[123.995294,13.271942],[123.996015,13.270197],[123.994111,13.266909],[123.994546,13.266131],[123.992553,13.264158],[123.991736,13.26106],[123.989091,13.259843],[123.987784,13.260765],[123.986758,13.259552],[123.985129,13.260067],[123.982975,13.261381],[123.982858,13.262929],[123.984473,13.264926],[123.984551,13.266242],[123.985343,13.268174],[123.982951,13.26931],[123.981843,13.27033],[123.982448,13.271969],[123.982262,13.273254],[123.9832,13.274961],[123.979823,13.277658],[123.978612,13.277512],[123.975913,13.281254],[123.975989,13.28313],[123.977704,13.28345],[123.97864,13.285229],[123.980027,13.286201],[123.979312,13.288057],[123.980341,13.289177],[123.982169,13.290203],[123.979107,13.291224],[123.977147,13.291574]]],"type":"Polygon"},"id":"fdf1b8851ee43b0fa3c4665e4e194573"},{"type":"Feature","properties":{"Shape_Leng":6.1439204171,"Shape_Area":0.17758777007,"ADM2_EN":"Camarines Norte","ADM1_EN":"Region V","ADM0_EN":"Philippines (the)"},"geometry":{"coordinates":[[[122.914457,14.196395],[122.913181,14.196193],[122.912795,14.195125],[122.91081,14.194286],[122.909895,14.193083],[122.909879,14.191881],[122.910649,14.19005],[122.912047,14.189673],[122.914346,14.190387],[122.915071,14.192286],[122.915228,14.194916],[122.914457,14.196395]]],"type":"Polygon"},"id":"fedd9c9fc3d0f45f4a9e0dff44162517"}]}